ts,x,y,buttons,active_trial_id,dt_ms,vx,vy,speed_px_s,ax,ay,accel_px_s2,jerk_px_s3,heading_rad,dheading_rad,curv,dist_to_target,inside_target,target_trial_id,label,target_cx,target_cy,target_size
4564.5160048,683,356,0,,0.0,0.0,0.0,0.0,0.0,0.0,0.0,0.0,0.0,0.0,0.0,0.0,0,,,0.0,0.0,
4564.5280332,683,356,0,,12.028400000417605,0.0,0.0,0.0,0.0,0.0,0.0,0.0,0.0,0.0,0.0,0.0,0,,,0.0,0.0,
4564.544117,684,356,0,,16.08380000016041,62.17436177955624,0.0,62.17436177955624,3865.651262695144,0.0,3865.651262695144,240344.4001204063,0.0,0.0,0.0,0.0,0,,,0.0,0.0,
4564.5597084,685,357,0,,15.591399999721034,64.13792218902037,64.13792218902037,90.70471942214287,125.93868475565132,4113.673062724833,4115.600395969692,356573.1401034824,0.7853981633974483,0.7853981633974483,0.5553603672697958,0.0,0,,,0.0,0.0,
4564.5708337,687,358,0,,11.125299999548588,179.77043316415293,89.88521658207647,200.98945444981427,10393.653292929124,2314.30113292233,10648.19320389436,936980.4269301728,0.4636476090008061,-0.3217505543966422,0.14389122228582715,0.0,0,,,0.0,0.0,
4564.5907189,691,361,0,,19.885200000317127,201.15462755899907,150.86597066924932,251.44328444874884,1075.3824147861274,3066.6402191680418,3249.727615024105,470128.17281349585,0.6435011087932845,0.1798534997924784,0.03597069995849568,0.0,0,,,0.0,0.0,
4564.606455,695,366,0,,15.73610000014014,254.1925890128035,317.7407362660044,406.9066819209222,3370.464184475956,10604.58217698597,11127.317375148588,500733.46949538676,0.8960553845713439,0.25255427577805944,0.03944235132931201,0.0,0,,,0.0,0.0,
4564.621721,699,369,0,,15.266000000337954,262.0201755477171,196.51513166078783,327.5252194346464,512.7463994982515,-7940.888549884246,7957.425452486573,1229159.9272025537,0.6435011087932844,-0.25255427577805956,0.05051085515561191,0.0,0,,,0.0,0.0,
4564.6299046,703,372,0,,8.183599999938451,488.7824429383259,366.58683220374445,610.9780536729074,27709.353755353917,20782.015316515437,34636.692194192394,4833544.12668356,0.6435011087932844,0.0,0.0,0.0,0,,,0.0,0.0,
4564.638026,703,372,0,,8.121399999254209,0.0,0.0,0.0,-60184.505501909895,-45138.379126432425,75230.63187738736,13528126.19519651,0.6435011087932844,0.0,0.0,0.0,0,,,0.0,0.0,
4564.6528046,706,376,0,,14.778600000681763,202.996224260864,270.6616323478187,338.3270404347734,13735.82235472233,18314.42980629644,22893.03725787055,6591900.651984947,0.9272952180016122,0.2837941092083278,0.056758821841665565,0.0,0,,,0.0,0.0,
4564.6616307,706,376,0,,8.82610000007844,0.0,0.0,0.0,-22999.53821722617,-30666.050956301562,38332.56369537695,6936880.496788316,0.9272952180016122,0.0,0.0,0.0,0,,,0.0,0.0,
4564.6786188,709,381,0,,16.98809999925288,176.5942041859853,294.32367364330884,343.23743650565626,10395.170984027156,17325.28497337859,20204.58064885134,3441636.8127764477,1.0303768265243125,0.10308160852270032,0.017678350015857085,0.0,0,,,0.0,0.0,
4564.6868403,713,391,0,,8.22150000021793,486.5292221485095,1216.3230553712738,1310.0200223783393,37698.11080147281,112144.91050337836,118311.5738624538,12001732.636456057,1.1902899496825317,0.15991312315821915,0.014847560741907025,0.0,0,,,0.0,0.0,
4564.6953946,713,391,0,,8.554300000469084,0.0,0.0,0.0,-56875.39858572065,-142188.49646430163,153141.6974277852,31720632.160893872,1.1902899496825317,0.0,0.0,0.0,0,,,0.0,0.0,
4564.7109658,720,405,0,,15.571199999612872,449.5478832828576,899.0957665657152,1005.2196261616109,28870.47133772825,57740.9426754565,64556.33645361965,13970735.12017625,1.1071487177940904,-0.08314123188844125,0.005311698463875081,0.0,0,,,0.0,0.0,
4564.7279138,723,413,0,,16.94800000041141,177.0120368142067,472.03209817121785,504.1305018356222,-16080.708429433273,-25198.469930618972,29892.341334140336,5566288.136697562,1.2120256565243244,0.10487693873023396,0.012274917223404881,0.0,0,,,0.0,0.0,
4564.7439732,723,416,0,,16.05939999990369,0.0,186.80648094063235,186.80648094063235,-11022.33189379854,-17760.664609655156,20902.942562082153,560101.5089131288,1.5707963267948966,0.3587706702705722,0.11959022342352406,0.0,0,,,0.0,0.0,
4564.7609031,723,419,0,,16.92989999992278,0.0,177.20128293809668,177.20128293809668,0.0,-567.3511363079216,567.3511363079216,1206331.4601871537,1.5707963267948966,0.0,0.0,0.0,0,,,0.0,0.0,
4564.7788537,724,423,0,,17.950599999494443,55.70844428755383,222.83377715021533,229.69180003642123,3103.430764939489,2542.115261517934,4011.686991231407,244737.4342787154,1.3258176636680326,-0.244978663126864,0.05941605318203922,0.0,0,,,0.0,0.0,
4564.7931798,724,425,0,,14.326100000289443,0.0,139.6053357131105,139.6053357131105,-3888.5980334095325,-5809.567253852988,6990.870213534037,760301.5642557718,1.5707963267948966,0.244978663126864,0.122489331563432,0.0,0,,,0.0,0.0,
4564.808776,724,425,0,,15.596199999890814,0.0,0.0,0.0,0.0,-8951.240412029074,8951.240412029074,320535.1569126525,1.5707963267948966,0.0,0.0,0.0,0,,,0.0,0.0,
4564.8240951,724,426,0,,15.31909999994241,0.0,65.27798630492389,65.27798630492389,0.0,4261.21549602583,4261.21549602583,862482.5158204186,1.5707963267948966,0.0,0.0,0.0,0,,,0.0,0.0,
4564.8396076,724,426,0,,15.512500000113505,0.0,0.0,0.0,0.0,-4208.08936692643,4208.08936692643,545966.4698075933,1.5707963267948966,0.0,0.0,0.0,0,,,0.0,0.0,
4564.855492,724,426,0,,15.884399999777088,0.0,0.0,0.0,0.0,0.0,0.0,264919.6297616204,1.5707963267948966,0.0,0.0,0.0,0,,,0.0,0.0,
4564.8712861,724,426,0,,15.794100000675826,0.0,0.0,0.0,0.0,0.0,0.0,0.0,1.5707963267948966,0.0,0.0,0.0,0,,,0.0,0.0,
4564.8865836,724,426,0,,15.297500000087894,0.0,0.0,0.0,0.0,0.0,0.0,0.0,1.5707963267948966,0.0,0.0,0.0,0,,,0.0,0.0,
4564.9020452,724,426,0,,15.461599999980535,0.0,0.0,0.0,0.0,0.0,0.0,0.0,1.5707963267948966,0.0,0.0,0.0,0,,,0.0,0.0,
4564.9178403,724,426,1,1,15.795099999195372,0.0,0.0,0.0,0.0,0.0,0.0,0.0,1.5707963267948966,0.0,0.0,106.7941945987702,0,1,P1_TARGET,618.0,439.0,46
4564.9332246,724,426,1,1,15.384300000732765,0.0,0.0,0.0,0.0,0.0,0.0,0.0,1.5707963267948966,0.0,0.0,106.7941945987702,0,1,P1_TARGET,618.0,439.0,46
4564.9487196,724,426,1,1,15.494999999646097,0.0,0.0,0.0,0.0,0.0,0.0,0.0,1.5707963267948966,0.0,0.0,106.7941945987702,0,1,P1_TARGET,618.0,439.0,46
4564.9643676,724,426,1,1,15.64799999960087,0.0,0.0,0.0,0.0,0.0,0.0,0.0,1.5707963267948966,0.0,0.0,106.7941945987702,0,1,P1_TARGET,618.0,439.0,46
4564.9811786,724,426,0,1,16.811000000416243,0.0,0.0,0.0,0.0,0.0,0.0,0.0,1.5707963267948966,0.0,0.0,106.7941945987702,0,1,P1_TARGET,618.0,439.0,46
4564.9954684,724,426,0,1,14.289800000369723,0.0,0.0,0.0,0.0,0.0,0.0,0.0,1.5707963267948966,0.0,0.0,106.7941945987702,0,1,P1_TARGET,618.0,439.0,46
4565.0117104,724,426,0,1,16.24199999969278,0.0,0.0,0.0,0.0,0.0,0.0,0.0,1.5707963267948966,0.0,0.0,106.7941945987702,0,1,P1_TARGET,618.0,439.0,46
4565.0266105,724,426,0,1,14.900099999977101,0.0,0.0,0.0,0.0,0.0,0.0,0.0,1.5707963267948966,0.0,0.0,106.7941945987702,0,1,P1_TARGET,618.0,439.0,46
4565.041935,724,426,0,1,15.324500000133412,0.0,0.0,0.0,0.0,0.0,0.0,0.0,1.5707963267948966,0.0,0.0,106.7941945987702,0,1,P1_TARGET,618.0,439.0,46
4565.0578402,724,426,0,1,15.905199999906472,0.0,0.0,0.0,0.0,0.0,0.0,0.0,1.5707963267948966,0.0,0.0,106.7941945987702,0,1,P1_TARGET,618.0,439.0,46
4565.0732505,724,426,0,1,15.410299999530253,0.0,0.0,0.0,0.0,0.0,0.0,0.0,1.5707963267948966,0.0,0.0,106.7941945987702,0,1,P1_TARGET,618.0,439.0,46
4565.0887474,724,426,0,1,15.496900000471214,0.0,0.0,0.0,0.0,0.0,0.0,0.0,1.5707963267948966,0.0,0.0,106.7941945987702,0,1,P1_TARGET,618.0,439.0,46
4565.1044056,724,426,0,1,15.658199999961653,0.0,0.0,0.0,0.0,0.0,0.0,0.0,1.5707963267948966,0.0,0.0,106.7941945987702,0,1,P1_TARGET,618.0,439.0,46
4565.1198993,724,426,0,1,15.493699999751698,0.0,0.0,0.0,0.0,0.0,0.0,0.0,1.5707963267948966,0.0,0.0,106.7941945987702,0,1,P1_TARGET,618.0,439.0,46
4565.1352508,724,426,0,1,15.35150000017893,0.0,0.0,0.0,0.0,0.0,0.0,0.0,1.5707963267948966,0.0,0.0,106.7941945987702,0,1,P1_TARGET,618.0,439.0,46
4565.1442452,724,426,0,1,8.99440000011964,0.0,0.0,0.0,0.0,0.0,0.0,0.0,1.5707963267948966,0.0,0.0,106.7941945987702,0,1,P1_TARGET,618.0,439.0,46
4565.161268,724,423,0,1,17.022799999722338,0.0,-176.2342270395548,176.2342270395548,0.0,-10352.83426007645,10352.83426007645,608174.5811643981,-1.5707963267948966,3.141592653589793,1.0471975511965976,107.20074626605917,0,1,P1_TARGET,618.0,439.0,46
4565.1771425,724,419,0,1,15.874499999881664,0.0,-251.97644020471938,251.97644020471938,0.0,-4771.3133116463005,4771.3133116463005,351602.9448783746,-1.5707963267948966,0.0,0.0,107.8702924812944,0,1,P1_TARGET,618.0,439.0,46
4565.1941658,721,412,0,1,17.023299999891606,-176.22905077271164,-411.2011184696605,447.3734884489142,-10352.22611208366,-9353.337970073662,13951.82843422784,665025.7885381896,-1.97568811307998,-0.4048917862850834,0.05316489615129543,106.48004507887852,0,1,P1_TARGET,618.0,439.0,46
4565.2113524,719,404,0,1,17.186600000059116,-116.36972990545662,-465.4789196218265,479.8046880247959,3482.906500823265,-3158.1465299698184,4701.545192618844,882016.7111272486,-1.8157749899217608,0.15991312315821915,0.019392314638345388,106.89246933250256,0,1,P1_TARGET,618.0,439.0,46
4565.2279558,707,392,0,1,16.60340000034921,-722.7435344415969,-722.7435344415969,1022.1137085247725,-36521.062223604,-15494.694750133076,39672.07520839005,2521349.010376272,-2.356194490192345,-0.540419500270584,0.03184452444389794,100.64790112068906,0,1,P1_TARGET,618.0,439.0,46
4565.2433511,687,380,0,1,15.395299999909184,-1299.0977766018186,-779.4586659610911,1514.9953284131382,-37437.02572626851,-3683.9250628327322,37617.84415803034,769470.8392883386,-2.601173153319209,-0.24497866312686423,0.010503373529090127,90.78546139112804,0,1,P1_TARGET,618.0,439.0,46
4565.2592768,680,380,0,1,15.925700000479992,-439.5411190584416,0.0,439.5411190584416,53972.927878678514,48943.44775661972,72859.7146721149,6623075.058580364,3.141592653589793,-0.540419500270584,0.07720278575294058,85.58621384311844,0,1,P1_TARGET,618.0,439.0,46
4565.2753032,676,380,0,1,16.026399999645946,-249.58817950933258,0.0,249.58817950933258,11852.502093627107,0.0,11852.502093627107,4029125.251939487,3.141592653589793,0.0,0.0,82.73451516749222,0,1,P1_TARGET,618.0,439.0,46
4565.2905168,668,387,0,1,15.21359999969718,-525.8452963242912,460.11463428375475,698.7265218584844,-18158.56318165703,30243.639526010484,35276.21222015615,2800574.9953145636,2.4227626539681686,-0.7188299996216245,0.06762183814642354,72.13875518748573,0,1,P1_TARGET,618.0,439.0,46
4565.3056874,655,399,0,1,15.170600000601553,-856.9206227495628,791.0036517688271,1166.190263552701,-21823.48268441219,21811.20176340763,30854.382490027485,606069.3287829414,2.396173177315635,-0.026589476652533417,0.0015029260796249019,54.48853090330111,0,1,P1_TARGET,618.0,439.0,46
4565.3213948,636,416,0,1,15.70739999988291,-1209.6209430040385,1082.292422687824,1623.1265243231837,-22454.404946528703,18544.684092922336,29122.252825098876,211804.024160363,2.4116929954380617,0.015519818122426532,0.0006087373496435678,29.206163733020468,1,1,P1_TARGET,618.0,439.0,46
4565.3365829,624,423,0,1,15.188100000159466,-790.0922432611062,460.88714190231195,914.692686333639,27622.19762435904,-40913.9576891769,49365.34954186898,5118264.352325233,2.6135182051634334,0.20182520972537166,0.014527696485848113,17.08800749063506,1,1,P1_TARGET,618.0,439.0,46
4565.3517651,609,431,0,1,15.182199999799195,-987.9991042272131,526.932855587847,1119.732318124175,-13035.453423662217,4350.207063957043,13742.17404415214,4007532.0076532857,2.651635327336065,0.038117122172631746,0.002242183657213632,12.041594578792296,1,1,P1_TARGET,618.0,439.0,46
4565.3605848,609,431,0,1,8.819699999548902,0.0,0.0,0.0,112021.84930074106,-59744.986293728565,126958.0958741732,15933181.331544137,2.651635327336065,0.0,0.0,12.041594578792296,1,1,P1_TARGET,618.0,439.0,46
4565.3764841,603,434,0,1,15.899300000455696,-377.3751045535358,188.6875522767679,421.9181933988982,-23735.328256132012,11867.664128066006,26536.90372449136,9653720.808640284,2.677945044588987,0.02630971725292186,0.00392202108308882,15.811388300841896,1,1,P1_TARGET,618.0,439.0,46
4565.3980756,599,437,0,1,21.591499999885855,-185.25808767436936,138.94356575577703,231.5726095929617,8897.807789184728,-2303.868954044593,9191.234716330931,1647751.9171135651,2.498091544796509,-0.1798534997924781,0.035970699958495625,19.1049731745428,1,1,P1_TARGET,618.0,439.0,46
4565.4133904,599,437,0,1,15.314799999941897,0.0,0.0,0.0,12096.670389105455,-9072.50279182909,15120.837986381819,488838.43388571497,2.498091544796509,0.0,0.0,19.1049731745428,1,1,P1_TARGET,618.0,439.0,46
4565.4284958,599,437,0,1,15.105399999811198,0.0,0.0,0.0,0.0,0.0,0.0,1001022.017726827,2.498091544796509,0.0,0.0,19.1049731745428,1,1,P1_TARGET,618.0,439.0,46
4565.4436857,599,437,0,1,15.189900000223133,0.0,0.0,0.0,0.0,0.0,0.0,0.0,2.498091544796509,0.0,0.0,19.1049731745428,1,1,P1_TARGET,618.0,439.0,46
4565.4587613,599,437,0,1,15.07560000027297,0.0,0.0,0.0,0.0,0.0,0.0,0.0,2.498091544796509,0.0,0.0,19.1049731745428,1,1,P1_TARGET,618.0,439.0,46
4565.4669965,599,437,1,1,8.235199999944598,0.0,0.0,0.0,0.0,0.0,0.0,0.0,2.498091544796509,0.0,0.0,19.1049731745428,1,1,P1_TARGET,618.0,439.0,46
4565.4900377,599,437,1,1,23.041200000079698,0.0,0.0,0.0,0.0,0.0,0.0,0.0,2.498091544796509,0.0,0.0,19.1049731745428,1,1,P1_TARGET,618.0,439.0,46
4565.5054055,599,437,1,1,15.367799999694398,0.0,0.0,0.0,0.0,0.0,0.0,0.0,2.498091544796509,0.0,0.0,19.1049731745428,1,1,P1_TARGET,618.0,439.0,46
4565.5207067,599,437,1,1,15.301200000067183,0.0,0.0,0.0,0.0,0.0,0.0,0.0,2.498091544796509,0.0,0.0,19.1049731745428,1,1,P1_TARGET,618.0,439.0,46
4565.5364793,599,437,1,1,15.77259999976377,0.0,0.0,0.0,0.0,0.0,0.0,0.0,2.498091544796509,0.0,0.0,19.1049731745428,1,1,P1_TARGET,618.0,439.0,46
4565.5521631,599,437,1,1,15.683800000260817,0.0,0.0,0.0,0.0,0.0,0.0,0.0,2.498091544796509,0.0,0.0,19.1049731745428,1,1,P1_TARGET,618.0,439.0,46
4565.5622417,599,437,0,,10.078600000269944,0.0,0.0,0.0,0.0,0.0,0.0,0.0,2.498091544796509,0.0,0.0,0.0,0,,,0.0,0.0,
4565.5787093,599,437,0,,16.467599999486993,0.0,0.0,0.0,0.0,0.0,0.0,0.0,2.498091544796509,0.0,0.0,0.0,0,,,0.0,0.0,
4565.5937692,599,438,0,,15.05989999986923,0.0,66.40150333061197,66.40150333061197,0.0,4409.159644565273,4409.159644565273,292774.8288238009,1.5707963267948966,-0.9272952180016123,0.9272952180016123,0.0,0,,,0.0,0.0,
4565.6111494,601,438,0,,17.38019999993412,115.07347441384915,0.0,115.07347441384915,6620.952256837398,-3820.525847278148,7644.175988099741,607727.2269125491,0.0,-1.5707963267948966,0.7853981633974483,0.0,0,,,0.0,0.0,
4565.6281973,610,438,0,,17.047899999852234,527.9242604706743,0.0,527.9242604706743,24217.10510153178,0.0,24217.10510153178,1056208.5767027547,0.0,0.0,0.0,0.0,0,,,0.0,0.0,
4565.6438431,616,439,0,,15.645800000129384,383.4894987760538,63.914916462675635,388.77925898630417,-9231.535728018134,4085.1165464308046,10095.020014620974,2153752.2650963864,0.16514867741462685,0.16514867741462685,0.02715027532178379,0.0,0,,,0.0,0.0,
4565.6611214,623,439,0,,17.27830000072572,405.1324493558965,0.0,405.1324493558965,1252.6087971000422,-3699.143808128756,3905.469717177401,755747.0461403445,0.0,-0.16514867741462685,0.02359266820208955,0.0,0,,,0.0,0.0,
4565.6768678,634,439,0,,15.746399999443383,698.5723721224431,0.0,698.5723721224431,18635.365720222995,0.0,18635.365720222995,1128638.782598487,0.0,0.0,0.0,0.0,0,,,0.0,0.0,
4565.6921677,646,439,0,,15.299900000172784,784.3188517483436,0.0,784.3188517483436,5604.381703470753,0.0,5604.381703470753,851703.8684308447,0.0,0.0,0.0,0.0,0,,,0.0,0.0,
4565.7076903,651,439,0,,15.522599999712838,322.11098656748857,0.0,322.11098656748857,-29776.446290531592,0.0,29776.446290531592,2279310.682144542,0.0,0.0,0.0,0.0,0,,,0.0,0.0,
4565.7235007,657,438,0,,15.810400000191294,379.49703991849697,-63.24950665308283,384.7317291292202,3629.639563218772,-4000.500091858369,5401.692729491541,2128015.127173652,-0.16514867741462685,-0.16514867741462685,0.02715027532178379,0.0,0,,,0.0,0.0,
4565.7395724,663,437,0,,16.071699999884004,373.3270282573284,-62.2211713762214,378.4766098385436,-383.90535296285515,63.98422549380933,389.2008493638947,355416.2171333193,-0.16514867741462685,0.0,0.0,0.0,0,,,0.0,0.0,
4565.7548139,667,435,0,,15.24150000022928,262.44136075450757,-131.22068037725379,293.41836137731224,-7275.246366903044,-4527.081258405958,8568.761545249488,543293.4856561151,-0.4636476090008061,-0.29849893158617924,0.06674639022377558,0.0,0,,,0.0,0.0,
4565.7701306,669,435,0,,15.31669999985752,130.57642964989878,0.0,130.57642964989878,-8609.225949834849,8567.163969946167,12145.578205390368,859324.7623741884,0.0,0.4636476090008061,0.23182380450040305,0.0,0,,,0.0,0.0,
4565.7858082,672,433,0,,15.677600000344682,191.3558197641248,-127.57054650941653,229.98107333933245,3876.83000669042,-8137.122168355603,9013.465930679466,1330247.598851575,-0.5880026035475676,-0.5880026035475676,0.1630825797843907,0.0,0,,,0.0,0.0,
4565.7938771,674,432,0,,8.068899999670975,247.8652604545296,-123.9326302272648,277.1217858185093,7003.363617433489,450.85653339365695,7017.8610396398435,1132669.5975662805,-0.4636476090008061,0.12435499454676152,0.05561324422963488,0.0,0,,,0.0,0.0,
4565.8021487,674,432,0,,8.271599999716273,0.0,0.0,0.0,-29965.81803557132,14982.90901778566,33502.80306446334,4802311.678635976,-0.4636476090008061,0.0,0.0,0.0,0,,,0.0,0.0,
4565.8102825,677,430,0,,8.133799999995972,368.83129656513387,-245.88753104342257,443.2800505871518,45345.508441972575,-30230.338961315047,54498.5185998391,10799497.993983703,-0.5880026035475675,-0.12435499454676141,0.03448986993833793,0.0,0,,,0.0,0.0,
4565.8275467,677,430,0,,17.26420000068174,0.0,0.0,0.0,-21363.937891739508,14242.625261159672,25676.257838164944,4643990.247728714,-0.5880026035475675,0.0,0.0,0.0,0,,,0.0,0.0,
4565.8437173,682,428,0,,16.170599999895785,309.2031217167096,-123.68124868668383,333.02195386499017,19121.31409587166,-7648.525638348665,20594.285547050597,2846199.6136032045,-0.3805063771123649,0.2074962264352026,0.038531081938347075,0.0,0,,,0.0,0.0,
4565.8633539,684,428,0,,19.63660000001255,101.85062587203089,0.0,101.85062587203089,-10559.490738954104,6298.506293686523,12295.28471397333,1670062.911637677,0.0,0.3805063771123649,0.19025318855618245,0.0,0,,,0.0,0.0,
4565.8789626,684,428,0,,15.608699999575038,0.0,0.0,0.0,-6525.247193860083,0.0,6525.247193860083,479202.3742516477,0.0,0.0,0.0,0.0,0,,,0.0,0.0,
4565.8945271,684,428,0,,15.564500000436965,0.0,0.0,0.0,0.0,0.0,0.0,419239.1142456802,0.0,0.0,0.0,0.0,0,,,0.0,0.0,
4565.9099783,684,428,0,,15.451199999915843,0.0,0.0,0.0,0.0,0.0,0.0,0.0,0.0,0.0,0.0,0.0,0,,,0.0,0.0,
4565.9180785,684,428,1,2,8.100199999717006,0.0,0.0,0.0,0.0,0.0,0.0,0.0,0.0,0.0,0.0,393.24928480545265,0,2,P1_TARGET,1022.0,629.0,46
4565.9267343,684,428,1,2,8.655800000269664,0.0,0.0,0.0,0.0,0.0,0.0,0.0,0.0,0.0,0.0,393.24928480545265,0,2,P1_TARGET,1022.0,629.0,46
4565.9420203,684,428,1,2,15.285999999832711,0.0,0.0,0.0,0.0,0.0,0.0,0.0,0.0,0.0,0.0,393.24928480545265,0,2,P1_TARGET,1022.0,629.0,46
4565.9576798,684,428,1,2,15.659499999856052,0.0,0.0,0.0,0.0,0.0,0.0,0.0,0.0,0.0,0.0,393.24928480545265,0,2,P1_TARGET,1022.0,629.0,46
4565.9735717,685,428,1,2,15.891900000497117,62.925137961396615,0.0,62.925137961396615,3959.5729874607973,0.0,3959.5729874607973,249156.67650419002,0.0,0.0,0.0,392.3901120058965,0,2,P1_TARGET,1022.0,629.0,46
4565.9895867,685,428,1,2,16.01499999924272,0.0,0.0,0.0,-3929.1375563142105,0.0,3929.1375563142105,492582.61280974286,0.0,0.0,0.0,392.3901120058965,0,2,P1_TARGET,1022.0,629.0,46
4566.0051247,685,428,1,2,15.538000000560714,0.0,0.0,0.0,0.0,0.0,0.0,252872.79934176992,0.0,0.0,0.0,392.3901120058965,0,2,P1_TARGET,1022.0,629.0,46
4566.0154908,685,428,0,2,10.36610000028304,0.0,0.0,0.0,0.0,0.0,0.0,0.0,0.0,0.0,0.0,392.3901120058965,0,2,P1_TARGET,1022.0,629.0,46
4566.0370001,685,428,0,2,21.509299999706855,0.0,0.0,0.0,0.0,0.0,0.0,0.0,0.0,0.0,0.0,392.3901120058965,0,2,P1_TARGET,1022.0,629.0,46
4566.0522039,685,428,0,2,15.203799999653711,0.0,0.0,0.0,0.0,0.0,0.0,0.0,0.0,0.0,0.0,392.3901120058965,0,2,P1_TARGET,1022.0,629.0,46
4566.0673369,685,428,0,2,15.132999999877939,0.0,0.0,0.0,0.0,0.0,0.0,0.0,0.0,0.0,0.0,392.3901120058965,0,2,P1_TARGET,1022.0,629.0,46
4566.0825823,685,428,0,2,15.245399999912479,0.0,0.0,0.0,0.0,0.0,0.0,0.0,0.0,0.0,0.0,392.3901120058965,0,2,P1_TARGET,1022.0,629.0,46
4566.0985175,685,428,0,2,15.935200000058103,0.0,0.0,0.0,0.0,0.0,0.0,0.0,0.0,0.0,0.0,392.3901120058965,0,2,P1_TARGET,1022.0,629.0,46
4566.1139509,685,428,0,2,15.433400000802067,0.0,0.0,0.0,0.0,0.0,0.0,0.0,0.0,0.0,0.0,392.3901120058965,0,2,P1_TARGET,1022.0,629.0,46
4566.1290817,685,428,0,2,15.130799999496958,0.0,0.0,0.0,0.0,0.0,0.0,0.0,0.0,0.0,0.0,392.3901120058965,0,2,P1_TARGET,1022.0,629.0,46
4566.1450749,685,428,0,2,15.993199999684293,0.0,0.0,0.0,0.0,0.0,0.0,0.0,0.0,0.0,0.0,392.3901120058965,0,2,P1_TARGET,1022.0,629.0,46
4566.1602866,685,428,0,2,15.211700000691053,0.0,0.0,0.0,0.0,0.0,0.0,0.0,0.0,0.0,0.0,392.3901120058965,0,2,P1_TARGET,1022.0,629.0,46
4566.1763289,685,428,0,2,16.042299999753595,0.0,0.0,0.0,0.0,0.0,0.0,0.0,0.0,0.0,0.0,392.3901120058965,0,2,P1_TARGET,1022.0,629.0,46
4566.1919128,686,428,0,2,15.5838999999105,64.1687895844906,0.0,64.1687895844906,4117.6335567386295,0.0,4117.6335567386295,264223.56128839875,0.0,0.0,0.0,391.5316079194629,0,2,P1_TARGET,1022.0,629.0,46
4566.2070736,694,433,0,2,15.160799999648589,527.676639767389,329.79789985461815,622.2614329240722,30572.783111289777,21753.330949703348,37522.02652545951,2259134.7232908355,0.5585993153435624,0.5585993153435624,0.05921140900371804,382.099463490856,0,2,P1_TARGET,1022.0,629.0,46
4566.2224533,705,437,0,2,15.379700000266894,715.2285154982939,260.0830965448341,761.048649227001,12194.768150721415,-4532.910479955671,13009.982616019952,2085452.435435514,0.34877100358390695,-0.2098283117596555,0.017926842495764154,370.6116565894818,0,2,P1_TARGET,1022.0,629.0,46
4566.238544,714,441,0,2,16.09069999994972,559.3293020209265,248.59080089818957,612.0838622202191,-9688.777584434143,-714.2197447395365,9715.06669685851,1380563.2485413516,0.4182243295792291,0.06945332599532217,0.007051916820512546,360.84345636300515,0,2,P1_TARGET,1022.0,629.0,46
4566.2541346,741,456,0,2,15.590599999995902,1731.812758970604,962.1181994281133,1981.122626644845,75204.51149731156,45766.51306108239,88035.7442594739,6207904.952361338,0.507098504392337,0.08887417481310783,0.002877407650821323,329.98484813700156,0,2,P1_TARGET,1022.0,629.0,46
4566.2626845,741,456,0,2,8.549900000616617,0.0,0.0,0.0,-202553.56891258448,-112529.76050699137,231712.9588067658,37392098.640153185,0.507098504392337,0.0,0.0,329.98484813700156,0,2,P1_TARGET,1022.0,629.0,46
4566.2772375,790,485,0,2,14.552999999978056,3367.003367008444,1992.716278433569,3912.4966248905994,231361.4627233918,136928.21263221148,268844.67978399637,34392309.05259312,0.5343954767544137,0.027296972362076732,0.000479410978091722,273.0567706540162,0,2,P1_TARGET,1022.0,629.0,46
4566.293451,821,505,0,2,16.213499999139458,1911.9869245779964,1233.5399513406428,2275.371356792271,-89741.04557977448,-46823.71647905881,101222.11066097389,22818121.27126096,0.5729661428887062,0.0385706661342925,0.0010455097249168503,236.17154782064668,0,2,P1_TARGET,1022.0,629.0,46
4566.3015067,865,532,0,2,8.055700000113575,5461.97102664941,3351.66403908032,6408.336705169432,440679.7797859111,262934.8272291439,513160.2007971573,76249704.6187706,0.5503859476767913,-0.0225801952119149,0.00043740030900997365,184.54809671194118,0,2,P1_TARGET,1022.0,629.0,46
4566.3103026,865,532,0,2,8.7959000002229,0.0,0.0,0.0,-620967.8403018448,-381048.4474579502,728559.5226192926,141167643.04507118,0.5503859476767913,0.0,0.0,184.54809671194118,0,2,P1_TARGET,1022.0,629.0,46
4566.3278036,900,553,0,2,17.501000000265776,1999.8857207855824,1199.9314324713494,2332.2474866177504,114272.65417720196,68563.59250632118,133263.6698807115,49243905.91367459,0.5404195002705842,-0.009966447406207113,0.000244175947008821,143.7358688706476,0,2,P1_TARGET,1022.0,629.0,46
4566.3435321,936,570,0,2,15.728499999568157,2288.8387323005004,1080.8405124752362,2531.205040269692,18371.301238061576,-7571.664176455664,19870.450613426583,7785138.2896334855,0.4411794804149806,-0.09924001985560355,0.0024927126015965215,104.29285689825551,0,2,P1_TARGET,1022.0,629.0,46
4566.3606325,959,581,0,2,17.100400000344962,1344.9977778026262,643.259806775169,1490.906503207505,-55194.08636516306,-25588.91638156067,60837.32251889117,4429113.009353097,0.4461055489434036,0.004926068528422978,0.00019321630424403121,79.20227269466452,0,2,P1_TARGET,1022.0,629.0,46
4566.3774008,967,585,0,2,16.768299999966985,477.0907009068153,238.54535045340765,533.4036193303298,-51758.79945477596,-24135.687954208723,57109.58548284738,222444.89045438086,0.4636476090008061,0.017542060057402498,0.001961261937686792,70.43436661176133,0,2,P1_TARGET,1022.0,629.0,46
4566.3932701,968,586,0,2,15.869300000304065,63.014751752178064,63.014751752178064,89.11631655750398,-26092.893142526973,-11061.017102069172,28340.52172913544,1815093.6986546754,0.7853981633974483,0.3217505543966422,0.2275119988643968,69.02897942168927,0,2,P1_TARGET,1022.0,629.0,46
4566.4089981,968,586,0,2,15.72799999939889,0.0,0.0,0.0,-4006.5330464513245,-4006.5330464513245,5666.093372387457,1474162.1039437063,0.7853981633974483,0.0,0.0,69.02897942168927,0,2,P1_TARGET,1022.0,629.0,46
4566.4248634,968,587,0,2,15.865299999859417,0.0,63.03063919427058,63.03063919427058,0.0,3972.8614772383185,3972.8614772383185,562786.4696519396,1.5707963267948966,0.7853981633974483,0.7853981633974483,68.41052550594829,0,2,P1_TARGET,1022.0,629.0,46
4566.4404683,968,587,0,2,15.604900000653288,0.0,0.0,0.0,0.0,-4039.1568796744514,4039.1568796744514,513429.65072364145,1.5707963267948966,0.0,0.0,68.41052550594829,0,2,P1_TARGET,1022.0,629.0,46
4566.455855,968,587,0,2,15.38669999990816,0.0,0.0,0.0,0.0,0.0,0.0,262509.62712593086,1.5707963267948966,0.0,0.0,68.41052550594829,0,2,P1_TARGET,1022.0,629.0,46
4566.4711091,968,587,0,2,15.254099999765458,0.0,0.0,0.0,0.0,0.0,0.0,0.0,1.5707963267948966,0.0,0.0,68.41052550594829,0,2,P1_TARGET,1022.0,629.0,46
4566.4864694,969,587,0,2,15.360299999883864,65.10289512623847,0.0,65.10289512623847,4238.386953818004,0.0,4238.386953818004,275931.26135883084,0.0,-1.5707963267948966,1.5707963267948966,67.62396025078685,0,2,P1_TARGET,1022.0,629.0,46
4566.49479,969,587,0,2,8.32059999993362,0.0,0.0,0.0,-7824.302950118723,0.0,7824.302950118723,1449737.9881298176,0.0,0.0,0.0,67.62396025078685,0,2,P1_TARGET,1022.0,629.0,46
4566.5109195,970,591,0,2,16.12950000071578,61.99820204938919,247.99280819755677,255.62513564801694,3843.777057356886,15375.108229427544,15848.298808808273,1196642.4641511547,1.3258176636680326,1.3258176636680326,0.321558015741937,64.40496875241847,0,2,P1_TARGET,1022.0,629.0,46
4566.5286341,973,597,0,2,17.71459999963554,169.35183408384734,338.7036681676947,378.6822131257485,6060.178160199318,5120.683502421968,7933.924556317214,592235.6840332184,1.1071487177940904,-0.21866894587394214,0.032597241836157115,58.52349955359813,0,2,P1_TARGET,1022.0,629.0,46
4566.5434145,978,601,0,2,14.780399999835936,338.28583800543294,270.62867040434634,433.217249702574,11429.596216845335,-4605.7615331184525,12322.690817353117,751678.0843727575,0.6747409422235526,-0.4324077755705378,0.06753074898073498,52.15361924162119,0,2,P1_TARGET,1022.0,629.0,46
4566.5514768,983,607,0,2,8.062300000347022,620.1704228055005,744.2045073666006,968.7371687447106,34963.29642756217,58739.545407870006,68357.63521220438,8381678.824224905,0.8760580505981934,0.20131710837464079,0.02577601443340169,44.77722635447622,0,2,P1_TARGET,1022.0,629.0,46
4566.5607721,983,607,0,2,9.295299999394047,0.0,0.0,0.0,-66718.70976148472,-80062.45171378167,104217.95625830923,18510611.69758658,0.8760580505981934,0.0,0.0,44.77722635447622,0,2,P1_TARGET,1022.0,629.0,46
4566.5784474,991,617,0,2,17.6753000005192,452.6090080374876,565.7612600468595,724.527927361319,25606.864269584818,32008.580336981024,40990.98331230794,8215026.465256586,0.8960553845713439,0.01999733397315051,0.0015615294371648704,33.24154027718932,0,2,P1_TARGET,1022.0,629.0,46
4566.595527,1003,625,0,2,17.079600000215578,702.5925665617776,468.3950443745184,844.4111748327783,14636.382498485604,-5700.731613803144,15707.387866051768,2299391.29789612,0.5880026035475675,-0.3080527810237764,0.02135961726020204,19.4164878389476,1,2,P1_TARGET,1022.0,629.0,46
4566.6110715,1007,627,0,2,15.544500000032713,257.3257422233962,128.6628711116981,287.69892598605094,-28644.654015082142,-21855.458410505667,36030.227115258436,2971961.459939598,0.4636476090008061,-0.12435499454676141,0.027806622114817416,15.132745950421556,1,2,P1_TARGET,1022.0,629.0,46
4566.6271416,1007,627,0,2,16.070099999524246,0.0,0.0,0.0,-16012.703233397075,-8006.351616698537,17902.74646670327,1166433.5820579901,0.4636476090008061,0.0,0.0,15.132745950421556,1,2,P1_TARGET,1022.0,629.0,46
4566.6429996,1007,627,0,2,15.857999999752792,0.0,0.0,0.0,0.0,0.0,0.0,1128941.0056111964,0.4636476090008061,0.0,0.0,15.132745950421556,1,2,P1_TARGET,1022.0,629.0,46
4566.6586499,1007,627,0,2,15.650299999833805,0.0,0.0,0.0,0.0,0.0,0.0,0.0,0.4636476090008061,0.0,0.0,15.132745950421556,1,2,P1_TARGET,1022.0,629.0,46
4566.6740275,1007,627,1,2,15.377600000647362,0.0,0.0,0.0,0.0,0.0,0.0,0.0,0.4636476090008061,0.0,0.0,15.132745950421556,1,2,P1_TARGET,1022.0,629.0,46
4566.6900041,1007,627,1,2,15.976599999703467,0.0,0.0,0.0,0.0,0.0,0.0,0.0,0.4636476090008061,0.0,0.0,15.132745950421556,1,2,P1_TARGET,1022.0,629.0,46
4566.7053756,1007,627,1,2,15.371499999673688,0.0,0.0,0.0,0.0,0.0,0.0,0.0,0.4636476090008061,0.0,0.0,15.132745950421556,1,2,P1_TARGET,1022.0,629.0,46
4566.7205041,1007,627,1,2,15.128500000173517,0.0,0.0,0.0,0.0,0.0,0.0,0.0,0.4636476090008061,0.0,0.0,15.132745950421556,1,2,P1_TARGET,1022.0,629.0,46
4566.7286182,1007,627,0,,8.114100000057078,0.0,0.0,0.0,0.0,0.0,0.0,0.0,0.4636476090008061,0.0,0.0,0.0,0,,,0.0,0.0,
4566.7366858,1007,627,0,,8.067599999776576,0.0,0.0,0.0,0.0,0.0,0.0,0.0,0.4636476090008061,0.0,0.0,0.0,0,,,0.0,0.0,
4566.7521913,1007,627,0,,15.505500000472239,0.0,0.0,0.0,0.0,0.0,0.0,0.0,0.4636476090008061,0.0,0.0,0.0,0,,,0.0,0.0,
4566.7681829,1007,627,0,,15.99160000023403,0.0,0.0,0.0,0.0,0.0,0.0,0.0,0.4636476090008061,0.0,0.0,0.0,0,,,0.0,0.0,
4566.7839806,1007,627,0,,15.797699999893666,0.0,0.0,0.0,0.0,0.0,0.0,0.0,0.4636476090008061,0.0,0.0,0.0,0,,,0.0,0.0,
4566.7995806,1007,627,0,,15.599999999722058,0.0,0.0,0.0,0.0,0.0,0.0,0.0,0.4636476090008061,0.0,0.0,0.0,0,,,0.0,0.0,
4566.8153349,1007,627,0,,15.754300000480725,0.0,0.0,0.0,0.0,0.0,0.0,0.0,0.4636476090008061,0.0,0.0,0.0,0,,,0.0,0.0,
4566.8268094,1001,624,0,,11.474499999167165,-522.8986012841943,-261.44930064209717,584.6184089055087,-45570.491204161146,-22785.245602080573,50949.35805028029,4440224.676803195,-2.677945044588987,3.141592653589793,0.4683209820693817,0.0,0,,,0.0,0.0,
4566.8434453,998,622,0,,16.635900000437687,-180.3328945185455,-120.22192967903032,216.73316594648492,20591.95515461358,8489.313530338075,22273.23643537234,4399025.118182588,-2.5535900500422257,0.12435499454676124,0.03448986993833788,0.0,0,,,0.0,0.0,
4566.8609582,986,609,0,,17.512899999928777,-685.2091886580065,-742.3099543795071,1010.2156703359285,-28828.822989996763,-35521.70255657297,45748.14080928545,3778751.989151133,-2.316215803069055,0.23737424697317078,0.013417185718595534,0.0,0,,,0.0,0.0,
4566.8768775,942,566,0,,15.919299999950454,-2763.9406255386193,-2701.123793140014,3864.6393786962726,-130579.32427224077,-123046.48060948683,179419.60962441043,8430981.065589631,-2.3676882369073753,-0.05147243383832034,0.0008366460444909121,0.0,0,,,0.0,0.0,
4566.8934792,891,534,0,,16.601700000137498,-3071.9745567970513,-1927.5134474020715,3626.6149185603176,-18554.36077364853,46598.26076435157,50156.377560398185,12245443.614578921,-2.58123277668495,-0.21354453977757482,0.0035467817551949527,0.0,0,,,0.0,0.0,
4566.9093239,807,491,0,,15.844700000343437,-5301.457269508371,-2713.841221295952,5955.7017516685855,-140708.42064936509,-49627.17968007199,149203.60788076415,9814149.206055438,-2.6684666554591248,-0.08723387877417466,0.0009244176342387495,0.0,0,,,0.0,0.0,
4566.9247562,740,457,0,,15.432299999702082,-4341.543386358056,-2203.1712706891626,4868.568847579283,62201.60852036612,33090.981293562705,70456.03696981403,14198968.23617595,-2.6719927339343954,-0.0035260784752706442,4.693102077550051e-05,0.0,0,,,0.0,0.0,
4566.9399107,703,440,0,,15.1544999998805,-2441.5190207721644,-1121.7790095439673,2686.8947271982415,125376.90887860859,71357.83174329226,144261.25408805697,4873876.166131051,-2.7109001422032852,-0.03890740826888983,0.0009555205662855922,0.0,0,,,0.0,0.0,
4566.9550177,664,420,0,,15.107000000170956,-2581.5846958071534,-1323.889587593412,2901.252002457554,-9271.574437903222,-13378.604491107271,16277.25869693838,10531056.471555362,-2.667741317095033,0.04315882510825242,0.000984704519379585,0.0,0,,,0.0,0.0,
4566.9708774,653,415,0,,15.859699999964505,-693.5818458120027,-315.2644753690921,761.8710299451827,119044.04559981437,63596.73336989837,134966.77105159117,9434807.816484952,-2.714965160462917,-0.04722384336788421,0.003908273085369686,0.0,0,,,0.0,0.0,
4566.9863554,650,412,0,,15.478000000257452,-193.82349140393458,-193.82349140393458,274.1078102499493,32288.30303655223,7846.0385038853565,33227.9224927572,6662661.598370375,-2.356194490192345,0.3587706702705722,0.08456305794638817,0.0,0,,,0.0,0.0,
4566.9944277,649,409,0,,8.072300000094401,-123.88043060692809,-371.64129182078426,391.74431824032786,8664.576489499716,-22028.145685216132,23670.954523877936,4718116.489331185,-1.892546881191539,0.4636476090008059,0.14661824761337322,0.0,0,,,0.0,0.0,
4567.0024983,649,409,0,,8.070599999882688,0.0,0.0,0.0,15349.593662023737,46048.780986071215,48539.677130079814,8475747.381579516,-1.892546881191539,0.0,0.0,0.0,0,,,0.0,0.0,
4567.0105671,649,408,0,,8.06879999981902,0.0,-123.93416617370978,123.93416617370978,0.0,-15359.67754517271,15359.67754517271,7844757.4399059145,-1.5707963267948966,0.32175055439664235,0.32175055439664235,0.0,0,,,0.0,0.0,
4567.0186214,649,408,0,,8.054299999457726,0.0,0.0,0.0,0.0,15387.329275300639,15387.329275300639,3817464.8104172256,-1.5707963267948966,0.0,0.0,0.0,0,,,0.0,0.0,
4567.0332607,649,408,0,,14.639300000453659,0.0,0.0,0.0,0.0,0.0,0.0,1051097.3390000751,-1.5707963267948966,0.0,0.0,0.0,0,,,0.0,0.0,
4567.0488602,649,408,0,,15.59949999955279,0.0,0.0,0.0,0.0,0.0,0.0,0.0,-1.5707963267948966,0.0,0.0,0.0,0,,,0.0,0.0,
4567.0606694,649,408,0,,11.809200000243436,0.0,0.0,0.0,0.0,0.0,0.0,0.0,-1.5707963267948966,0.0,0.0,0.0,0,,,0.0,0.0,
4567.0778301,647,407,0,,17.160700000204088,-116.5453623672819,-58.27268118364095,130.30167635779407,-6791.410744660524,-3395.705372330262,7593.0280440916995,442466.10243180045,-2.677945044588987,-1.1071487177940904,0.49513195883786343,0.0,0,,,0.0,0.0,
4567.0935642,647,406,0,,15.734100000372564,0.0,-63.55622501295411,63.55622501295411,7407.183274831242,-335.8021004816324,7414.7911041126135,923126.7220374589,-1.5707963267948966,1.1071487177940904,1.1071487177940904,0.0,0,,,0.0,0.0,
4567.1113193,647,405,0,,17.755099999703816,0.0,-56.32184555517466,56.32184555517466,0.0,407.4536025085822,407.4536025085822,419281.2188079775,-1.5707963267948966,0.0,0.0,0.0,0,,,0.0,0.0,
4567.1272492,647,405,0,,15.929899999719055,0.0,0.0,0.0,0.0,3535.6057198204617,3535.6057198204617,196369.8527528138,-1.5707963267948966,0.0,0.0,0.0,0,,,0.0,0.0,
4567.1432856,647,405,1,,16.03640000030282,0.0,0.0,0.0,0.0,0.0,0.0,220473.77963593436,-1.5707963267948966,0.0,0.0,0.0,0,,,0.0,0.0,
4567.1588897,647,405,1,,15.604100000018661,0.0,0.0,0.0,0.0,0.0,0.0,0.0,-1.5707963267948966,0.0,0.0,0.0,0,,,0.0,0.0,
4567.1743614,647,405,1,,15.471699999579869,0.0,0.0,0.0,0.0,0.0,0.0,0.0,-1.5707963267948966,0.0,0.0,0.0,0,,,0.0,0.0,
4567.1848177,647,405,0,,10.456300000441843,0.0,0.0,0.0,0.0,0.0,0.0,0.0,-1.5707963267948966,0.0,0.0,0.0,0,,,0.0,0.0,
4567.2050803,647,405,0,,20.262600000023667,0.0,0.0,0.0,0.0,0.0,0.0,0.0,-1.5707963267948966,0.0,0.0,0.0,0,,,0.0,0.0,
4567.220333,647,405,0,,15.252700000019104,0.0,0.0,0.0,0.0,0.0,0.0,0.0,-1.5707963267948966,0.0,0.0,0.0,0,,,0.0,0.0,
4567.2362552,648,406,0,,15.922200000204612,62.80539121397479,62.80539121397479,88.82023604495117,3944.517165540421,3944.517165540421,5578.389672520742,350352.9457266619,0.7853981633974483,2.356194490192345,1.666081101809387,0.0,0,,,0.0,0.0,
4567.2523246,664,416,0,,16.06939999965107,995.6812326749863,622.3007704218664,1174.1547453248352,58052.93548491344,34817.44055285453,67693.40798827521,3876718.201728576,0.5585993153435624,-0.22679884805388584,0.012020314906250178,0.0,0,,,0.0,0.0,
4567.2682993,677,420,0,,15.974699999787845,813.7868003889055,250.3959385812017,851.4382435298365,-11386.40677374201,-23280.86485790681,25916.190455953172,5667623.482236437,0.2984989315861793,-0.26010038375738315,0.01912296053506388,0.0,0,,,0.0,0.0,
4567.2763646,690,424,0,,8.065300000453135,1611.8433287378791,495.951793457809,1686.41842311771,98949.39162884657,30445.966655029715,103527.47939208234,15215984.111301735,0.2984989315861793,0.0,0.0,0.0,0,,,0.0,0.0,
4567.2845977,690,424,0,,8.233099999415572,0.0,0.0,0.0,-195775.993107371,-60238.76710996031,204833.95358217694,37453867.072688095,0.2984989315861793,0.0,0.0,0.0,0,,,0.0,0.0,
4567.2937496,690,424,0,,9.151900000688329,0.0,0.0,0.0,0.0,0.0,0.0,22381576.89296988,0.2984989315861793,0.0,0.0,0.0,0,,,0.0,0.0,
4567.3020489,700,428,0,,8.299299999634968,1204.9208969961123,481.9683587984449,1297.7395219768805,145183.4368017916,58073.37472071663,156367.3468887689,18841028.387411766,0.38050637711236485,0.08200744552618555,0.007614200165010593,0.0,0,,,0.0,0.0,
4567.3101466,700,428,0,,8.097699999780161,0.0,0.0,0.0,-148797.91756039663,-59519.167024158654,160260.26180422984,39100930.96824958,0.38050637711236485,0.0,0.0,0.0,0,,,0.0,0.0,
4567.3267824,707,430,0,,16.635800000585732,420.7792832177314,120.22265234792326,437.61706013682493,25293.60074074683,7226.743068784809,26305.741841174866,11207639.211094942,0.27829965900511133,-0.10220671810725351,0.014039172438557028,0.0,0,,,0.0,0.0,
4567.3465605,708,431,0,,19.77809999971214,50.560974007339155,50.560974007339155,71.50401516797257,-18718.598309027693,-3522.162307885894,19047.087703316392,2290703.76823195,0.7853981633974483,0.507098504392337,0.35857279118537766,0.0,0,,,0.0,0.0,
4567.3624004,708,431,0,,15.839900000173657,0.0,0.0,0.0,-3192.000833766933,-3192.000833766933,4514.170870219424,980442.2626836047,0.7853981633974483,0.0,0.0,0.0,0,,,0.0,0.0,
4567.3726703,708,431,1,3,10.269899999912013,0.0,0.0,0.0,0.0,0.0,0.0,439553.53706054576,0.7853981633974483,0.0,0.0,156.5439235486322,0,3,P1_TARGET,853.0,372.0,46
4567.3944436,708,431,1,3,21.773299999949813,0.0,0.0,0.0,0.0,0.0,0.0,0.0,0.7853981633974483,0.0,0.0,156.5439235486322,0,3,P1_TARGET,853.0,372.0,46
4567.4100529,708,431,1,3,15.60929999959626,0.0,0.0,0.0,0.0,0.0,0.0,0.0,0.7853981633974483,0.0,0.0,156.5439235486322,0,3,P1_TARGET,853.0,372.0,46
4567.4252207,708,431,1,3,15.16780000019935,0.0,0.0,0.0,0.0,0.0,0.0,0.0,0.7853981633974483,0.0,0.0,156.5439235486322,0,3,P1_TARGET,853.0,372.0,46
4567.4407528,708,431,1,3,15.532100000200444,0.0,0.0,0.0,0.0,0.0,0.0,0.0,0.7853981633974483,0.0,0.0,156.5439235486322,0,3,P1_TARGET,853.0,372.0,46
4567.4549007,708,431,0,3,14.147899999443325,0.0,0.0,0.0,0.0,0.0,0.0,0.0,0.7853981633974483,0.0,0.0,156.5439235486322,0,3,P1_TARGET,853.0,372.0,46
4567.4713229,708,431,0,3,16.422200000306475,0.0,0.0,0.0,0.0,0.0,0.0,0.0,0.7853981633974483,0.0,0.0,156.5439235486322,0,3,P1_TARGET,853.0,372.0,46
4567.4865952,708,432,0,3,15.272300000106043,0.0,65.47802230135976,65.47802230135976,0.0,4287.371404497366,4287.371404497366,280728.6004378906,1.5707963267948966,0.7853981633974483,0.7853981633974483,156.92354826475216,0,3,P1_TARGET,853.0,372.0,46
4567.5022454,708,432,0,3,15.65019999998185,0.0,0.0,0.0,0.0,-4183.845720913196,4183.845720913196,541284.9117212805,1.5707963267948966,0.0,0.0,156.92354826475216,0,3,P1_TARGET,853.0,372.0,46
4567.5180915,708,432,0,3,15.846100000089791,0.0,0.0,0.0,0.0,0.0,0.0,264029.9960803913,1.5707963267948966,0.0,0.0,156.92354826475216,0,3,P1_TARGET,853.0,372.0,46
4567.5341214,708,432,0,3,16.029899999921327,0.0,0.0,0.0,0.0,0.0,0.0,0.0,1.5707963267948966,0.0,0.0,156.92354826475216,0,3,P1_TARGET,853.0,372.0,46
4567.5501997,708,432,0,3,16.07830000011745,0.0,0.0,0.0,0.0,0.0,0.0,0.0,1.5707963267948966,0.0,0.0,156.92354826475216,0,3,P1_TARGET,853.0,372.0,46
4567.5659035,708,432,0,3,15.703799999755574,0.0,0.0,0.0,0.0,0.0,0.0,0.0,1.5707963267948966,0.0,0.0,156.92354826475216,0,3,P1_TARGET,853.0,372.0,46
4567.5810701,708,432,0,3,15.166600000156905,0.0,0.0,0.0,0.0,0.0,0.0,0.0,1.5707963267948966,0.0,0.0,156.92354826475216,0,3,P1_TARGET,853.0,372.0,46
4567.5965692,708,432,0,3,15.4990999999427,0.0,0.0,0.0,0.0,0.0,0.0,0.0,1.5707963267948966,0.0,0.0,156.92354826475216,0,3,P1_TARGET,853.0,372.0,46
4567.6124173,708,432,0,3,15.848099999857368,0.0,0.0,0.0,0.0,0.0,0.0,0.0,1.5707963267948966,0.0,0.0,156.92354826475216,0,3,P1_TARGET,853.0,372.0,46
4567.6275618,708,432,0,3,15.144500000133121,0.0,0.0,0.0,0.0,0.0,0.0,0.0,1.5707963267948966,0.0,0.0,156.92354826475216,0,3,P1_TARGET,853.0,372.0,46
4567.6429979,708,432,0,3,15.43610000044282,0.0,0.0,0.0,0.0,0.0,0.0,0.0,1.5707963267948966,0.0,0.0,156.92354826475216,0,3,P1_TARGET,853.0,372.0,46
4567.6578693,710,432,0,3,14.87139999971987,134.4863294671432,0.0,134.4863294671432,9043.286406772497,0.0,9043.286406772497,608099.1975834719,0.0,-1.5707963267948966,0.7853981633974483,155.07740002979156,0,3,P1_TARGET,853.0,372.0,46
4567.6729032,712,431,0,3,15.033900000162248,133.032679476278,-66.516339738139,148.73505726894936,-96.69147665273336,-4424.423452159529,4425.479875186026,675442.9503725737,-0.4636476090008061,-0.4636476090008061,0.20734951426620915,152.84632805533798,0,3,P1_TARGET,853.0,372.0,46
4567.6890104,719,429,0,3,16.107200000078592,434.58825866481106,-124.16807390423173,451.9786113815558,18721.787721457593,-3579.2523943212623,19060.859980325513,1169504.861045171,-0.27829965900511133,0.18534794999569476,0.025459498938142047,145.6193668438371,0,3,P1_TARGET,853.0,372.0,46
4567.7046445,726,426,0,3,15.634099999260798,447.73923668973396,-191.8882442956003,487.12577674595866,841.1726946574915,-4331.568199932869,4412.488478501335,1144705.1407119716,-0.4048917862850835,-0.12659212727997216,0.016622360661257114,138.00362314084367,0,3,P1_TARGET,853.0,372.0,46
4567.7127177,731,423,0,3,8.073200000580982,619.333102071072,-371.5998612426432,722.260305012347,21254.752188598,-22260.270640404065,30777.98140851259,3365327.7374341227,-0.5404195002705842,-0.13552771398550068,0.023242811196111973,132.23085872821065,0,3,P1_TARGET,853.0,372.0,46
4567.7207729,731,423,0,3,8.055199999944307,0.0,0.0,0.0,-76886.12350721944,46131.674104331665,89663.85751034619,14850110.099356845,-0.5404195002705842,0.0,0.0,132.23085872821065,0,3,P1_TARGET,853.0,372.0,46
4567.7355671,738,421,0,3,14.794199999414559,473.15839993220357,-135.1881142663439,492.09216379179736,31982.695918057587,-9137.913119445026,33262.505834128955,8252884.80457317,-0.2782996590051114,0.2621198412654728,0.03600492921836619,125.00399993600205,0,3,P1_TARGET,853.0,372.0,46
4567.7436429,741,419,0,3,8.075800000369782,371.48022485235316,-247.6534832349021,446.4636661753505,-12590.477113746585,-13926.220184180955,18773.910689306733,5551106.890292342,-0.5880026035475675,-0.3097029445424561,0.08589614205461583,121.46192819151193,0,3,P1_TARGET,853.0,372.0,46
4567.7517001,741,419,0,3,8.057199999711884,0.0,0.0,0.0,-46105.37467924799,30736.91645283199,55411.76416016923,6930378.992080962,-0.5880026035475675,0.0,0.0,121.46192819151193,0,3,P1_TARGET,853.0,372.0,46
4567.7620443,741,419,0,3,10.344199999963166,0.0,0.0,0.0,0.0,0.0,0.0,5356795.514429974,-0.5880026035475675,0.0,0.0,121.46192819151193,0,3,P1_TARGET,853.0,372.0,46
4567.7761673,752,414,0,3,14.123000000836328,778.871344569044,-354.03242934956546,855.5580239948343,55149.142853708225,-25067.79220623101,60579.057136881005,4289390.153175223,-0.4266274931268761,0.16137511042069141,0.013355499165802157,109.38464243210744,0,3,P1_TARGET,853.0,372.0,46
4567.7933991,762,409,0,3,17.231799999535724,580.3224271561548,-290.1612135780774,648.820197994416,-11522.23896622748,3706.5898961924418,12103.751461980984,4214051.26112311,-0.4636476090008061,-0.037020115873930004,0.0033111798251610606,98.2344135219425,0,3,P1_TARGET,853.0,372.0,46
4567.810284,769,405,0,3,16.884900000150083,414.57159947277034,-236.89805684158304,477.4832985819808,-9816.512249519465,3154.4845830310483,10310.901305392574,106180.88149331715,-0.5191461142465229,-0.05549850524571681,0.006883742368250278,90.24965373894794,0,3,P1_TARGET,853.0,372.0,46
4567.8278087,777,401,0,3,17.524699999739823,456.4985420645586,-228.2492710322793,510.3808858429501,2392.448520796973,493.51976407197543,2442.820435929191,713026.6134197436,-0.4636476090008061,0.05549850524571681,0.006204921518952572,81.34494452638098,0,3,P1_TARGET,853.0,372.0,46
4567.8429762,784,394,0,3,15.167499999733991,461.5131036837163,-461.5131036837163,652.678090442412,330.6122709243867,-15379.187912017669,15382.741150615393,1055286.758188108,-0.7853981633974483,-0.3217505543966422,0.03250171412348526,72.42237223399962,0,3,P1_TARGET,853.0,372.0,46
4567.8576252,791,392,0,3,14.649000000645174,477.8483172702372,-136.5280906486392,496.9697514478726,1115.1077606527056,22184.791659551098,22212.799154891665,2564828.348442115,-0.27829965900511133,0.507098504392337,0.06965533654086817,65.14598989960932,0,3,P1_TARGET,853.0,372.0,46
4567.8723846,797,392,0,3,14.759400000002643,406.5205902678243,0.0,406.5205902678243,-4832.698280580522,9250.246666437304,10436.572045507106,964573.9165049742,0.0,0.27829965900511133,0.04638327650085189,59.464274989274024,0,3,P1_TARGET,853.0,372.0,46
4567.8874989,801,391,0,3,15.114299999368086,264.6500334231315,-66.16250835578288,272.79501040670385,-9386.511902676553,-4377.477511929038,10357.070776360131,950652.0701305034,-0.24497866312686414,-0.24497866312686414,0.059416053182039255,55.362442142665635,0,3,P1_TARGET,853.0,372.0,46
4567.9031589,804,390,0,3,15.66000000002532,191.5708812257439,-63.856960408581294,201.93343934631332,-4666.612528561267,147.2252839845373,4668.934329798322,417520.938354394,-0.3217505543966422,-0.07677189126977804,0.02427740366912949,52.20153254455275,0,3,P1_TARGET,853.0,372.0,46
4567.9112374,809,389,0,3,8.078500000010536,618.9267809610051,-123.78535619220101,631.1839467210665,52900.40226956784,-7418.257818102563,53418.00360681723,7187227.358821588,-0.19739555984988075,0.12435499454676144,0.024388020915640806,47.16990566028302,0,3,P1_TARGET,853.0,372.0,46
4567.9199821,809,389,0,3,8.744700000534067,0.0,0.0,0.0,-70777.36010648796,14155.47202129759,72179.02806071313,14356726.888126228,-0.19739555984988075,0.0,0.0,47.16990566028302,0,3,P1_TARGET,853.0,372.0,46
4567.9352771,818,389,0,3,15.295000000151049,588.4275907101091,0.0,588.4275907101091,38471.89216765597,0.0,38471.89216765597,7202517.193367411,0.0,0.19739555984988075,0.021932839983320084,38.91015291668744,0,3,P1_TARGET,853.0,372.0,46
4567.9433713,832,388,0,3,8.09419999950478,1729.6335648805994,-123.54525463432853,1734.040281742103,140990.58266911015,-15263.429942661074,141814.37407748803,12805305.73969254,-0.07130746478529033,-0.07130746478529033,0.0050804465080686876,26.40075756488817,1,3,P1_TARGET,853.0,372.0,46
4567.9514414,832,388,0,3,8.07009999971342,0.0,0.0,0.0,-214326.162617814,15309.011615558144,214872.21742031458,44191470.84817182,-0.07130746478529033,0.0,0.0,26.40075756488817,1,3,P1_TARGET,853.0,372.0,46
4567.959999,832,388,0,3,8.55760000013106,0.0,0.0,0.0,0.0,0.0,0.0,25108934.44622602,-0.07130746478529033,0.0,0.0,26.40075756488817,1,3,P1_TARGET,853.0,372.0,46
4567.9789333,838,388,0,3,18.934300000182702,316.88522944825553,0.0,316.88522944825553,16736.041440412257,0.0,16736.041440412257,883900.7219834251,0.0,0.07130746478529033,0.011884577464215056,21.93171219946131,1,3,P1_TARGET,853.0,372.0,46
4567.9935255,851,386,0,3,14.592200000151934,890.8869121766865,-137.05952495025946,901.3682952419072,39336.19897770415,-9392.656689795398,40442.03938608798,1677214.8295411856,-0.15264932839526515,-0.15264932839526515,0.011605713527019598,14.142135623730951,1,3,P1_TARGET,853.0,372.0,46
4568.0096027,855,385,0,3,16.07719999992696,248.79954220997263,-62.19988555249316,256.4566980342592,-39937.76092663093,4656.261003041972,40208.276689770944,5007663.614094235,-0.24497866312686414,-0.09232933473159899,0.022393152908317168,13.152946437965905,1,3,P1_TARGET,853.0,372.0,46
4568.0258039,860,384,0,3,16.20120000006864,308.61911463217643,-61.72382292643529,314.7309775554392,3692.2926957231793,29.38440523268959,3692.409618956383,2708114.4008933455,-0.19739555984988078,0.04758310327698337,0.009331814312563039,13.892443989449804,1,3,P1_TARGET,853.0,372.0,46
4568.0424529,861,383,0,3,16.649000000143133,60.06366748702042,-60.06366748702042,84.94285316601218,-14929.15172941433,99.71502428978314,14929.484734777152,1118480.2233775158,-0.7853981633974483,-0.5880026035475675,0.41578062832383006,13.601470508735444,1,3,P1_TARGET,853.0,372.0,46
4568.0540009,862,383,1,3,11.547999999493186,86.59508140317696,0.0,86.59508140317696,2297.4899478109583,5201.2181754118865,5686.047007238628,1555780.1544030136,0.0,0.7853981633974483,0.7853981633974483,14.212670403551895,1,3,P1_TARGET,853.0,372.0,46
4568.0737027,862,383,1,3,19.70179999989341,0.0,0.0,0.0,-4395.287811451008,0.0,4395.287811451008,430224.5842651637,0.0,0.0,0.0,14.212670403551895,1,3,P1_TARGET,853.0,372.0,46
4568.0898183,862,383,1,3,16.115600000375707,0.0,0.0,0.0,0.0,0.0,0.0,272734.97799328226,0.0,0.0,0.0,14.212670403551895,1,3,P1_TARGET,853.0,372.0,46
4568.1054353,862,383,1,3,15.617000000020198,0.0,0.0,0.0,0.0,0.0,0.0,0.0,0.0,0.0,0.0,14.212670403551895,1,3,P1_TARGET,853.0,372.0,46
4568.1214924,862,383,1,3,16.057099999670754,0.0,0.0,0.0,0.0,0.0,0.0,0.0,0.0,0.0,0.0,14.212670403551895,1,3,P1_TARGET,853.0,372.0,46
4568.1374915,862,383,1,3,15.999100000044564,0.0,0.0,0.0,0.0,0.0,0.0,0.0,0.0,0.0,0.0,14.212670403551895,1,3,P1_TARGET,853.0,372.0,46
4568.1456209,862,383,0,,8.129400000143505,0.0,0.0,0.0,0.0,0.0,0.0,0.0,0.0,0.0,0.0,0.0,0,,,0.0,0.0,
4568.1536818,862,383,0,,8.060900000600668,0.0,0.0,0.0,0.0,0.0,0.0,0.0,0.0,0.0,0.0,0.0,0,,,0.0,0.0,
4568.1689321,862,383,0,,15.250299999934214,0.0,0.0,0.0,0.0,0.0,0.0,0.0,0.0,0.0,0.0,0.0,0,,,0.0,0.0,
4568.183942,862,383,0,,15.009899999313348,0.0,0.0,0.0,0.0,0.0,0.0,0.0,0.0,0.0,0.0,0.0,0,,,0.0,0.0,
4568.1993294,862,383,0,,15.387400000690832,0.0,0.0,0.0,0.0,0.0,0.0,0.0,0.0,0.0,0.0,0.0,0,,,0.0,0.0,
4568.2145941,862,383,0,,15.26469999953406,0.0,0.0,0.0,0.0,0.0,0.0,0.0,0.0,0.0,0.0,0.0,0,,,0.0,0.0,
4568.2265419,862,383,0,,11.947799999688868,0.0,0.0,0.0,0.0,0.0,0.0,0.0,0.0,0.0,0.0,0.0,0,,,0.0,0.0,
4568.2423185,861,383,0,,15.776600000208418,-63.385013246630415,0.0,63.385013246630415,-4017.6599042755133,0.0,4017.6599042755133,254659.4262529593,3.141592653589793,3.141592653589793,3.141592653589793,0.0,0,,,0.0,0.0,
4568.2595341,852,386,0,,17.21559999987221,-522.7816631466115,174.26055438220385,551.0602581714002,-26684.90496429931,10122.246937864342,28540.217869259337,1441986.4989283385,2.819842099193151,-0.32175055439664213,0.03391548634384308,0.0,0,,,0.0,0.0,
4568.2759597,841,390,0,,16.4256000007299,-669.6863432392847,243.52230663246718,712.5888801748189,-8943.641637818113,4216.69541734765,9887.833230207441,1138365.7940726716,2.7928216500058864,-0.02702044918726454,0.0023085127678086088,0.0,0,,,0.0,0.0,
4568.2909287,824,394,0,,14.968999999837251,-1135.6804061851046,267.2189191023775,1166.6944483106995,-31130.60745212682,1583.0457926493411,31170.831787426505,1492600.0080135062,2.9105019863938963,0.1176803363880099,0.006738356459727017,0.0,0,,,0.0,0.0,
4568.3062978,800,401,0,,15.369099999588798,-1561.5748482762247,455.4593307472322,1626.6404669544006,-27711.085366255335,12247.978843906998,30297.149006741278,728717.292375635,2.8577985443814655,-0.05270344201243082,0.0021081376804972327,0.0,0,,,0.0,0.0,
4568.3221071,733,417,0,,15.809300000000803,-4238.011803178926,1012.0625201621316,4357.179659894783,-169295.0956021181,35207.326663095206,172917.27862099902,9072728.170792094,2.9071769778659826,0.04937843348451709,0.0007168349961269057,0.0,0,,,0.0,0.0,
4568.3375498,695,427,0,,15.442699999766774,-2460.7095909765717,647.5551555201504,2544.48803702529,115090.1210429003,-23603.86231989783,117485.65137107651,18805174.24033223,2.8842689386187046,-0.022908039247278023,0.0005829942488067352,0.0,0,,,0.0,0.0,
4568.3532513,680,431,0,,15.701500000432134,-955.3227398393258,254.75273062382018,988.706473638364,95875.35274310193,-25016.872584499542,99085.45391490775,1227058.117086369,2.8809902618424523,-0.003278676776252265,0.00021119813712494107,0.0,0,,,0.0,0.0,
4568.3687938,663,436,0,,15.542500000265136,-1093.775132682001,321.69856843588263,1140.102631260548,-8907.98731480221,4307.276037376255,9894.688719855354,7000756.334630128,2.8555412118724752,-0.0254490499699771,0.0014361729758211419,0.0,0,,,0.0,0.0,
4568.3776984,663,436,0,,8.904599999368656,0.0,0.0,0.0,122832.59582233346,-36127.23406539219,128035.24373260811,15475836.650961725,2.8555412118724752,0.0,0.0,0.0,0,,,0.0,0.0,
4568.3923302,657,438,0,,14.631800000643125,-410.0657471901117,136.6885823967039,432.24725051318154,-28025.65283643077,9341.884278810256,29541.631958759866,10768434.596129032,2.819842099193151,-0.03569911267932424,0.005644525325683039,0.0,0,,,0.0,0.0,
4568.4005048,656,439,0,,8.174599999620114,-122.33014459991578,122.33014459991578,173.00094958026273,35198.73787140257,-1756.4697719099875,35242.535859375144,7852506.281849785,2.356194490192345,-0.46364760900080615,0.32784836840539894,0.0,0,,,0.0,0.0,
4568.4088078,656,439,0,,8.303000000523753,0.0,0.0,0.0,14733.246367842852,-14733.246367842852,20835.956831187505,2918570.6832044786,2.356194490192345,0.0,0.0,0.0,0,,,0.0,0.0,
4568.417731,655,440,0,,8.92319999911706,-112.0674197708164,112.0674197708164,158.48726494004728,-12559.10657408837,12559.10657408837,17761.25884836487,4325490.371545132,2.356194490192345,0.0,0.0,0.0,0,,,0.0,0.0,
4568.4308185,655,440,0,,13.087500000438013,0.0,0.0,0.0,8562.935607798718,-8562.935607798718,12109.819670276449,2282412.8762285844,2.356194490192345,0.0,0.0,0.0,0,,,0.0,0.0,
4568.4436869,655,440,0,,12.868400000115798,0.0,0.0,0.0,0.0,0.0,0.0,941050.9208734167,2.356194490192345,0.0,0.0,0.0,0,,,0.0,0.0,
4568.4620097,655,441,0,,18.322799999623385,0.0,54.57681140549231,54.57681140549231,0.0,2978.6283431906754,2978.6283431906754,162564.0373333715,1.5707963267948966,-0.7853981633974483,0.7853981633974483,0.0,0,,,0.0,0.0,
4568.4761189,655,441,0,,14.10920000034821,0.0,0.0,0.0,0.0,-3868.1719306654786,3868.1719306654786,485272.0404904018,1.5707963267948966,0.0,0.0,0.0,0,,,0.0,0.0,
4568.4926473,654,441,0,,16.528399999515386,-60.501923962955885,0.0,60.501923962955885,-3660.4828032192954,0.0,3660.4828032192954,322208.3253014782,3.141592653589793,1.5707963267948966,1.5707963267948966,0.0,0,,,0.0,0.0,
4568.5088252,654,442,0,,16.17790000000241,0.0,61.81271982147566,61.81271982147566,3739.7884745824163,3820.81233172825,5346.4590813833165,514802.44848017546,1.5707963267948966,-1.5707963267948966,1.5707963267948966,0.0,0,,,0.0,0.0,
4568.5242366,654,442,0,,15.411400000630238,0.0,0.0,0.0,0.0,-4010.843908986067,4010.843908986067,563138.908367151,1.5707963267948966,0.0,0.0,0.0,0,,,0.0,0.0,
4568.5397052,654,442,0,,15.468599999621802,0.0,0.0,0.0,0.0,0.0,0.0,259289.39329248478,1.5707963267948966,0.0,0.0,0.0,0,,,0.0,0.0,
4568.5554892,654,442,0,,15.784000000166998,0.0,0.0,0.0,0.0,0.0,0.0,0.0,1.5707963267948966,0.0,0.0,0.0,0,,,0.0,0.0,
4568.5712707,654,442,0,,15.781500000230153,0.0,0.0,0.0,0.0,0.0,0.0,0.0,1.5707963267948966,0.0,0.0,0.0,0,,,0.0,0.0,
4568.5863569,654,442,0,,15.086200000041572,0.0,0.0,0.0,0.0,0.0,0.0,0.0,1.5707963267948966,0.0,0.0,0.0,0,,,0.0,0.0,
4568.6022337,654,442,0,,15.8768000001146,0.0,0.0,0.0,0.0,0.0,0.0,0.0,1.5707963267948966,0.0,0.0,0.0,0,,,0.0,0.0,
4568.6103711,655,442,0,,8.137399999213812,122.88937499651168,0.0,122.88937499651168,15101.79848703327,0.0,15101.79848703327,1855850.5773947842,0.0,-1.5707963267948966,1.5707963267948966,0.0,0,,,0.0,0.0,
4568.6184371,655,442,0,,8.066000000326312,0.0,0.0,0.0,-15235.479170783556,0.0,15235.479170783556,3761130.3814269183,0.0,0.0,0.0,0.0,0,,,0.0,0.0,
4568.6264806,660,441,0,,8.043499999985215,621.6199415688681,-124.32398831377361,633.930442419613,77282.27035121659,-15456.454070243319,78812.7609151213,11661587.419229487,-0.19739555984988075,-0.19739555984988075,0.038712454291196706,0.0,0,,,0.0,0.0,
4568.6426813,660,441,0,,16.20069999989937,0.0,0.0,0.0,-38369.943371133915,7673.988674226783,39129.81799697239,7280091.533873617,-0.19739555984988075,0.0,0.0,0.0,0,,,0.0,0.0,
4568.6612022,671,437,0,,18.520900000112306,593.9236214186838,-215.97222597043043,631.972523508504,32067.751643553085,-11661.000597655666,34122.12816357044,3943826.22381411,-0.34877100358390695,-0.1513754437340262,0.012932876954443796,0.0,0,,,0.0,0.0,
4568.6763502,694,432,0,,15.148000000408501,1518.352257682846,-330.07657775714046,1553.8159883314565,61026.448127755,-7532.634788990819,61489.57601052301,1931046.161131788,-0.21406068356382155,0.1347103200200854,0.005723293073917563,0.0,0,,,0.0,0.0,
4568.6929241,710,429,0,,16.573899999457353,965.3732676391107,-181.00748768233325,982.1961395104769,-33364.445909643495,8994.207161844097,34555.491796929964,5781790.001785462,-0.18534794999569476,0.028712733568126786,0.0017638092021854555,0.0,0,,,0.0,0.0,
4568.7112344,716,428,0,,18.31029999993916,327.68441806086935,-54.61406967681155,332.20441665720557,-34826.78326299188,6902.85893764393,35504.28557175065,139369.3696133641,-0.16514867741462683,0.020199272581067934,0.003320739956632439,0.0,0,,,0.0,0.0,
4568.7262401,716,428,0,,15.005700000074285,0.0,0.0,0.0,-21837.32968533605,3639.554947556008,22138.54846195519,892533.9951160094,-0.16514867741462683,0.0,0.0,0.0,0,,,0.0,0.0,
4568.7422063,716,428,0,,15.96620000054827,0.0,0.0,0.0,0.0,0.0,0.0,1386588.4469188014,-0.16514867741462683,0.0,0.0,0.0,0,,,0.0,0.0,
4568.7576957,716,428,0,,15.489399999751186,0.0,0.0,0.0,0.0,0.0,0.0,0.0,-0.16514867741462683,0.0,0.0,0.0,0,,,0.0,0.0,
4568.7676189,716,428,1,4,9.923200000230281,0.0,0.0,0.0,0.0,0.0,0.0,0.0,-0.16514867741462683,0.0,0.0,215.1278689523977,0,4,P1_TARGET,874.0,574.0,46
4568.7884399,716,428,1,4,20.821000000069034,0.0,0.0,0.0,0.0,0.0,0.0,0.0,-0.16514867741462683,0.0,0.0,215.1278689523977,0,4,P1_TARGET,874.0,574.0,46
4568.8036582,716,428,1,4,15.218300000015006,0.0,0.0,0.0,0.0,0.0,0.0,0.0,-0.16514867741462683,0.0,0.0,215.1278689523977,0,4,P1_TARGET,874.0,574.0,46
4568.8193298,716,428,1,4,15.671599999222963,0.0,0.0,0.0,0.0,0.0,0.0,0.0,-0.16514867741462683,0.0,0.0,215.1278689523977,0,4,P1_TARGET,874.0,574.0,46
4568.8346489,716,428,1,4,15.31909999994241,0.0,0.0,0.0,0.0,0.0,0.0,0.0,-0.16514867741462683,0.0,0.0,215.1278689523977,0,4,P1_TARGET,874.0,574.0,46
4568.8500462,716,428,1,4,15.397300000586256,0.0,0.0,0.0,0.0,0.0,0.0,0.0,-0.16514867741462683,0.0,0.0,215.1278689523977,0,4,P1_TARGET,874.0,574.0,46
4568.8654225,716,428,1,4,15.376299999843468,0.0,0.0,0.0,0.0,0.0,0.0,0.0,-0.16514867741462683,0.0,0.0,215.1278689523977,0,4,P1_TARGET,874.0,574.0,46
4568.8734652,716,428,0,4,8.042700000260083,0.0,0.0,0.0,0.0,0.0,0.0,0.0,-0.16514867741462683,0.0,0.0,215.1278689523977,0,4,P1_TARGET,874.0,574.0,46
4568.8815785,716,428,0,4,8.113299999422452,0.0,0.0,0.0,0.0,0.0,0.0,0.0,-0.16514867741462683,0.0,0.0,215.1278689523977,0,4,P1_TARGET,874.0,574.0,46
4568.8972183,716,428,0,4,15.639799999917159,0.0,0.0,0.0,0.0,0.0,0.0,0.0,-0.16514867741462683,0.0,0.0,215.1278689523977,0,4,P1_TARGET,874.0,574.0,46
4568.9130593,716,428,0,4,15.841000000364147,0.0,0.0,0.0,0.0,0.0,0.0,0.0,-0.16514867741462683,0.0,0.0,215.1278689523977,0,4,P1_TARGET,874.0,574.0,46
4568.9279689,716,428,0,4,14.909600000464707,0.0,0.0,0.0,0.0,0.0,0.0,0.0,-0.16514867741462683,0.0,0.0,215.1278689523977,0,4,P1_TARGET,874.0,574.0,46
4568.9435219,716,428,0,4,15.552999999272288,0.0,0.0,0.0,0.0,0.0,0.0,0.0,-0.16514867741462683,0.0,0.0,215.1278689523977,0,4,P1_TARGET,874.0,574.0,46
4568.9597334,716,428,0,4,16.211500000281376,0.0,0.0,0.0,0.0,0.0,0.0,0.0,-0.16514867741462683,0.0,0.0,215.1278689523977,0,4,P1_TARGET,874.0,574.0,46
4568.975079,716,428,0,4,15.34559999981866,0.0,0.0,0.0,0.0,0.0,0.0,0.0,-0.16514867741462683,0.0,0.0,215.1278689523977,0,4,P1_TARGET,874.0,574.0,46
4568.9902088,716,428,0,4,15.129800000067917,0.0,0.0,0.0,0.0,0.0,0.0,0.0,-0.16514867741462683,0.0,0.0,215.1278689523977,0,4,P1_TARGET,874.0,574.0,46
4569.0055639,716,428,0,4,15.355100000306265,0.0,0.0,0.0,0.0,0.0,0.0,0.0,-0.16514867741462683,0.0,0.0,215.1278689523977,0,4,P1_TARGET,874.0,574.0,46
4569.0211229,716,428,0,4,15.558999999484513,0.0,0.0,0.0,0.0,0.0,0.0,0.0,-0.16514867741462683,0.0,0.0,215.1278689523977,0,4,P1_TARGET,874.0,574.0,46
4569.0362265,716,428,0,4,15.103600000657025,0.0,0.0,0.0,0.0,0.0,0.0,0.0,-0.16514867741462683,0.0,0.0,215.1278689523977,0,4,P1_TARGET,874.0,574.0,46
4569.0442788,716,427,0,4,8.052299999690149,0.0,-124.18812016920381,124.18812016920381,0.0,-15422.689191160605,15422.689191160605,1915314.778604134,-1.5707963267948966,-1.4056476493802696,1.4056476493802696,215.8077848456816,0,4,P1_TARGET,874.0,574.0,46
4569.0524557,716,427,0,4,8.176899999853049,0.0,0.0,0.0,0.0,15187.677502652063,15187.677502652063,3743517.3102719593,-1.5707963267948966,0.0,0.0,215.8077848456816,0,4,P1_TARGET,874.0,574.0,46
4569.0677274,716,427,0,4,15.27170000008482,0.0,0.0,0.0,0.0,0.0,0.0,994498.1568893908,-1.5707963267948966,0.0,0.0,215.8077848456816,0,4,P1_TARGET,874.0,574.0,46
4569.0811464,716,427,0,4,13.418999999885273,0.0,0.0,0.0,0.0,0.0,0.0,0.0,-1.5707963267948966,0.0,0.0,215.8077848456816,0,4,P1_TARGET,874.0,574.0,46
4569.0925385,718,427,0,4,11.39210000019375,175.56025666610944,0.0,175.56025666610944,15410.70186033511,0.0,15410.70186033511,1352753.387002661,0.0,1.5707963267948966,0.7853981633974483,214.34784813475503,0,4,P1_TARGET,874.0,574.0,46
4569.1090402,723,429,0,4,16.501699999935227,302.9990849439528,121.19963397758113,326.34000176682656,7722.769670903217,7344.675638149819,10657.646626692687,644323.2946885747,0.3805063771123649,0.3805063771123649,0.07065826037640544,209.34660255184463,0,4,P1_TARGET,874.0,574.0,46
4569.1260124,739,444,0,4,16.972200000054727,942.7180919355421,883.7982111895708,1292.2138673472261,37692.16760287568,44932.21722637788,58648.134185851806,2832439.9632722824,0.7531512809621944,0.3726449038498295,0.016991145080728465,187.41664813991312,0,4,P1_TARGET,874.0,574.0,46
4569.1433076,768,473,0,4,17.295200000262412,1676.7658078287616,1676.7658078287616,2371.304946354913,42442.2797008466,45848.998371060145,62477.818126390834,279717.6972703839,0.7853981633974483,0.032246882435253865,0.0007862754911066683,146.4137971640651,0,4,P1_TARGET,874.0,574.0,46
4569.1587088,785,490,0,4,15.40119999935996,1103.8100927659198,1103.8100927659198,1561.0232034738679,-37202.01770554584,-37202.01770554584,52611.59798682694,7471377.366895658,0.7853981633974483,0.0,0.0,122.38055401083949,0,4,P1_TARGET,874.0,574.0,46
4569.1748119,806,513,0,4,16.103100000691484,1304.0967266612167,1428.296414914666,1934.0886539521885,12437.768745564299,20150.550026691286,23680.007553764088,4710356.245318172,0.8308214428190254,0.04542327942157709,0.0014584536060642883,91.35097153287424,0,4,P1_TARGET,874.0,574.0,46
4569.1907881,820,532,0,4,15.976199999386154,876.3035014920893,1189.269037739264,1477.25037514044,-26776.90722359287,-14961.46625509108,30673.24946860259,3294707.8744339175,0.9357695914045828,0.10494814858555745,0.004446795770433244,68.41052550594829,0,4,P1_TARGET,874.0,574.0,46
4569.2059975,827,541,0,4,15.209400000458118,460.2416926235851,591.7393190874666,749.6518107649185,-27355.5701642387,-39286.86987217111,47872.595118329366,1599818.8871166315,0.9097531579442097,-0.02601643346037308,0.0022817921600187933,57.42821606144492,0,4,P1_TARGET,874.0,574.0,46
4569.2213488,831,550,0,4,15.351299999565526,260.5642518948368,586.2695667633828,641.5650662859073,-13007.20074094048,-356.3054805937313,13012.079953282784,2702737.595927344,1.1525719972156676,0.24281883927145786,0.024654517727647138,49.24428900898052,0,4,P1_TARGET,874.0,574.0,46
4569.2373722,834,554,0,4,16.023400000449328,187.22618170400003,249.6349089386667,312.04363617333337,-4576.9356184567705,-21008.940537918057,21501.719051770604,1392149.3183677539,0.9272952180016123,-0.2252767792140553,0.04505535584281106,44.721359549995796,0,4,P1_TARGET,874.0,574.0,46
4569.2525146,835,555,0,4,15.142399999604095,66.0397295029946,66.0397295029946,93.39428111858558,-8003.120522781983,-12124.575987985543,14527.741771886289,628837.9071547366,0.7853981633974483,-0.14189705460416402,0.10033636954100218,43.382023926967726,0,4,P1_TARGET,874.0,574.0,46
4569.2685136,835,555,0,4,15.99900000019261,0.0,0.0,0.0,-4127.741077704829,-4127.741077704829,5837.507414054705,555434.1149222939,0.7853981633974483,0.0,0.0,43.382023926967726,0,4,P1_TARGET,874.0,574.0,46
4569.2776221,835,555,0,4,9.108500000365893,0.0,0.0,0.0,0.0,0.0,0.0,640885.7016874577,0.7853981633974483,0.0,0.0,43.382023926967726,0,4,P1_TARGET,874.0,574.0,46
4569.2859968,836,556,0,4,8.374699999876611,119.4072623514554,119.4072623514554,168.8673698632705,14258.094302269297,14258.094302269297,20163.990335863793,2407726.884086699,0.7853981633974483,0.0,0.0,42.04759208325728,0,4,P1_TARGET,874.0,574.0,46
4569.298869,837,557,0,4,12.872199999947043,77.68679790588354,77.68679790588354,109.86572321583826,-3241.129289922741,-3241.129289922741,4583.648999213419,1922564.855671837,0.7853981633974483,0.0,0.0,40.718546143004666,0,4,P1_TARGET,874.0,574.0,46
4569.3090713,837,557,0,4,10.202299999946263,0.0,0.0,0.0,-7614.63571021169,-7614.63571021169,10768.721093911856,606242.9152966503,0.7853981633974483,0.0,0.0,40.718546143004666,0,4,P1_TARGET,874.0,574.0,46
4569.3266439,841,562,0,4,17.57259999976668,227.62710128570103,284.5338766071263,364.38115233476356,12953.524309932698,16191.905387415873,20735.75636727642,1790349.5613453786,0.8960553845713439,0.11065722117389565,0.017281754510866797,35.11409973215888,0,4,P1_TARGET,874.0,574.0,46
4569.3437983,843,564,0,4,17.154400000436,116.58816396663059,116.58816396663059,164.88056269378717,-6472.9129154181,-9790.241141411367,11736.584819169935,1891154.180390582,0.7853981633974483,-0.11065722117389565,0.03912323573966061,32.57299494980466,0,4,P1_TARGET,874.0,574.0,46
4569.3590452,853,572,0,4,15.246899999510788,655.8710295417993,524.6968236334394,839.9247371778262,35370.000825903764,26766.66467805937,44356.412122849884,3644210.1957836407,0.6747409422235526,-0.11065722117389565,0.008640877255433398,21.095023109728988,1,4,P1_TARGET,874.0,574.0,46
4569.3756739,858,575,0,4,16.628700000183017,300.6849603363444,180.41097620180662,350.65590784493827,-21359.821826212858,-20704.31527586904,29747.447949196303,4448416.965743733,0.5404195002705842,-0.13432144195296847,0.02303593724923572,16.0312195418814,1,4,P1_TARGET,874.0,574.0,46
4569.3923672,864,581,0,4,16.693300000042655,359.4256378298281,359.4256378298281,508.30461168354304,3518.817579108601,10723.74315609041,11286.307829969888,2401159.911041541,0.7853981633974483,0.24497866312686412,0.028871012323836744,12.206555615733702,1,4,P1_TARGET,874.0,574.0,46
4569.4078672,869,584,0,4,15.499999999519787,322.58064517128435,193.54838710277062,376.190444840384,-2377.0963006248544,-10701.758111754618,10962.582428650201,1433672.5144226162,0.5404195002705842,-0.24497866312686412,0.042013494116360496,11.180339887498949,1,4,P1_TARGET,874.0,574.0,46
4569.4239344,871,585,0,4,16.067200000179582,124.47719577634224,62.23859788817112,139.1697357022255,-12329.68092715146,-8172.537169707968,14792.27486073798,639123.7322115756,0.4636476090008061,-0.07677189126977807,0.03433343352808928,11.40175425099138,1,4,P1_TARGET,874.0,574.0,46
4569.4397969,871,585,0,4,15.862500000366708,0.0,0.0,0.0,-7847.262144899265,-3923.6310724496325,8773.50579662778,389357.7065200441,0.4636476090008061,0.0,0.0,11.40175425099138,1,4,P1_TARGET,874.0,574.0,46
4569.4559094,871,585,0,4,16.112499999508145,0.0,0.0,0.0,0.0,0.0,0.0,544515.4877825045,0.4636476090008061,0.0,0.0,11.40175425099138,1,4,P1_TARGET,874.0,574.0,46
4569.4711657,871,585,0,4,15.256300000146439,0.0,0.0,0.0,0.0,0.0,0.0,0.0,0.4636476090008061,0.0,0.0,11.40175425099138,1,4,P1_TARGET,874.0,574.0,46
4569.4864255,871,585,0,4,15.25980000042182,0.0,0.0,0.0,0.0,0.0,0.0,0.0,0.4636476090008061,0.0,0.0,11.40175425099138,1,4,P1_TARGET,874.0,574.0,46
4569.4945184,871,585,1,4,8.092899999610381,0.0,0.0,0.0,0.0,0.0,0.0,0.0,0.4636476090008061,0.0,0.0,11.40175425099138,1,4,P1_TARGET,874.0,574.0,46
4569.5025815,871,585,1,4,8.063100000072154,0.0,0.0,0.0,0.0,0.0,0.0,0.0,0.4636476090008061,0.0,0.0,11.40175425099138,1,4,P1_TARGET,874.0,574.0,46
4569.5174296,871,585,1,4,14.848099999653641,0.0,0.0,0.0,0.0,0.0,0.0,0.0,0.4636476090008061,0.0,0.0,11.40175425099138,1,4,P1_TARGET,874.0,574.0,46
4569.5331955,871,585,1,4,15.765900000587862,0.0,0.0,0.0,0.0,0.0,0.0,0.0,0.4636476090008061,0.0,0.0,11.40175425099138,1,4,P1_TARGET,874.0,574.0,46
4569.5485881,871,585,1,4,15.39260000026843,0.0,0.0,0.0,0.0,0.0,0.0,0.0,0.4636476090008061,0.0,0.0,11.40175425099138,1,4,P1_TARGET,874.0,574.0,46
4569.5646398,871,585,1,4,16.05169999947975,0.0,0.0,0.0,0.0,0.0,0.0,0.0,0.4636476090008061,0.0,0.0,11.40175425099138,1,4,P1_TARGET,874.0,574.0,46
4569.5774726,871,585,0,,12.832800000069255,0.0,0.0,0.0,0.0,0.0,0.0,0.0,0.4636476090008061,0.0,0.0,0.0,0,,,0.0,0.0,
4569.595805,871,585,0,,18.332399999962945,0.0,0.0,0.0,0.0,0.0,0.0,0.0,0.4636476090008061,0.0,0.0,0.0,0,,,0.0,0.0,
4569.611901,871,585,0,,16.096000000288768,0.0,0.0,0.0,0.0,0.0,0.0,0.0,0.4636476090008061,0.0,0.0,0.0,0,,,0.0,0.0,
4569.6254634,871,585,0,,13.562399999500485,0.0,0.0,0.0,0.0,0.0,0.0,0.0,0.4636476090008061,0.0,0.0,0.0,0,,,0.0,0.0,
4569.6436901,871,583,0,,18.226700000013807,0.0,-109.72913363354228,109.72913363354228,0.0,-6020.241383983889,6020.241383983889,330297.93566467485,-1.5707963267948966,-2.0344439357957027,1.0172219678978514,0.0,0,,,0.0,0.0,
4569.6589157,870,581,0,,15.22560000012163,-65.67885666193854,-131.35771332387708,146.8623881805595,-4313.712212419468,-1420.5403852828147,4541.590914844303,414169.44492564327,-2.0344439357957027,-0.46364760900080615,0.20734951426620918,0.0,0,,,0.0,0.0,
4569.6749049,865,574,0,,15.98920000014914,-312.711079976069,-437.7955119664966,538.0084849124652,-15449.942668290238,-19165.298991804542,24617.258456187184,1310243.8816547787,-2.191045812777718,-0.15660187698201522,0.018204598422009333,0.0,0,,,0.0,0.0,
4569.6908275,850,559,0,,15.92259999961243,-942.0572017362185,-942.0572017362185,1332.2700712266071,-39525.3364259272,-31669.557093816093,50647.93249582064,1703802.8195679574,-2.356194490192345,-0.1651486774146269,0.007785183313591487,0.0,0,,,0.0,0.0,
4569.7059977,830,544,0,,15.17020000028424,-1318.374180935338,-988.7806357015036,1647.9677261691725,-24806.329461184992,-3079.948449223451,24996.801071071644,2119688.7242771173,-2.498091544796509,-0.14189705460416402,0.005675882184166561,0.0,0,,,0.0,0.0,
4569.7216375,789,516,0,,15.639799999917159,-2621.51689920697,-1790.3042238486623,3174.5141465676425,-83322.21117140465,-51248.96662050693,97821.50813682021,4846070.55256979,-2.5424173306034863,-0.044325785806977436,0.0008927872546760424,0.0,0,,,0.0,0.0,
4569.7373812,730,477,0,,15.74369999980263,-3747.530758382061,-2477.1813487610234,4492.261592969527,-71521.55206140915,-43628.69750573068,83778.25287817484,892243.1290144824,-2.5575115985669856,-0.01509426796349933,0.00021342250444745183,0.0,0,,,0.0,0.0,
4569.7528783,707,463,0,,15.497100000175124,-1484.1486471494725,-903.3948286996789,1737.4750137360052,146051.97818992013,101553.61455004873,177888.4958657214,16878306.288336482,-2.5948038127005457,-0.0372922141335601,0.001384998062980495,0.0,0,,,0.0,0.0,
4569.7687817,689,449,0,,15.903399999842804,-1131.8334444318775,-880.3149012247935,1433.876309607264,22153.45163430948,1451.2574339520802,22200.93618416328,10015706.906857053,-2.4805494847391065,0.1142543279614392,0.00501038372895578,0.0,0,,,0.0,0.0,
4569.7843429,686,445,0,,15.561200000774988,-192.78718863908904,-257.0495848521187,321.31198106514836,60345.36255211819,40052.522706580115,72427.66982795805,3489560.388436193,-2.2142974355881813,0.26625204915092526,0.05325040983018505,0.0,0,,,0.0,0.0,
4569.7934682,686,445,0,,9.125299999141134,0.0,0.0,0.0,21126.668565113916,28168.891420151886,35211.11427518986,4490766.1362199485,-2.2142974355881813,0.0,0.0,0.0,0,,,0.0,0.0,
4569.8091891,685,443,0,,15.720900000815163,-63.6095897784572,-127.2191795569144,142.2353667655061,-4046.1799117836067,-8092.359823567213,9047.533331942246,2807879.353812513,-2.0344439357957027,0.17985349979247856,0.08043293030544527,0.0,0,,,0.0,0.0,
4569.8260206,685,438,0,,16.83150000008027,0.0,-297.06205626213676,297.06205626213676,3779.1991075158985,-10090.774839105985,10775.253256781642,479845.6897838969,-1.5707963267948966,0.46364760900080615,0.09272952180016122,0.0,0,,,0.0,0.0,
4569.8426589,685,435,0,,16.638299999613082,0.0,-180.30688231789088,180.30688231789088,0.0,7017.253802790007,7017.253802790007,1053020.6481573833,-1.5707963267948966,0.0,0.0,0.0,0,,,0.0,0.0,
4569.8607301,685,434,0,,18.07120000012219,0.0,-55.33666828950144,55.33666828950144,0.0,6915.435279756986,6915.435279756986,5634.297834805242,-1.5707963267948966,0.0,0.0,0.0,0,,,0.0,0.0,
4569.8777815,685,432,0,,17.051400000127614,0.0,-117.29242173575376,117.29242173575376,0.0,-3633.470181087104,3633.470181087104,618653.3340819604,-1.5707963267948966,0.0,0.0,0.0,0,,,0.0,0.0,
4569.8923325,685,432,0,,14.550999999300984,0.0,0.0,0.0,0.0,8060.780822032051,8060.780822032051,803673.3560360756,-1.5707963267948966,0.0,0.0,0.0,0,,,0.0,0.0,
4569.9090193,685,431,0,,16.686800000570656,0.0,-59.92760744815075,59.92760744815075,0.0,-3591.3181344596533,3591.3181344596533,698282.4122116418,-1.5707963267948966,0.0,0.0,0.0,0,,,0.0,0.0,
4569.925122,685,431,0,,16.102699999464676,0.0,0.0,0.0,0.0,3721.58752570333,3721.58752570333,454141.58249275567,-1.5707963267948966,0.0,0.0,0.0,0,,,0.0,0.0,
4569.9402402,685,431,0,,15.11819999996078,0.0,0.0,0.0,0.0,0.0,0.0,246166.04660032177,-1.5707963267948966,0.0,0.0,0.0,0,,,0.0,0.0,
4569.9563186,685,431,0,,16.078399999969406,0.0,0.0,0.0,0.0,0.0,0.0,0.0,-1.5707963267948966,0.0,0.0,0.0,0,,,0.0,0.0,
4569.9718073,685,431,0,,15.488700000787503,0.0,0.0,0.0,0.0,0.0,0.0,0.0,-1.5707963267948966,0.0,0.0,0.0,0,,,0.0,0.0,
4569.9874317,685,431,1,5,15.624399999978777,0.0,0.0,0.0,0.0,0.0,0.0,0.0,-1.5707963267948966,0.0,0.0,360.84622763720284,0,5,P1_TARGET,352.0,292.0,46
4570.0026768,685,431,1,5,15.24509999944712,0.0,0.0,0.0,0.0,0.0,0.0,0.0,-1.5707963267948966,0.0,0.0,360.84622763720284,0,5,P1_TARGET,352.0,292.0,46
4570.0184134,685,431,1,5,15.736600000309409,0.0,0.0,0.0,0.0,0.0,0.0,0.0,-1.5707963267948966,0.0,0.0,360.84622763720284,0,5,P1_TARGET,352.0,292.0,46
4570.0338978,685,431,1,5,15.484399999877496,0.0,0.0,0.0,0.0,0.0,0.0,0.0,-1.5707963267948966,0.0,0.0,360.84622763720284,0,5,P1_TARGET,352.0,292.0,46
4570.0499707,685,431,1,5,16.07289999992645,0.0,0.0,0.0,0.0,0.0,0.0,0.0,-1.5707963267948966,0.0,0.0,360.84622763720284,0,5,P1_TARGET,352.0,292.0,46
4570.0589106,685,431,0,5,8.939899999859335,0.0,0.0,0.0,0.0,0.0,0.0,0.0,-1.5707963267948966,0.0,0.0,360.84622763720284,0,5,P1_TARGET,352.0,292.0,46
4570.0817798,685,431,0,5,22.86920000005921,0.0,0.0,0.0,0.0,0.0,0.0,0.0,-1.5707963267948966,0.0,0.0,360.84622763720284,0,5,P1_TARGET,352.0,292.0,46
4570.0974931,685,431,0,5,15.71330000024318,0.0,0.0,0.0,0.0,0.0,0.0,0.0,-1.5707963267948966,0.0,0.0,360.84622763720284,0,5,P1_TARGET,352.0,292.0,46
4570.113471,685,431,0,5,15.977899999597867,0.0,0.0,0.0,0.0,0.0,0.0,0.0,-1.5707963267948966,0.0,0.0,360.84622763720284,0,5,P1_TARGET,352.0,292.0,46
4570.1284831,685,431,0,5,15.012100000603823,0.0,0.0,0.0,0.0,0.0,0.0,0.0,-1.5707963267948966,0.0,0.0,360.84622763720284,0,5,P1_TARGET,352.0,292.0,46
4570.1445611,685,431,0,5,16.077999999652093,0.0,0.0,0.0,0.0,0.0,0.0,0.0,-1.5707963267948966,0.0,0.0,360.84622763720284,0,5,P1_TARGET,352.0,292.0,46
4570.1600478,685,431,0,5,15.486700000110432,0.0,0.0,0.0,0.0,0.0,0.0,0.0,-1.5707963267948966,0.0,0.0,360.84622763720284,0,5,P1_TARGET,352.0,292.0,46
4570.1759441,685,431,0,5,15.896300000349584,0.0,0.0,0.0,0.0,0.0,0.0,0.0,-1.5707963267948966,0.0,0.0,360.84622763720284,0,5,P1_TARGET,352.0,292.0,46
4570.1911758,685,431,0,5,15.231699999276316,0.0,0.0,0.0,0.0,0.0,0.0,0.0,-1.5707963267948966,0.0,0.0,360.84622763720284,0,5,P1_TARGET,352.0,292.0,46
4570.206347,685,431,0,5,15.171200000622775,0.0,0.0,0.0,0.0,0.0,0.0,0.0,-1.5707963267948966,0.0,0.0,360.84622763720284,0,5,P1_TARGET,352.0,292.0,46
4570.2216593,684,431,0,5,15.312300000005052,-65.30697543802499,0.0,65.30697543802499,-4265.0010408627995,0.0,4265.0010408627995,278534.3182187779,3.141592653589793,-1.5707963267948966,1.5707963267948966,359.9236030048599,0,5,P1_TARGET,352.0,292.0,46
4570.2374316,674,431,0,5,15.772299999298411,-634.022938978134,0.0,634.022938978134,-36057.89666474812,0.0,36057.89666474812,2015742.5122080827,3.141592653589793,0.0,0.0,350.7206865869192,0,5,P1_TARGET,352.0,292.0,46
4570.2523643,662,431,0,5,14.932700000827026,-803.6055100106074,0.0,803.6055100106074,-11356.457373621739,0.0,11356.457373621739,1654184.3932951395,3.141592653589793,0.0,0.0,339.73666272570586,0,5,P1_TARGET,352.0,292.0,46
4570.268242,616,427,0,5,15.877699999691686,-2897.1450525512655,-251.92565674358832,2908.0777142380434,-131854.0810433067,-15866.634131422072,132805.30398457474,7654620.075081991,-3.054854314913808,0.08673833867598546,0.0018785272509060894,296.5147551134682,0,5,P1_TARGET,352.0,292.0,46
4570.2763109,582,424,0,5,8.068899999670975,-4213.709427727003,-371.7978906817944,4230.080473564404,-163165.28587904453,-14856.081243179875,163840.207720493,3882500.4805624727,-3.0535852800620527,0.0012690348517554462,3.71801028398863e-05,265.18672666632466,0,5,P1_TARGET,352.0,292.0,46
4570.2857457,582,424,0,5,9.434800000235555,0.0,0.0,0.0,446613.5400455548,39407.07706284308,448348.71682057844,64886214.54550535,-3.0535852800620527,0.0,0.0,265.18672666632466,0,5,P1_TARGET,352.0,292.0,46
4570.2938305,556,417,0,5,8.084799999778625,-3215.911339886197,-865.8222838155145,3330.4254943115225,-397772.5286926398,-107092.60387878763,411936.65822317376,106001456.7315619,-2.8785979219088738,0.1749873581531789,0.00649886732979269,239.25091431382242,0,5,P1_TARGET,352.0,292.0,46
4570.3090324,556,417,0,5,15.201900000647584,0.0,0.0,0.0,211546.67112329399,56954.87299473299,219079.55546146535,41509035.95325312,-2.8785979219088738,0.0,0.0,239.25091431382242,0,5,P1_TARGET,352.0,292.0,46
4570.3257174,519,406,0,5,16.684999999597494,-2217.560683301923,-659.2747977384095,2313.4862530517685,-132907.4428142295,-39513.02353936552,138656.6528682996,21438870.27200146,-2.852617243597227,0.025980678311646965,0.0006730655330406572,202.20039564748632,0,5,P1_TARGET,352.0,292.0,46
4570.3423005,486,393,0,5,16.583100000389095,-1989.9777483839396,-783.9306281512489,2138.8217945440956,13723.787163596879,-7517.040264480985,15647.626927094561,9050268.828929847,-2.766321830733836,0.08629541286339082,0.002433029587567116,167.80047675736802,0,5,P1_TARGET,352.0,292.0,46
4570.3592142,458,380,0,5,16.913699999349774,-1655.4627314589018,-768.6076967487758,1825.188934535498,19777.75512974085,905.9479240534141,19798.493367251136,613284.4866365609,-2.7069224384405484,0.05939939229328761,0.0019241350531721052,137.7679207943562,0,5,P1_TARGET,352.0,292.0,46
4570.3760377,442,370,0,5,16.823500000100466,-951.0506137191697,-594.406633574481,1121.5241931821877,41870.72355547451,10354.626752652804,43132.0737531332,1428279.8413493289,-2.5829933382462307,0.12392910019431769,0.006568229173853627,119.09659944767525,0,5,P1_TARGET,352.0,292.0,46
4570.3932743,436,363,0,5,17.236599999705504,-348.09649235362616,-406.1125744125639,534.8818477803284,34981.03578291806,10924.083587548253,36647.079920145545,401075.70619174815,-2.279422598922567,0.30357073932366374,0.03292686973091515,109.98636279102969,0,5,P1_TARGET,352.0,292.0,46
4570.4086868,433,358,0,5,15.412500000820728,-194.6472019361069,-324.41200322684483,378.32615698522613,9956.15833961706,5300.929192627312,11279.403317054266,1664160.0369900852,-2.1112158270654806,0.16820677185708632,0.028847223384879078,104.48444860360799,0,5,P1_TARGET,352.0,292.0,46
4570.4240728,431,354,0,5,15.386000000034983,-129.9883010526097,-259.9766021052194,290.66267743334276,4202.450336887443,4187.924159721755,5932.89959476701,380889.76685359713,-2.0344439357957027,0.0767718912697779,0.017166716764044604,100.42410069301094,0,5,P1_TARGET,352.0,292.0,46
4570.4397546,429,351,0,5,15.681799999583745,-127.53637975570965,-191.30456963356448,229.91947834812933,156.35458282627866,4379.091205950703,4381.881621587416,258300.02287956752,-2.158798930342464,-0.12435499454676124,0.03448986993833788,97.0051545022222,0,5,P1_TARGET,352.0,292.0,46
4570.4552237,424,346,0,5,15.46909999979107,-323.22500986272837,-323.22500986272837,457.10919264604786,-12650.291879272987,-8527.997118833393,15256.363245860093,1175407.4219480199,-2.356194490192345,-0.19739555984988089,0.027915947789193152,90.0,0,5,P1_TARGET,352.0,292.0,46
4570.4705325,423,344,0,5,15.308800000639167,-65.32190635178776,-130.64381270357552,146.06422302247273,16846.722375377085,12579.770925945357,21025.28695029609,2369314.530217769,-2.0344439357957027,0.32175055439664213,0.14389122228582713,88.0056816347672,0,5,P1_TARGET,352.0,292.0,46
4570.4863538,422,341,0,5,15.821299999515759,-63.20593124652253,-189.6177937395676,199.87470437101672,133.74217702274728,-3727.505390694638,3729.903940796917,1475897.023975951,-1.892546881191539,0.1418970546041638,0.044871788581843985,85.44588931013593,0,5,P1_TARGET,352.0,292.0,46
4570.502429,419,338,0,5,16.075200000159384,-186.62287249740316,-186.62287249740316,263.9245973348524,-7677.47469702753,186.3069350387385,7679.734891097576,543500.4186903321,-2.356194490192345,-0.4636476090008059,0.10928278946846628,81.27115109311545,0,5,P1_TARGET,352.0,292.0,46
4570.5104993,417,336,0,5,8.070300000326824,-247.82226186374803,-247.82226186374803,350.47360378568914,-7583.285548723896,-7583.285548723896,10724.385270353232,962809.7320010816,-2.356194490192345,0.0,0.0,78.49203781276162,0,5,P1_TARGET,352.0,292.0,46
4570.5185711,417,336,0,5,8.071799999925133,0.0,0.0,0.0,30702.23021705773,30702.23021705773,43419.5103680641,6707784.588185972,-2.356194490192345,0.0,0.0,78.49203781276162,0,5,P1_TARGET,352.0,292.0,46
4570.5333067,416,335,0,5,14.735599999767146,-67.86286272807365,-67.86286272807365,95.97258085150537,-4605.368137649368,-4605.368137649368,6512.974079984659,3388561.3377696057,-2.356194490192345,0.0,0.0,77.10382610480494,0,5,P1_TARGET,352.0,292.0,46
4570.5427696,416,335,0,5,9.462899999562069,0.0,0.0,0.0,7171.465695633924,7171.465695633924,10141.984048858898,1760026.8553629783,-2.356194490192345,0.0,0.0,77.10382610480494,0,5,P1_TARGET,352.0,292.0,46
4570.5595351,414,333,0,5,16.765500000474276,-119.29259490879618,-119.29259490879618,168.70520561069918,-7115.361600037072,-7115.361600037072,10062.640875961153,1205131.0682203625,-2.356194490192345,0.0,0.0,74.33034373659252,0,5,P1_TARGET,352.0,292.0,46
4570.5756401,403,328,0,5,16.10499999969761,-683.0176963804121,-310.4625892638237,750.266747831198,-35003.11092717792,-11870.226287402482,36961.06122251447,1756609.6220131305,-2.714965160462917,-0.3587706702705722,0.029692071937374404,62.42595614005443,0,5,P1_TARGET,352.0,292.0,46
4570.5927461,399,323,0,5,17.106000000239874,-233.83608090400497,-292.2951011300062,374.32036930568563,26258.717144283193,1062.0535562704765,26280.186145076274,3660232.858274697,-2.2455372690184494,0.4694278914444676,0.07331231974231871,56.302753041036986,0,5,P1_TARGET,352.0,292.0,46
4570.6081967,394,321,0,5,15.45059999989462,-323.6120280140643,-129.4448112056257,348.5408208853529,-5810.5152622339365,10540.06251702142,12035.572503016774,2164350.8439772865,-2.761086276477428,-0.5155490074589788,0.0957350472869385,51.03920062069938,0,5,P1_TARGET,352.0,292.0,46
4570.6249506,391,319,0,5,16.75390000036714,-179.06278537739027,-119.37519025159352,215.2066847351947,8627.79667023836,601.0314585745126,8648.705926158684,1046235.5053350992,-2.5535900500422257,0.2074962264352025,0.0575490987598007,47.43416490252569,0,5,P1_TARGET,352.0,292.0,46
4570.6413771,389,317,0,5,16.426499999397493,-121.75448209133765,-121.75448209133765,172.1868398532818,3488.7713930633204,-144.84472284609606,3491.776886743101,316127.6763198865,-2.356194490192345,0.19739555984988089,0.06978986947298288,44.654227123532216,0,5,P1_TARGET,352.0,292.0,46
4570.6572895,387,316,0,5,15.912400000161142,-125.68814257935612,-62.84407128967806,140.52361538656302,-247.20724013842283,3702.1700561237158,3710.4143358978026,337005.1574507072,-2.677945044588987,-0.32175055439664213,0.14389122228582713,42.43819034784589,0,5,P1_TARGET,352.0,292.0,46
4570.6734454,386,316,0,5,16.15589999983058,-61.89689215769388,0.0,61.89689215769388,3948.4801479540724,3889.852703367629,5542.693346441229,259959.7067543511,3.141592653589793,-0.46364760900080615,0.46364760900080615,41.617304093369626,0,5,P1_TARGET,352.0,292.0,46
4570.688845,385,315,0,5,15.399599999909697,-64.93675160431856,-64.93675160431856,91.83443481528015,-197.39859779750824,-4216.781708920968,4221.399553122503,591266.2650881861,-2.356194490192345,0.7853981633974483,0.5553603672697958,40.22437072223753,0,5,P1_TARGET,352.0,292.0,46
4570.7048155,383,314,0,5,15.970500000548782,-125.23089445736048,-62.61544722868024,140.01239644487984,-3775.344720013154,145.34951163448576,3778.1416378245513,353263.7191833412,-2.677945044588987,-0.32175055439664213,0.14389122228582713,38.01315561749642,0,5,P1_TARGET,352.0,292.0,46
4570.7208022,380,311,0,5,15.986700000212295,-187.65598903839827,-187.65598903839827,265.38564475863967,-3904.814288140068,-7821.535514399942,8742.081698765025,498410.3635633434,-2.356194490192345,0.32175055439664213,0.07583733295479893,33.83784863137726,0,5,P1_TARGET,352.0,292.0,46
4570.736416,380,311,0,5,15.613799999300682,0.0,0.0,0.0,12018.598230206811,12018.598230206811,16996.86461787175,1629318.3019863279,-2.356194490192345,0.0,0.0,33.83784863137726,0,5,P1_TARGET,352.0,292.0,46
4570.7525477,378,310,0,5,16.131700000187266,-123.97949379028762,-61.98974689514381,138.6132879655481,-7685.457440247984,-3842.728720123992,8592.60263728801,1568023.8807674928,-2.677945044588987,-0.32175055439664213,0.14389122228582713,31.622776601683793,0,5,P1_TARGET,352.0,292.0,46
4570.768046,377,310,1,5,15.498300000217569,-64.52320577004973,0.0,64.52320577004973,3836.3103062531522,3999.7771945486656,5542.156112190972,899297.0986975027,3.141592653589793,-0.46364760900080615,0.46364760900080615,30.805843601498726,0,5,P1_TARGET,352.0,292.0,46
4570.7761309,376,310,1,5,8.08489999963058,-123.68736781477726,0.0,123.68736781477726,-7317.859472279299,0.0,7317.859472279299,1465649.491657837,3.141592653589793,0.0,0.0,30.0,0,5,P1_TARGET,352.0,292.0,46
4570.784536,376,310,1,5,8.405100000345556,0.0,0.0,0.0,14715.752080247963,0.0,14715.752080247963,2621457.395107899,3.141592653589793,0.0,0.0,30.0,0,5,P1_TARGET,352.0,292.0,46
4570.7925833,375,310,1,5,8.04729999981646,-124.2652815258295,0.0,124.2652815258295,-15441.86019269366,0.0,15441.86019269366,3747544.1792439017,3.141592653589793,0.0,0.0,29.206163733020468,1,5,P1_TARGET,352.0,292.0,46
4570.8143958,375,310,1,5,21.81250000012369,0.0,0.0,0.0,5696.975657312313,0.0,5696.975657312313,969115.6836624001,3.141592653589793,0.0,0.0,29.206163733020468,1,5,P1_TARGET,352.0,292.0,46
4570.8253868,375,310,1,5,10.991000000103668,0.0,0.0,0.0,0.0,0.0,0.0,518330.96690552076,3.141592653589793,0.0,0.0,29.206163733020468,1,5,P1_TARGET,352.0,292.0,46
4570.8418077,374,310,1,5,16.42089999950258,-60.89800193840117,0.0,60.89800193840117,-3708.566640089513,0.0,3708.566640089513,225844.29843686108,3.141592653589793,0.0,0.0,28.42534080710379,1,5,P1_TARGET,352.0,292.0,46
4570.8521898,373,310,0,,10.382100000242644,-96.31962704815294,0.0,96.31962704815294,-3411.7977200107794,0.0,3411.7977200107794,28584.671701466723,3.141592653589793,0.0,0.0,0.0,0,,,0.0,0.0,
4570.8602242,372,310,0,,8.034399999814923,-124.46480135704415,0.0,124.46480135704415,-3503.0835295155275,0.0,3503.0835295155275,11361.870146725452,3.141592653589793,0.0,0.0,0.0,0,,,0.0,0.0,
4570.8756797,372,310,0,,15.455499999916356,0.0,0.0,0.0,8053.10739592493,0.0,8053.10739592493,747707.3485492541,3.141592653589793,0.0,0.0,0.0,0,,,0.0,0.0,
4570.8933493,372,309,0,,17.669600000772334,0.0,-56.59437678024914,56.59437678024914,0.0,-3202.9234831448034,3202.9234831448034,490485.07695634174,-1.5707963267948966,1.5707963267948966,1.5707963267948966,0.0,0,,,0.0,0.0,
4570.9087914,372,309,0,,15.442099999745551,0.0,0.0,0.0,0.0,3664.9404408196865,3664.9404408196865,444749.34912205307,-1.5707963267948966,0.0,0.0,0.0,0,,,0.0,0.0,
4570.9238905,372,309,0,,15.099100000043109,0.0,0.0,0.0,0.0,0.0,0.0,242725.7545687639,-1.5707963267948966,0.0,0.0,0.0,0,,,0.0,0.0,
4570.9397566,372,309,0,,15.866099999584549,0.0,0.0,0.0,0.0,0.0,0.0,0.0,-1.5707963267948966,0.0,0.0,0.0,0,,,0.0,0.0,
4570.9557993,372,309,0,,16.04270000007091,0.0,0.0,0.0,0.0,0.0,0.0,0.0,-1.5707963267948966,0.0,0.0,0.0,0,,,0.0,0.0,
4570.97106,372,309,0,,15.260699999998906,0.0,0.0,0.0,0.0,0.0,0.0,0.0,-1.5707963267948966,0.0,0.0,0.0,0,,,0.0,0.0,
4570.9864455,372,309,0,,15.385499999865715,0.0,0.0,0.0,0.0,0.0,0.0,0.0,-1.5707963267948966,0.0,0.0,0.0,0,,,0.0,0.0,
4571.0023294,372,309,0,,15.883900000517315,0.0,0.0,0.0,0.0,0.0,0.0,0.0,-1.5707963267948966,0.0,0.0,0.0,0,,,0.0,0.0,
4571.0174574,372,309,0,,15.12800000000425,0.0,0.0,0.0,0.0,0.0,0.0,0.0,-1.5707963267948966,0.0,0.0,0.0,0,,,0.0,0.0,
4571.0335468,372,309,0,,16.08940000005532,0.0,0.0,0.0,0.0,0.0,0.0,0.0,-1.5707963267948966,0.0,0.0,0.0,0,,,0.0,0.0,
4571.0494769,372,309,0,,15.930099999422964,0.0,0.0,0.0,0.0,0.0,0.0,0.0,-1.5707963267948966,0.0,0.0,0.0,0,,,0.0,0.0,
4571.065146,372,309,0,,15.669100000195613,0.0,0.0,0.0,0.0,0.0,0.0,0.0,-1.5707963267948966,0.0,0.0,0.0,0,,,0.0,0.0,
4571.0806637,372,309,0,,15.517699999691104,0.0,0.0,0.0,0.0,0.0,0.0,0.0,-1.5707963267948966,0.0,0.0,0.0,0,,,0.0,0.0,
4571.0965172,372,309,0,,15.85350000004837,0.0,0.0,0.0,0.0,0.0,0.0,0.0,-1.5707963267948966,0.0,0.0,0.0,0,,,0.0,0.0,
4571.1117662,372,309,0,,15.249000000039814,0.0,0.0,0.0,0.0,0.0,0.0,0.0,-1.5707963267948966,0.0,0.0,0.0,0,,,0.0,0.0,
4571.1278465,372,309,0,,16.08029999988503,0.0,0.0,0.0,0.0,0.0,0.0,0.0,-1.5707963267948966,0.0,0.0,0.0,0,,,0.0,0.0,
4571.1440138,372,308,0,,16.16730000023381,0.0,-61.85324698530603,61.85324698530603,0.0,-3825.8241626252693,3825.8241626252693,236639.6468532124,-1.5707963267948966,0.0,0.0,0.0,0,,,0.0,0.0,
4571.1590314,371,308,0,,15.017599999737286,-66.58853611878688,0.0,66.58853611878688,-4434.033142442984,4118.717170945296,6051.81634243162,605832.6856208785,3.141592653589793,-1.5707963267948966,1.5707963267948966,0.0,0,,,0.0,0.0,
4571.1749706,371,308,0,,15.939200000502751,0.0,0.0,0.0,4177.658610010952,0.0,4177.658610010952,598897.3725968883,3.141592653589793,0.0,0.0,0.0,0,,,0.0,0.0,
4571.1903288,371,308,0,,15.358200000264333,0.0,0.0,0.0,0.0,0.0,0.0,272014.8591592146,3.141592653589793,0.0,0.0,0.0,0,,,0.0,0.0,
4571.2058138,371,308,0,,15.484999999898719,0.0,0.0,0.0,0.0,0.0,0.0,0.0,3.141592653589793,0.0,0.0,0.0,0,,,0.0,0.0,
4571.2215624,371,308,0,,15.748599999824364,0.0,0.0,0.0,0.0,0.0,0.0,0.0,3.141592653589793,0.0,0.0,0.0,0,,,0.0,0.0,
4571.2364947,371,308,0,,14.932299999600218,0.0,0.0,0.0,0.0,0.0,0.0,0.0,3.141592653589793,0.0,0.0,0.0,0,,,0.0,0.0,
4571.251836,375,312,0,,15.341300000727642,260.7340968373136,260.7340968373136,368.7336959204288,16995.567313392403,16995.567313392403,24035.361794824403,1566709.5874329032,0.7853981633974483,-2.356194490192345,0.41652027545234677,0.0,0,,,0.0,0.0,
4571.2598883,390,319,0,,8.052299999690149,1862.821802538057,869.3168411844266,2055.6791671800356,198960.26051716795,75578.74698788312,212831.69938079664,23740123.5751526,0.43662715981354133,-0.34877100358390695,0.021070026877797653,0.0,0,,,0.0,0.0,
4571.2679369,390,319,0,,8.04859999971086,0.0,0.0,0.0,-231446.68670389603,-108008.45379515148,255408.2905416948,58137519.031443946,0.43662715981354133,0.0,0.0,0.0,0,,,0.0,0.0,
4571.2759764,417,337,0,,8.039500000450062,3358.4178118649797,2238.9452079099865,4036.3158750369194,417739.6370019244,278493.09133461624,502060.56033471745,93977298.82436337,0.5880026035475675,0.15137544373402617,0.0046648882412747466,0.0,0,,,0.0,0.0,
4571.28426,417,337,0,,8.283600000140723,0.0,0.0,0.0,-405429.7421179109,-270286.4947452739,487265.9079347566,119431946.04431254,0.5880026035475675,0.0,0.0,0.0,0,,,0.0,0.0,
4571.293641,417,337,0,,9.380999999848427,0.0,0.0,0.0,0.0,0.0,0.0,51941787.436587736,0.5880026035475675,0.0,0.0,0.0,0,,,0.0,0.0,
4571.3091818,528,397,0,,15.540800000053423,7142.489447108156,3860.805106544949,8119.173084297127,459595.9955139763,248430.26784539258,522442.4150796109,33617472.40025062,0.4955516734858285,-0.09245093006173899,0.0007326998681214663,0.0,0,,,0.0,0.0,
4571.3257209,594,432,0,,16.539100000045437,3990.5436208632077,2116.197374700186,4516.938091085597,-190575.41379133624,-105483.83720032952,217820.6332105493,44757900.89222195,0.4875951259230138,-0.00795654756281472,0.00010650467022805033,0.0,0,,,0.0,0.0,
4571.3462158,626,447,0,,20.494899999903282,1561.3640466726363,731.8893968777983,1724.3896820336456,-118526.05156414694,-67544.02206543679,136420.74554906608,3973092.2747342745,0.43833655985795783,-0.049258566065055964,0.0013938002755039124,0.0,0,,,0.0,0.0,
4571.3599272,653,456,0,,13.711399999920104,1969.1643450090676,656.3881150030224,2075.681472474091,29741.69656919115,-5506.460454455108,30247.142369987858,11721874.909283087,0.3217505543966422,-0.11658600546131564,0.00409641467287319,0.0,0,,,0.0,0.0,
4571.374441,664,458,0,,14.513799999804178,757.8993785327353,137.79988700595186,770.3247865927459,-83456.08775735332,-35730.69961030657,90783.2665109877,8072545.968539283,0.17985349979247825,-0.14189705460416394,0.012691658396076402,0.0,0,,,0.0,0.0,
4571.3926461,665,458,0,,18.20510000015929,54.929662566602225,0.0,54.929662566602225,-38613.8892925599,-7569.30129495285,39348.78356940462,2908621.391638581,0.0,-0.17985349979247825,0.17985349979247825,0.0,0,,,0.0,0.0,
4571.4086796,665,458,0,,16.03350000004866,0.0,0.0,0.0,-3425.9308676480814,0.0,3425.9308676480814,2244854.254262873,0.0,0.0,0.0,0.0,0,,,0.0,0.0,
4571.423659,665,458,0,,14.979399999901943,0.0,0.0,0.0,0.0,0.0,0.0,228709.48553817294,0.0,0.0,0.0,0.0,0,,,0.0,0.0,
4571.4387863,665,458,0,,15.127300000131072,0.0,0.0,0.0,0.0,0.0,0.0,0.0,0.0,0.0,0.0,0.0,0,,,0.0,0.0,
4571.4546262,665,456,0,,15.839900000173657,0.0,-126.26342337881385,126.26342337881385,0.0,-7971.226041668799,7971.226041668799,503237.14427372697,-1.5707963267948966,-1.5707963267948966,0.7853981633974483,0.0,0,,,0.0,0.0,
4571.4699088,665,454,0,,15.282599999409285,0.0,-130.8677842826028,130.8677842826028,0.0,-301.2812547581508,301.2812547581508,501874.3399164483,-1.5707963267948966,0.0,0.0,0.0,0,,,0.0,0.0,
4571.4859239,666,453,0,,16.015100000004168,62.44107123900193,-62.44107123900193,88.30500979530113,3898.8873774741137,4272.637263806224,5784.181184082368,375280.9854453229,-0.7853981633974483,0.7853981633974483,0.5553603672697958,0.0,0,,,0.0,0.0,
4571.5013649,667,452,0,,15.441000000464555,64.76264490446954,-64.76264490446954,91.58821075905364,150.35125091624664,-150.35125091624664,212.62877816551622,375480.11228692695,-0.7853981633974483,0.0,0.0,0.0,0,,,0.0,0.0,
4571.511956,667,452,0,,10.59110000005603,0.0,0.0,0.0,-6114.817620844569,6114.817620844569,8647.658010836372,836578.5224344038,-0.7853981633974483,0.0,0.0,0.0,0,,,0.0,0.0,
4571.526896,668,452,0,,14.940000000024156,66.93440428369365,0.0,66.93440428369365,4480.214476812947,0.0,4480.214476812947,818806.9553494508,0.0,0.7853981633974483,0.7853981633974483,0.0,0,,,0.0,0.0,
4571.5350024,670,450,0,,8.10639999963314,246.7186420717595,-246.7186420717595,348.91284970815553,22178.061506488957,-30435.044172866485,37658.44295758843,4343064.058481957,-0.7853981633974483,-0.7853981633974483,0.2776801836348979,0.0,0,,,0.0,0.0,
4571.5447319,670,450,0,,9.729500000503322,0.0,0.0,0.0,-25357.792492830707,25357.792492830707,35861.33405520384,7533514.185557744,-0.7853981633974483,0.0,0.0,0.0,0,,,0.0,0.0,
4571.5600014,672,447,0,,15.26949999970384,130.98005828866636,-196.47008743299955,236.12765811152434,8577.88783465122,-12866.83175197683,15464.00721150687,3347528.6519689457,-0.982793723247329,-0.19739555984988078,0.05474767789135891,0.0,0,,,0.0,0.0,
4571.5758812,675,444,0,,15.879800000220712,188.91925590739828,-188.91925590739828,267.1721738976761,3648.610034000846,475.49915776623885,3679.463905142712,895714.5503251692,-0.7853981633974483,0.19739555984988078,0.04652657964865523,0.0,0,,,0.0,0.0,
4571.5926152,683,438,0,,16.73399999981484,478.0686028497979,-358.55145213734846,597.5857535622474,17279.15303846056,-10136.97838124938,20033.15902269181,1032313.4024173105,-0.6435011087932844,0.1418970546041639,0.014189705460416391,0.0,0,,,0.0,0.0,
4571.6093222,688,435,0,,16.706999999769323,299.27575268265014,-179.5654516095901,349.01250343723046,-10701.67296160989,10713.23400552042,15142.628141583986,2088642.8666252964,-0.5404195002705842,0.10308160852270021,0.017678350015857065,0.0,0,,,0.0,0.0,
4571.625066,697,433,0,,15.743799999654584,571.653603335755,-127.0341340746122,585.5984233472963,17300.64219941061,3336.6352174272047,17619.45955715449,1839303.209219647,-0.21866894587394195,0.32175055439664224,0.03489874753433502,0.0,0,,,0.0,0.0,
4571.6401732,702,433,0,,15.10720000078436,330.9680152338224,0.0,330.9680152338224,-15931.846277896382,8408.847044324339,18014.78377437162,2225252.932829647,0.0,0.21866894587394195,0.04373378917478839,0.0,0,,,0.0,0.0,
4571.6560085,704,433,0,,15.835299999707786,126.30010167391251,0.0,126.30010167391251,-12924.78914600208,0.0,12924.78914600208,563951.8800138221,0.0,0.0,0.0,0.0,0,,,0.0,0.0,
4571.6718153,704,433,1,6,15.806800000063959,0.0,0.0,0.0,-7990.238484285337,0.0,7990.238484285337,312178.97750947543,0.0,0.0,0.0,229.00218339570478,0,6,P1_TARGET,493.0,522.0,46
4571.6871331,704,433,1,6,15.31780000004801,0.0,0.0,0.0,0.0,0.0,0.0,521630.94466961926,0.0,0.0,0.0,229.00218339570478,0,6,P1_TARGET,493.0,522.0,46
4571.7024675,704,433,1,6,15.334400000028836,0.0,0.0,0.0,0.0,0.0,0.0,0.0,0.0,0.0,0.0,229.00218339570478,0,6,P1_TARGET,493.0,522.0,46
4571.7176769,704,433,1,6,15.209399999548623,0.0,0.0,0.0,0.0,0.0,0.0,0.0,0.0,0.0,0.0,229.00218339570478,0,6,P1_TARGET,493.0,522.0,46
4571.7335084,704,433,1,6,15.831499999876542,0.0,0.0,0.0,0.0,0.0,0.0,0.0,0.0,0.0,0.0,229.00218339570478,0,6,P1_TARGET,493.0,522.0,46
4571.7495029,704,433,1,6,15.994500000488188,0.0,0.0,0.0,0.0,0.0,0.0,0.0,0.0,0.0,0.0,229.00218339570478,0,6,P1_TARGET,493.0,522.0,46
4571.7609268,704,433,0,6,11.423899999499554,0.0,0.0,0.0,0.0,0.0,0.0,0.0,0.0,0.0,0.0,229.00218339570478,0,6,P1_TARGET,493.0,522.0,46
4571.7810426,704,433,0,6,20.11579999998503,0.0,0.0,0.0,0.0,0.0,0.0,0.0,0.0,0.0,0.0,229.00218339570478,0,6,P1_TARGET,493.0,522.0,46
4571.7971044,704,433,0,6,16.06179999998858,0.0,0.0,0.0,0.0,0.0,0.0,0.0,0.0,0.0,0.0,229.00218339570478,0,6,P1_TARGET,493.0,522.0,46
4571.8124882,704,433,0,6,15.383800000563497,0.0,0.0,0.0,0.0,0.0,0.0,0.0,0.0,0.0,0.0,229.00218339570478,0,6,P1_TARGET,493.0,522.0,46
4571.827659,704,433,0,6,15.170799999395967,0.0,0.0,0.0,0.0,0.0,0.0,0.0,0.0,0.0,0.0,229.00218339570478,0,6,P1_TARGET,493.0,522.0,46
4571.8436684,704,433,0,6,16.0094000002573,0.0,0.0,0.0,0.0,0.0,0.0,0.0,0.0,0.0,0.0,229.00218339570478,0,6,P1_TARGET,493.0,522.0,46
4571.858811,704,433,0,6,15.142600000217499,0.0,0.0,0.0,0.0,0.0,0.0,0.0,0.0,0.0,0.0,229.00218339570478,0,6,P1_TARGET,493.0,522.0,46
4571.8739694,704,433,0,6,15.158399999563699,0.0,0.0,0.0,0.0,0.0,0.0,0.0,0.0,0.0,0.0,229.00218339570478,0,6,P1_TARGET,493.0,522.0,46
4571.8894535,704,433,0,6,15.484100000321632,0.0,0.0,0.0,0.0,0.0,0.0,0.0,0.0,0.0,0.0,229.00218339570478,0,6,P1_TARGET,493.0,522.0,46
4571.905028,704,433,0,6,15.574500000184344,0.0,0.0,0.0,0.0,0.0,0.0,0.0,0.0,0.0,0.0,229.00218339570478,0,6,P1_TARGET,493.0,522.0,46
4571.920387,704,432,0,6,15.358999999989464,0.0,-65.10840549519409,65.10840549519409,0.0,-4239.10446612662,4239.10446612662,276001.3325170602,-1.5707963267948966,-1.5707963267948966,1.5707963267948966,229.3926764306132,0,6,P1_TARGET,493.0,522.0,46
4571.9355729,700,426,0,6,15.185899999778485,-263.4022349718059,-395.10335245770887,474.8551321313301,-17345.184347035614,-21730.351639832235,27804.02133547248,1622116.1394072806,-2.158798930342464,-0.5880026035475674,0.0815412898921953,228.17756243767704,0,6,P1_TARGET,493.0,522.0,46
4571.9440057,700,426,0,6,8.432800000264251,0.0,0.0,0.0,31235.44196038705,46853.16294058057,56310.49379997746,9966591.32532988,-2.158798930342464,0.0,0.0,228.17756243767704,0,6,P1_TARGET,493.0,522.0,46
4571.9520687,686,418,0,6,8.0630000002202,-1736.3264293213024,-992.1865310407443,1999.8158869101749,-215344.96208283314,-123054.26404733323,248023.798444197,37138808.36990026,-2.62244653934327,-0.46364760900080615,0.028754204062668046,219.23731434224422,0,6,P1_TARGET,493.0,522.0,46
4571.9671942,671,416,0,6,15.125500000067404,-991.7027536235598,-132.22703381647466,1000.4790552612554,49229.68997351653,56854.946760136016,75206.69748091891,21152923.456605375,-3.0090411212931194,-0.3865945819498493,0.02554688905876199,207.17142660125697,0,6,P1_TARGET,493.0,522.0,46
4571.9767852,671,416,0,6,9.59100000000035,0.0,0.0,0.0,103399.30701944779,13786.574269259707,104314.36297166292,7215543.550291046,-3.0090411212931194,0.0,0.0,207.17142660125697,0,6,P1_TARGET,493.0,522.0,46
4571.9916148,655,416,0,6,14.829599999757193,-1078.9232346295228,0.0,1078.9232346295228,-72754.7091389645,0.0,72754.7091389645,11914865.60414792,3.141592653589793,-0.1325515322966737,0.008284470768542107,193.59752064528098,0,6,P1_TARGET,493.0,522.0,46
4572.0087921,642,421,0,6,17.177300000184914,-756.8127703341069,291.08183474388727,810.8601629496009,18752.10098746301,16945.72690357354,25274.47233345352,5417768.485441229,2.774418819771574,-0.3671738338182191,0.026361544962074396,180.00555546982432,0,6,P1_TARGET,493.0,522.0,46
4572.0257183,615,437,0,6,16.926199999943492,-1595.1601659019827,945.280098312286,1854.208839140221,-49529.569281390664,38650.03743135392,62825.18306097593,4232975.695062898,2.6066375798036967,-0.1677812399678773,0.005345954823963281,148.69095466772686,0,6,P1_TARGET,493.0,522.0,46
4572.0431355,600,446,0,6,17.417199999727018,-861.2176469372286,516.7305881623371,1004.3437340565688,42138.94994466719,-24604.96004849606,48796.466689989495,6394520.794411282,2.601173153319209,-0.005464426484487639,0.0003123804702349612,131.24404748406687,0,6,P1_TARGET,493.0,522.0,46
4572.0588763,570,466,0,6,15.740799999548472,-1905.8751779363538,1270.5834519575692,2290.576892894526,-66366.228592517,47891.64869745226,81841.83717729217,8290284.902703187,2.5535900500422257,-0.04758310327698334,0.0013197178362374,95.2102935611481,0,6,P1_TARGET,493.0,522.0,46
4572.0771456,540,485,0,6,18.26930000061111,-1642.0990404118656,1039.996058927515,1943.7286490419215,14438.218077083677,-12621.577894190861,19177.235717917043,5525746.417480524,2.577023259921693,0.023433209879467398,0.0006598940902546621,59.81638571495272,0,6,P1_TARGET,493.0,522.0,46
4572.0918226,532,490,0,6,14.677000000119733,-545.0705184938842,340.66907405867755,642.7731233889516,74744.73815555168,-47647.81527990273,88640.22891943429,4751674.749091636,2.5829933382462307,0.005970078324537553,0.0006328270367481728,50.44799302251776,0,6,P1_TARGET,493.0,522.0,46
4572.1075404,524,495,0,6,15.717799999947601,-508.9770833085209,318.1106770678256,600.2100250727235,2296.341420903917,-1435.213388064944,2707.9552046959484,5467201.824236318,2.5829933382462307,0.0,0.0,41.10960958218893,0,6,P1_TARGET,493.0,522.0,46
4572.1235102,522,498,0,6,15.96979999976611,-125.2363836760192,187.85457551402882,225.7731014487843,24029.14874564001,-8156.401555166906,25375.714290817945,1424463.0999491916,2.158798930342464,-0.4241944079037667,0.11765036065093215,37.64306044943742,0,6,P1_TARGET,493.0,522.0,46
4572.139269,521,499,0,6,15.758800000185147,-63.45660837045024,63.45660837045024,89.7411961796888,3920.3350067799024,-7893.873083110202,8813.753957176008,1276145.8595727175,2.356194490192345,0.19739555984988089,0.13957973894596576,36.235341863986875,0,6,P1_TARGET,493.0,522.0,46
4572.155159,520,500,0,6,15.889999999672,-62.93266205290384,62.93266205290384,89.00022419145922,32.973336536011274,-32.973336536011274,46.63133972591943,551892.2688898606,2.356194490192345,0.0,0.0,34.828149534535996,0,6,P1_TARGET,493.0,522.0,46
4572.1703852,520,500,0,6,15.226200000142853,0.0,0.0,0.0,4133.182412703984,-4133.182412703984,5845.202623807924,380828.5247814689,2.356194490192345,0.0,0.0,34.828149534535996,0,6,P1_TARGET,493.0,522.0,46
4572.1856047,519,501,0,6,15.219500000057451,-65.70518085326228,65.70518085326228,92.92115788086052,-4317.170790959904,4317.170790959904,6105.4014836564775,785216.6041866874,2.356194490192345,0.0,0.0,33.421549934136806,0,6,P1_TARGET,493.0,522.0,46
4572.2016801,518,502,0,6,16.075399999863293,-62.206850218875054,62.206850218875054,87.97377125204484,217.62012978942812,-217.62012978942812,307.76133899360246,398942.6591378516,2.356194490192345,0.0,0.0,32.01562118716424,0,6,P1_TARGET,493.0,522.0,46
4572.2168827,517,503,0,6,15.202599999611266,-65.7782221478938,65.7782221478938,93.02445387034172,-234.91849611974703,234.91849611974703,332.22492326483757,42097.15853043589,2.356194490192345,0.0,0.0,30.610455730027933,0,6,P1_TARGET,493.0,522.0,46
4572.2249482,515,507,0,6,8.065500000157044,-247.96974768595348,495.93949537190696,554.4772121892631,-22588.993309095807,53333.49119281352,57919.978431731935,7143038.652640777,2.0344439357957027,-0.32175055439664213,0.07194561114291356,26.627053911388696,1,6,P1_TARGET,493.0,522.0,46
4572.2330143,515,507,0,6,8.066100000178267,0.0,0.0,0.0,30742.210942149635,-61484.42188429927,68741.67344528444,15695224.658178749,2.0344439357957027,0.0,0.0,26.627053911388696,1,6,P1_TARGET,493.0,522.0,46
4572.2474721,515,507,0,6,14.457799999945564,0.0,0.0,0.0,0.0,0.0,0.0,4754642.715042625,2.0344439357957027,0.0,0.0,26.627053911388696,1,6,P1_TARGET,493.0,522.0,46
4572.2581588,515,507,0,6,10.686700000405835,0.0,0.0,0.0,0.0,0.0,0.0,0.0,2.0344439357957027,0.0,0.0,26.627053911388696,1,6,P1_TARGET,493.0,522.0,46
4572.275648,515,508,0,6,17.489199999545235,0.0,57.17814422763778,57.17814422763778,0.0,3269.3401773165474,3269.3401773165474,186934.80418781642,1.5707963267948966,-0.46364760900080615,0.46364760900080615,26.076809620810597,1,6,P1_TARGET,493.0,522.0,46
4572.2915477,514,508,0,6,15.899699999863515,-62.89426844585647,0.0,62.89426844585647,-3955.689003339457,-3596.1775522889493,5346.023613745795,498346.533948479,3.141592653589793,1.5707963267948966,1.5707963267948966,25.238858928247925,1,6,P1_TARGET,493.0,522.0,46
4572.308664,513,509,0,6,17.11630000045261,-58.42384159973573,58.42384159973573,82.62378915628369,261.1795099409642,3413.3452672710114,3423.323042018444,477917.7026457104,2.356194490192345,-0.7853981633974483,0.5553603672697958,23.853720883753127,1,6,P1_TARGET,493.0,522.0,46
4572.3245731,512,511,0,6,15.909099999589671,-62.85710694041725,125.7142138808345,140.5527639877468,-278.6622336144638,4229.678126533514,4238.847684751017,61517.439882215,2.0344439357957027,-0.32175055439664213,0.14389122228582713,21.95449840010015,1,6,P1_TARGET,493.0,522.0,46
4572.3372733,511,512,0,6,12.700199999926554,-78.7389174978176,78.7389174978176,111.35364501198985,-1250.5165711951142,-3698.783986337898,3904.4583071692873,628951.0381057148,2.356194490192345,0.32175055439664213,0.22751199886439677,20.591260281974,1,6,P1_TARGET,493.0,522.0,46
4572.356597,510,514,1,6,19.323700000313693,-51.749923668022504,103.49984733604501,115.71634715212357,1396.6783705686264,1281.3762290775294,1895.4248893741958,291869.7384589263,2.0344439357957027,-0.32175055439664213,0.14389122228582713,18.788294228055936,1,6,P1_TARGET,493.0,522.0,46
4572.3721069,510,514,1,6,15.509900000324706,0.0,0.0,0.0,3336.5736508255436,-6673.147301651087,7460.8054951805625,527898.4115922088,2.0344439357957027,0.0,0.0,18.788294228055936,1,6,P1_TARGET,493.0,522.0,46
4572.3880785,510,514,1,6,15.971599999829778,0.0,0.0,0.0,0.0,0.0,0.0,467129.49831326096,2.0344439357957027,0.0,0.0,18.788294228055936,1,6,P1_TARGET,493.0,522.0,46
4572.4037503,510,514,1,6,15.671799999836367,0.0,0.0,0.0,0.0,0.0,0.0,0.0,2.0344439357957027,0.0,0.0,18.788294228055936,1,6,P1_TARGET,493.0,522.0,46
4572.4203299,510,514,0,,16.579600000113714,0.0,0.0,0.0,0.0,0.0,0.0,0.0,2.0344439357957027,0.0,0.0,0.0,0,,,0.0,0.0,
4572.4348125,510,514,0,,14.482599999610102,0.0,0.0,0.0,0.0,0.0,0.0,0.0,2.0344439357957027,0.0,0.0,0.0,0,,,0.0,0.0,
4572.449767,510,514,0,,14.954500000385451,0.0,0.0,0.0,0.0,0.0,0.0,0.0,2.0344439357957027,0.0,0.0,0.0,0,,,0.0,0.0,
4572.4587314,510,514,0,,8.964399999968009,0.0,0.0,0.0,0.0,0.0,0.0,0.0,2.0344439357957027,0.0,0.0,0.0,0,,,0.0,0.0,
4572.4744997,512,514,0,,15.768299999763258,126.83675475669715,0.0,126.83675475669715,8043.781178605268,0.0,8043.781178605268,510123.55033364636,0.0,-2.0344439357957027,1.0172219678978514,0.0,0,,,0.0,0.0,
4572.4918221,518,514,0,,17.32240000001184,346.37232715997203,0.0,346.37232715997203,12673.507851286477,0.0,12673.507851286477,267268.20028853073,0.0,0.0,0.0,0.0,0,,,0.0,0.0,
4572.5081427,535,514,0,,16.320599999744445,1041.6283715222598,0.0,1041.6283715222598,42599.90713412341,0.0,42599.90713412341,1833658.0323827267,0.0,0.0,0.0,0.0,0,,,0.0,0.0,
4572.5245023,568,508,0,,16.359600000214414,2017.1642338179108,-366.7571334214383,2050.23470390824,59630.78940089399,-22418.465819251785,63705.71916447323,1720936.7834117494,-0.17985349979247825,-0.17985349979247825,0.005362195353696343,0.0,0,,,0.0,0.0,
4572.5421364,590,504,0,,17.634100000577746,1247.582808268027,-226.833237866914,1268.0363485669977,-43641.66163992888,7934.8475708961605,44357.146399057245,6104122.780413168,-0.17985349979247828,-2.7755575615628914e-17,1.2412670766236365e-18,0.0,0,,,0.0,0.0,
4572.5578742,601,499,0,,15.737799999442359,698.9541105103486,-317.7064138683403,767.772240975404,-34860.57122196991,-5774.198172847934,35335.54570770568,1034465.9082437272,-0.4266274931268761,-0.2467739933343978,0.02042316100374691,0.0,0,,,0.0,0.0,
4572.5739778,614,495,0,,16.103599999951257,807.2729079236536,-248.39166397650882,844.6229730480521,6726.371582356296,4304.301515936888,7985.680071479632,2657217.6194472127,-0.2984989315861793,0.1281285615406968,0.009420199195256659,0.0,0,,,0.0,0.0,
4572.5895993,622,491,0,,15.621500000634114,512.1147136750799,-256.05735683753994,572.5616560276599,-18894.356767057747,-490.7142630810069,18900.727978806848,1668570.1881542772,-0.4636476090008061,-0.1651486774146268,0.018464183454664485,0.0,0,,,0.0,0.0,
4572.6049014,635,479,0,,15.30209999964427,849.556596826724,-784.2060893785144,1156.1685006218372,22051.99829823937,-34514.78767968138,40958.04191509938,3479103.8753369655,-0.7454194762741583,-0.2817718672733522,0.015926687590121426,0.0,0,,,0.0,0.0,
4572.6200749,642,472,0,,15.173499999946216,461.33060928756134,-461.33060928756134,652.4200043923125,-25585.790196101014,21278.905993481898,33277.98822402488,4835016.779801048,-0.7853981633974483,-0.03997868712329,0.00403845725254481,0.0,0,,,0.0,0.0,
4572.6361373,647,468,0,,16.062400000009802,311.2859846596367,-249.02878772770936,398.64056662945393,-9341.35774403782,13217.316313858602,16185.129441641426,1129021.5451064582,-0.6747409422235526,0.11065722117389565,0.017281754510866797,0.0,0,,,0.0,0.0,
4572.6521747,655,458,0,,16.03739999973186,498.8339755904172,-623.5424694880215,798.5239798894967,11694.413741249593,-23352.518598187606,26117.033476837016,2630622.5221285694,-0.896055384571344,-0.2213144423477914,0.017281754510866807,0.0,0,,,0.0,0.0,
4572.6679638,657,456,0,,15.789099999892642,126.66966451625483,-126.66966451625483,179.13795750013756,-23570.96421434362,31469.3557565121,39318.070981722754,4128481.3152827863,-0.7853981633974483,0.11065722117389576,0.03912323573966065,0.0,0,,,0.0,0.0,
4572.6837069,661,453,0,,15.743100000690902,254.07956500463416,-190.5596737534756,317.5994562557927,8093.063023342786,-4058.2864387837785,9053.582601324992,3022922.2229732457,-0.6435011087932844,0.1418970546041639,0.028379410920832782,0.0,0,,,0.0,0.0,
4572.6918829,662,451,0,,8.175999999366468,122.30919766114076,-244.61839532228151,273.491680243769,-16116.727905296462,-6611.878861667655,17420.271537916084,2977506.349673223,-1.1071487177940904,-0.46364760900080604,0.20734951426620912,0.0,0,,,0.0,0.0,
4572.7089329,662,451,0,,17.05000000038126,0.0,0.0,0.0,-7173.559979965147,14347.119959930294,16040.567755874099,1336497.0445357165,-1.1071487177940904,0.0,0.0,0.0,0,,,0.0,0.0,
4572.7244763,664,449,0,,15.543399999842222,128.6719765315376,-128.6719765315376,181.9696543082531,8278.238772266282,-8278.238772266282,11707.197544301776,1762694.4760065787,-0.7853981633974483,0.32175055439664213,0.11375599943219838,0.0,0,,,0.0,0.0,
4572.7406596,665,448,0,,16.183300000193412,61.79209431871427,-61.79209431871427,87.3872178329632,-4132.64798971928,4132.64798971928,5844.446835574913,1084552.8649698715,-0.7853981633974483,0.0,0.0,0.0,0,,,0.0,0.0,
4572.757448,668,447,0,,16.78840000022319,178.69481308284986,-59.564937694283294,188.36087179995346,6963.303159478059,132.66044556964133,6964.566726266312,702563.4083984811,-0.32175055439664224,0.46364760900080604,0.14661824761337325,0.0,0,,,0.0,0.0,
4572.7740926,670,446,0,,16.64459999938117,120.15909064046946,-60.07954532023473,134.34194739332423,-3516.7995893296747,-30.91739218548761,3516.935489406782,629716.5006784718,-0.4636476090008061,-0.14189705460416385,0.06345829198038197,0.0,0,,,0.0,0.0,
4572.7914867,675,445,0,,17.394100000274193,287.4537917984364,-57.49075835968728,293.14649872729296,9617.899239128772,148.83132559354283,9619.050708750408,755194.5029501681,-0.19739555984988075,0.2662520491509254,0.0522163228521013,0.0,0,,,0.0,0.0,
4572.8074715,677,444,0,,15.984800000296673,125.11886291745162,-62.55943145872581,139.88714137544974,-10155.580856687095,-317.0933073259885,10160.530040419168,1237361.033592667,-0.4636476090008061,-0.2662520491509254,0.11907153621001686,0.0,0,,,0.0,0.0,
4572.8243796,680,442,0,,16.908099999454862,177.42975260950217,-118.28650173966811,213.2440236088169,3093.836072281162,-3295.8800978666445,4520.469805414208,803173.6644991072,-0.5880026035475675,-0.12435499454676141,0.03448986993833793,0.0,0,,,0.0,0.0,
4572.839235,686,439,0,,14.85540000066976,403.89353364631637,-201.94676682315819,451.5666984528809,15244.542794310755,-5631.640015059724,16251.506215326439,832907.5313345516,-0.4636476090008061,0.12435499454676141,0.018537748076544944,0.0,0,,,0.0,0.0,
4572.8545351,690,437,0,,15.300099999876693,261.43619976550724,-130.71809988275362,292.2945572274444,-9310.875999631195,4655.437999815597,10409.87583262333,1740064.3431925206,-0.4636476090008061,0.0,0.0,0.0,0,,,0.0,0.0,
4572.8704204,696,434,0,,15.885299999354174,377.70769203250387,-188.85384601625194,422.2900375046172,7319.439498890402,-3659.719749445201,8183.382138357968,1170469.4259307168,-0.4636476090008061,0.0,0.0,0.0,0,,,0.0,0.0,
4572.8860206,699,433,0,,15.600200000335462,192.30522685193068,-64.10174228397689,202.70750760249092,-11884.621041819102,7996.827202830246,14324.575477813476,1440038.2259629734,-0.3217505543966422,0.1418970546041639,0.04487178858184402,0.0,0,,,0.0,0.0,
4572.9016706,701,433,0,,15.650000000277942,127.7955271542799,0.0,127.7955271542799,-4122.025539712787,4095.95797334431,5811.021103854926,555119.2255361665,0.0,0.3217505543966422,0.1608752771983211,0.0,0,,,0.0,0.0,
4572.9169653,701,433,1,7,15.29469999968569,0.0,0.0,0.0,-8355.54323765135,0.0,8355.54323765135,385142.034122794,0.0,0.0,0.0,413.168246601793,0,7,P1_TARGET,1089.0,291.0,46
4572.9321877,701,433,1,7,15.222400000311609,0.0,0.0,0.0,0.0,0.0,0.0,548897.889786125,0.0,0.0,0.0,413.168246601793,0,7,P1_TARGET,1089.0,291.0,46
4572.9476367,701,433,1,7,15.448999999534863,0.0,0.0,0.0,0.0,0.0,0.0,0.0,0.0,0.0,0.0,413.168246601793,0,7,P1_TARGET,1089.0,291.0,46
4572.9627844,701,433,1,7,15.147699999943143,0.0,0.0,0.0,0.0,0.0,0.0,0.0,0.0,0.0,0.0,413.168246601793,0,7,P1_TARGET,1089.0,291.0,46
4572.9785725,701,433,0,7,15.7881000004636,0.0,0.0,0.0,0.0,0.0,0.0,0.0,0.0,0.0,0.0,413.168246601793,0,7,P1_TARGET,1089.0,291.0,46
4572.9914703,701,433,0,7,12.897800000246207,0.0,0.0,0.0,0.0,0.0,0.0,0.0,0.0,0.0,0.0,413.168246601793,0,7,P1_TARGET,1089.0,291.0,46
4573.0080224,702,433,0,7,16.552099999898928,60.41529473638428,0.0,60.41529473638428,3650.0078380841824,0.0,3650.0078380841824,220516.29932796868,0.0,0.0,0.0,412.22930512034196,0,7,P1_TARGET,1089.0,291.0,46
4573.0256136,705,433,0,7,17.591199999515084,170.53981536692766,0.0,170.53981536692766,6260.205138568093,0.0,6260.205138568093,148380.85523192637,0.0,0.0,0.0,409.41421567893804,0,7,P1_TARGET,1089.0,291.0,46
4573.0402108,709,433,0,7,14.597200000025623,274.02515550879474,0.0,274.02515550879474,7089.396606313911,0.0,7089.396606313911,56804.83022390339,0.0,0.0,0.0,405.664886328605,0,7,P1_TARGET,1089.0,291.0,46
4573.0558412,717,432,0,7,15.630400000191003,511.82311392557074,-63.97788924069634,515.8062332505905,15213.811445252208,-4093.170311694809,15754.81202338596,582023.5635914574,-0.12435499454676144,-0.12435499454676144,0.015424338743450021,397.82533855952414,0,7,P1_TARGET,1089.0,291.0,46
4573.0710998,726,429,0,7,15.258600000379374,589.8313082311768,-196.61043607705892,621.7367897624466,5112.408366669715,-8692.314290502727,10084.297051975038,727400.9550238242,-0.3217505543966422,-0.19739555984988075,0.020807318970990273,388.34649476981247,0,7,P1_TARGET,1089.0,291.0,46
4573.0866359,745,422,0,7,15.536099999735598,1222.9581426692255,-450.56352624655676,1303.31658084469,40751.979869389594,-16345.99997256839,43908.03546480234,2346285.9062423543,-0.3529903878269105,-0.031239833430268316,0.0015428254036739645,368.099171419877,0,7,P1_TARGET,1089.0,291.0,46
4573.1017685,760,416,0,7,15.132599999560625,991.2374608749009,-396.49498434996036,1067.5954179633761,-15312.681350267147,3572.984278852694,15724.007974805527,3931776.5227070237,-0.3805063771123649,-0.0275159892854544,0.0017031969785461971,351.94601858807835,0,7,P1_TARGET,1089.0,291.0,46
4573.1098354,778,405,0,7,8.066899999903399,2231.340415799818,-1363.5969207665553,2615.0098687205245,153727.32461537482,-119885.20205136745,194947.56219121598,25948479.09490863,-0.5485494024505281,-0.16804302533816318,0.00796600337738725,331.23556572324776,0,7,P1_TARGET,1089.0,291.0,46
4573.11805,778,405,0,7,8.214600000428618,0.0,0.0,0.0,-271631.0490691442,165996.75220892145,318336.8476351958,62389153.37582164,-0.5485494024505281,0.0,0.0,331.23556572324776,0,7,P1_TARGET,1089.0,291.0,46
4573.1261097,815,373,0,7,8.059699999648728,4590.741591078154,-3970.3711057973223,6069.493807048907,569592.1177312103,-492620.20992969535,753066.9636975866,132558103.5035021,-0.7130608328588534,-0.16451143040832528,0.0033629834434670556,286.0069929215018,0,7,P1_TARGET,1089.0,291.0,46
4573.1341738,815,373,0,7,8.06410000041069,0.0,0.0,0.0,-569281.3321814407,492351.4224271919,752656.0690889,186719290.77141935,-0.7130608328588534,0.0,0.0,286.0069929215018,0,7,P1_TARGET,1089.0,291.0,46
4573.1491322,832,349,0,7,14.95840000006865,1136.4851855761299,-1604.4496737545362,1966.1783572822299,75976.38688435355,-107260.78148379324,131443.09266186264,58886478.531856015,-0.9544993893988253,-0.24143855653997193,0.0082091572007693,263.46346995361614,0,7,P1_TARGET,1089.0,291.0,46
4573.1576584,832,349,0,7,8.526200000233075,0.0,0.0,0.0,-133293.28253443065,188178.75181331384,230604.29701725056,42462924.82808475,-0.9544993893988253,0.0,0.0,263.46346995361614,0,7,P1_TARGET,1089.0,291.0,46
4573.1751073,856,316,0,7,17.448899999180867,1375.4448705148561,-1891.236696957927,2338.5091053374067,78827.02465940121,-108387.15890667668,134020.4313995259,20896337.720672425,-0.9420000403794636,0.012499349019361672,0.0003063234721896199,234.33736364481018,0,7,P1_TARGET,1089.0,291.0,46
4573.1904423,903,260,0,7,15.335000000050059,3064.8842517017656,-3651.77698075104,4767.493114150525,110168.85433201138,-114805.36575072487,159114.57654779984,2086223.9221504016,-0.8725554379517315,0.0694446024277321,0.0009498710272696795,188.56563843924482,0,7,P1_TARGET,1089.0,291.0,46
4573.2080781,1012,184,0,7,17.63580000078946,6180.609895503502,-4309.416073929047,7534.653646892726,176670.50225463332,-37290.00630243984,180563.03867885144,5791217.713948934,-0.6088763980642372,0.2636790398874943,0.00198434485809017,131.8256424221024,0,7,P1_TARGET,1089.0,291.0,46
4573.2254685,1067,164,0,7,17.39039999938541,3162.6644586636157,-1150.0598031504057,3365.276218814196,-173540.88675053726,181672.43254268423,251239.5512655978,23750375.49675554,-0.348771003583907,0.2601053944803302,0.004444460711754181,128.89142717807107,0,7,P1_TARGET,1089.0,291.0,46
4573.2405541,1086,159,0,7,15.08560000002035,1259.4792384773805,-331.44190486246856,1302.3600456304025,-126159.06693692449,54264.85511261288,137334.57201589213,9010765.603580719,-0.25732371497108864,0.09144728861281837,0.0046545444378507895,132.03408650799233,0,7,P1_TARGET,1089.0,291.0,46
4573.2579016,1092,159,0,7,17.347500000141736,345.87116298895967,0.0,345.87116298895967,-52665.11459754756,19106.032849676354,56023.698439372325,4696404.501321092,0.0,0.25732371497108864,0.042887285828514775,132.03408650799233,0,7,P1_TARGET,1089.0,291.0,46
4573.2732305,1092,163,0,7,15.328899999985879,0.0,260.94501236251034,260.94501236251034,-22563.338725497477,17023.074869217668,28264.630414079787,1968422.862513128,1.5707963267948966,1.5707963267948966,0.39269908169872414,128.03515142334936,0,7,P1_TARGET,1089.0,291.0,46
4573.2891567,1092,175,0,7,15.926199999739765,0.0,753.4754053192903,753.4754053192903,0.0,30925.794788764924,30925.794788764924,1664090.5571540452,1.5707963267948966,0.0,0.0,116.03878661895772,0,7,P1_TARGET,1089.0,291.0,46
4573.3049572,1092,196,0,7,15.80050000029587,0.0,1329.0718647895173,1329.0718647895173,0.0,36429.00284544469,36429.00284544469,348293.2854388604,1.5707963267948966,0.0,0.0,95.04735661763561,0,7,P1_TARGET,1089.0,291.0,46
4573.3207122,1092,221,0,7,15.755000000353903,0.0,1586.797841919291,1586.797841919291,0.0,16358.36097264261,16358.36097264261,1273922.0483878918,1.5707963267948966,0.0,0.0,70.06425622241343,0,7,P1_TARGET,1089.0,291.0,46
4573.3363046,1092,230,0,7,15.59240000005957,0.0,577.2042790055166,577.2042790055166,0.0,-64749.08050780619,64749.08050780619,5201729.142411619,1.5707963267948966,0.0,0.0,61.07372593840988,0,7,P1_TARGET,1089.0,291.0,46
4573.3516173,1092,239,0,7,15.312699999412871,0.0,587.7474253622864,587.7474253622864,0.0,688.5230140454723,688.5230140454723,4273420.332427378,1.5707963267948966,0.0,0.0,52.08646657242167,0,7,P1_TARGET,1089.0,291.0,46
4573.3669397,1092,240,0,7,15.32240000051388,0.0,65.26392731990173,65.26392731990173,0.0,-34099.32504208621,34099.32504208621,2270391.5871511623,1.5707963267948966,0.0,0.0,51.088159097779204,0,7,P1_TARGET,1089.0,291.0,46
4573.3822022,1092,240,0,7,15.262500000062573,0.0,0.0,0.0,0.0,-4276.096794079224,4276.096794079224,1954019.8688212754,1.5707963267948966,0.0,0.0,51.088159097779204,0,7,P1_TARGET,1089.0,291.0,46
4573.391135,1092,240,0,7,8.93279999945662,0.0,0.0,0.0,0.0,0.0,0.0,478696.1304786112,1.5707963267948966,0.0,0.0,51.088159097779204,0,7,P1_TARGET,1089.0,291.0,46
4573.400424,1092,241,0,7,9.289000000535452,0.0,107.65421465629845,107.65421465629845,0.0,11589.429933264384,11589.429933264384,1247650.9777797747,1.5707963267948966,0.0,0.0,50.08991914547278,0,7,P1_TARGET,1089.0,291.0,46
4573.4088078,1092,241,0,7,8.383800000046904,0.0,0.0,0.0,0.0,-12840.742223776351,12840.742223776351,2913973.6344979675,1.5707963267948966,0.0,0.0,50.08991914547278,0,7,P1_TARGET,1089.0,291.0,46
4573.4260297,1092,248,0,7,17.2218999996403,0.0,406.4592176325611,406.4592176325611,0.0,23601.29937121052,23601.29937121052,2116029.102233087,1.5707963267948966,0.0,0.0,43.104524124504614,0,7,P1_TARGET,1089.0,291.0,46
4573.4412908,1092,252,0,7,15.261100000316219,0.0,262.1043044025082,262.1043044025082,0.0,-9459.01102981186,9459.01102981186,2166312.415247744,1.5707963267948966,0.0,0.0,39.11521443121589,0,7,P1_TARGET,1089.0,291.0,46
4573.4577457,1092,256,0,7,16.454899999189365,0.0,243.08868484141843,243.08868484141843,0.0,-1155.6204876375161,1155.6204876375161,504615.0716554584,1.5707963267948966,0.0,0.0,35.12833614050059,0,7,P1_TARGET,1089.0,291.0,46
4573.4765675,1092,260,0,7,18.821800000296207,0.0,212.51952522803612,212.51952522803612,0.0,-1624.1358219140163,1624.1358219140163,24892.164100624115,1.5707963267948966,0.0,0.0,31.144823004794873,0,7,P1_TARGET,1089.0,291.0,46
4573.491707,1091,267,0,7,15.139500000259432,-66.05237953584094,462.3666567508866,467.0608548330067,-4362.916842346779,16502.99755728849,17069.972810438307,1231532.4155816524,1.7126933813990606,0.14189705460416402,0.02006727390820044,24.08318915758459,0,7,P1_TARGET,1089.0,291.0,46
4573.5072949,1091,271,0,7,15.587899999445654,0.0,256.6092931146755,256.6092931146755,4237.4136053086,-13199.812908956843,13863.287304745514,1983772.6504796608,1.5707963267948966,-0.14189705460416402,0.035474263651041005,20.09975124224178,1,7,P1_TARGET,1089.0,291.0,46
4573.5225547,1091,275,0,7,15.25980000042182,0.0,262.1266333693384,262.1266333693384,0.0,361.5604565269774,361.5604565269774,931072.0896852402,1.5707963267948966,0.0,0.0,16.1245154965971,1,7,P1_TARGET,1089.0,291.0,46
4573.5386566,1091,281,0,7,16.101899999739544,0.0,372.62683286426153,372.62683286426153,0.0,6862.556561443715,6862.556561443715,403740.93150633737,1.5707963267948966,0.0,0.0,10.198039027185569,1,7,P1_TARGET,1089.0,291.0,46
4573.5540867,1091,283,0,7,15.430100000230595,0.0,129.61678796444033,129.61678796444033,0.0,-15749.090731504626,15749.090731504626,1465424.5463483983,1.5707963267948966,0.0,0.0,8.246211251235321,1,7,P1_TARGET,1089.0,291.0,46
4573.5697108,1091,286,0,7,15.624100000422914,0.0,192.01105983184925,192.01105983184925,0.0,3993.463422899241,3993.463422899241,1263596.2489915884,1.5707963267948966,0.0,0.0,5.385164807134504,1,7,P1_TARGET,1089.0,291.0,46
4573.5848652,1091,288,0,7,15.154400000028545,0.0,131.9748719841256,131.9748719841256,0.0,-3961.634102809123,3961.634102809123,524936.4887882977,1.5707963267948966,0.0,0.0,3.605551275463989,1,7,P1_TARGET,1089.0,291.0,46
4573.600499,1092,290,0,7,15.633799999704934,63.96397549021182,127.92795098042365,143.02779730724407,4091.390160512419,-258.8571558916152,4099.57076688452,352963.10775704746,1.1071487177940904,-0.46364760900080615,0.20734951426620918,3.1622776601683795,1,7,P1_TARGET,1089.0,291.0,46
4573.6085694,1092,292,0,7,8.070400000178779,0.0,247.81919111267038,247.81919111267038,-7925.750333167484,14855.675075534156,16837.71363022757,2392645.0409787023,1.5707963267948966,0.46364760900080615,0.23182380450040307,3.1622776601683795,1,7,P1_TARGET,1089.0,291.0,46
4573.6166257,1092,292,0,7,8.056300000134797,0.0,0.0,0.0,0.0,-30760.918921654345,30760.918921654345,5747056.662946372,1.5707963267948966,0.0,0.0,3.1622776601683795,1,7,P1_TARGET,1089.0,291.0,46
4573.6246805,1093,293,0,7,8.054799999626994,124.1495754142013,124.1495754142013,175.57401331362482,15413.117075526454,15413.117075526454,21797.439206653846,6043427.114068217,0.7853981633974483,-0.7853981633974483,0.5553603672697958,4.47213595499958,1,7,P1_TARGET,1089.0,291.0,46
4573.6327581,1093,293,0,7,8.077599999523954,0.0,0.0,0.0,-15369.611694255464,-15369.611694255464,21735.9133064242,5389391.962419982,0.7853981633974483,0.0,0.0,4.47213595499958,1,7,P1_TARGET,1089.0,291.0,46
4573.6483922,1093,293,1,7,15.634100000170292,0.0,0.0,0.0,0.0,0.0,0.0,1390288.7474294933,0.7853981633974483,0.0,0.0,4.47213595499958,1,7,P1_TARGET,1089.0,291.0,46
4573.6644102,1093,293,1,7,16.018000000258326,0.0,0.0,0.0,0.0,0.0,0.0,0.0,0.7853981633974483,0.0,0.0,4.47213595499958,1,7,P1_TARGET,1089.0,291.0,46
4573.6798216,1093,293,1,7,15.411399999720743,0.0,0.0,0.0,0.0,0.0,0.0,0.0,0.7853981633974483,0.0,0.0,4.47213595499958,1,7,P1_TARGET,1089.0,291.0,46
4573.6957361,1093,293,1,7,15.914500000690168,0.0,0.0,0.0,0.0,0.0,0.0,0.0,0.7853981633974483,0.0,0.0,4.47213595499958,1,7,P1_TARGET,1089.0,291.0,46
4573.7037945,1093,293,0,,8.058399999754329,0.0,0.0,0.0,0.0,0.0,0.0,0.0,0.7853981633974483,0.0,0.0,0.0,0,,,0.0,0.0,
4573.7118522,1093,293,0,,8.057699999881152,0.0,0.0,0.0,0.0,0.0,0.0,0.0,0.7853981633974483,0.0,0.0,0.0,0,,,0.0,0.0,
4573.7242937,1093,293,0,,12.441500000022643,0.0,0.0,0.0,0.0,0.0,0.0,0.0,0.7853981633974483,0.0,0.0,0.0,0,,,0.0,0.0,
4573.7412702,1093,292,0,,16.97650000005524,0.0,-58.90495685192744,58.90495685192744,0.0,-3469.7939417274333,3469.7939417274333,204388.0624225337,-1.5707963267948966,-2.356194490192345,2.356194490192345,0.0,0,,,0.0,0.0,
4573.7574562,1097,286,0,,16.185999999834166,247.12714691962077,-370.6907203794312,445.5147998889077,15267.956686157959,-19262.68154767689,24579.6949081474,1357127.7591851417,-0.982793723247329,0.5880026035475675,0.08154128989219533,0.0,0,,,0.0,0.0,
4573.7730965,1103,281,0,,15.640300000086427,383.6243550294332,-319.6869625245277,499.36699908975504,8727.275570740854,3261.047285194123,9316.639323485806,1499599.5357851058,-0.6947382761967033,0.2880554470506258,0.036881720688037654,0.0,0,,,0.0,0.0,
4573.7884442,1121,263,0,,15.347700000347686,1172.8141675685756,-1172.8141675685756,1658.6097019187914,51420.72183592748,-55586.64848965782,75722.95638999184,4737086.423066039,-0.7853981633974483,-0.09065988720074503,0.0035614567234030165,0.0,0,,,0.0,0.0,
4573.8037397,1145,233,0,,15.295499999410822,1569.0889477901653,-1961.3611847377065,2511.767868070803,25907.93241390305,-51554.1837272077,57697.9620241656,1688699.4500466168,-0.8960553845713439,-0.11065722117389565,0.0028802924184777993,0.0,0,,,0.0,0.0,
4573.8197856,1196,162,0,,16.04589999988093,3178.3820166134933,-4424.806336854079,5448.029309961178,100293.10096880012,-153524.89745883076,183381.02475905852,7866107.6890276745,-0.9478872726146517,-0.05183188804330774,0.0005929164670887789,0.0,0,,,0.0,0.0,
4573.8350159,1226,123,0,,15.230300000439456,1969.7576540931157,-2560.68495032105,3230.642758130204,-79356.56963326421,122395.57897607014,145870.294771919,21618145.18979841,-0.9151007005533603,0.03278657206129132,0.0006663441932381065,0.0,0,,,0.0,0.0,
4573.8507003,1248,87,0,,15.68440000028204,1402.6676187552212,-2295.2742852358165,2689.936893900902,-36156.310431237216,16921.95207215201,39920.311195332666,7266955.800736863,-1.0222469243443686,-0.10714622379100824,0.002539609064035407,0.0,0,,,0.0,0.0,
4573.8659137,1265,58,0,,15.213399999993271,1117.4359446282565,-1906.2142584834965,2209.596318243002,-18748.71324799787,25573.509324180795,31709.913711797024,1277753.7193896542,-1.0405805540182667,-0.018333629673898066,0.0005453925897997948,0.0,0,,,0.0,0.0,
4573.8740118,1274,35,0,,8.09809999918798,1111.3718033739342,-2840.172386400054,3049.8731891349203,-748.8350668589377,-115330.52543315203,115332.95648098284,17541038.67352696,-1.1978086049948355,-0.1572280509765689,0.006365977706049475,0.0,0,,,0.0,0.0,
4573.8820696,1274,35,0,,8.057800000642601,0.0,0.0,0.0,-137924.96752032856,352474.9169963952,378499.4897976738,60500763.169993065,-1.1978086049948355,0.0,0.0,0.0,0,,,0.0,0.0,
4573.8904526,1274,35,0,,8.382999999412277,0.0,0.0,0.0,0.0,0.0,0.0,45150839.773853034,-1.1978086049948355,0.0,0.0,0.0,0,,,0.0,0.0,
4573.8986263,1282,20,0,,8.173700000043027,978.7489141952711,-1835.1542141161333,2079.841442664951,119743.67962980278,-224519.3993058802,254455.3192133309,31130983.42390734,-1.0808390005411683,0.11696960445366722,0.006880564967862777,0.0,0,,,0.0,0.0,
4573.9078757,1282,20,0,,9.249400000044261,0.0,0.0,0.0,-105817.55726756195,198407.91987667864,224862.30919356912,51821483.38320392,-1.0808390005411683,0.0,0.0,0.0,0,,,0.0,0.0,
4573.9239666,1289,6,0,,16.090900000563124,435.02849435115655,-870.0569887023131,972.7532855185693,27035.684413919178,-54071.368827838356,60453.62816775485,17730484.188371383,-1.1071487177940904,-0.026309717252922082,0.0016808661784666514,0.0,0,,,0.0,0.0,
4573.9413651,1289,6,0,,17.39850000012666,0.0,0.0,0.0,-25003.793105611952,50007.586211223905,55910.1810794889,6688151.8088568915,-1.1071487177940904,0.0,0.0,0.0,0,,,0.0,0.0,
4573.9569696,1296,0,0,,15.60449999942648,448.58854819169306,-384.5044698785941,590.8260090122553,28747.383652675846,-24640.614559436443,37862.54023095711,5894879.369895696,-0.7086262721276703,0.39852244566642014,0.043225828294713525,0.0,0,,,0.0,0.0,
4573.9740678,1296,0,0,,17.09819999996398,0.0,0.0,0.0,-26236.010117593552,22488.008672223044,34554.86595159139,4235381.863745953,-0.7086262721276703,0.0,0.0,0.0,0,,,0.0,0.0,
4573.9890587,1296,0,0,,14.990900000157126,0.0,0.0,0.0,0.0,0.0,0.0,2305056.1308013,-0.7086262721276703,0.0,0.0,0.0,0,,,0.0,0.0,
4574.0051805,1296,0,0,,16.12180000029184,0.0,0.0,0.0,0.0,0.0,0.0,0.0,-0.7086262721276703,0.0,0.0,0.0,0,,,0.0,0.0,
4574.02088,1296,0,0,,15.699499999755062,0.0,0.0,0.0,0.0,0.0,0.0,0.0,-0.7086262721276703,0.0,0.0,0.0,0,,,0.0,0.0,
4574.036322,1296,0,0,,15.441999999893596,0.0,0.0,0.0,0.0,0.0,0.0,0.0,-0.7086262721276703,0.0,0.0,0.0,0,,,0.0,0.0,
4574.0515394,1296,0,0,,15.21740000043792,0.0,0.0,0.0,0.0,0.0,0.0,0.0,-0.7086262721276703,0.0,0.0,0.0,0,,,0.0,0.0,
4574.067336,1296,0,0,,15.796599999703176,0.0,0.0,0.0,0.0,0.0,0.0,0.0,-0.7086262721276703,0.0,0.0,0.0,0,,,0.0,0.0,
4574.0832028,1296,0,0,,15.86680000036722,0.0,0.0,0.0,0.0,0.0,0.0,0.0,-0.7086262721276703,0.0,0.0,0.0,0,,,0.0,0.0,
4574.0912605,1296,0,0,,8.057699999881152,0.0,0.0,0.0,0.0,0.0,0.0,0.0,-0.7086262721276703,0.0,0.0,0.0,0,,,0.0,0.0,
4574.0993235,1296,0,0,,8.062999999310705,0.0,0.0,0.0,0.0,0.0,0.0,0.0,-0.7086262721276703,0.0,0.0,0.0,0,,,0.0,0.0,
4574.1079858,1296,0,0,,8.662300000651157,0.0,0.0,0.0,0.0,0.0,0.0,0.0,-0.7086262721276703,0.0,0.0,0.0,0,,,0.0,0.0,
4574.1237335,1296,0,0,,15.747699999337783,0.0,0.0,0.0,0.0,0.0,0.0,0.0,-0.7086262721276703,0.0,0.0,0.0,0,,,0.0,0.0,
4574.1412347,1295,0,0,,17.501199999969685,-57.1389390442788,0.0,57.1389390442788,-3264.858355105808,0.0,3264.858355105808,186550.5425405951,3.141592653589793,-2.4329663814621227,2.4329663814621227,0.0,0,,,0.0,0.0,
4574.157782,1295,0,0,,16.547300000638643,0.0,0.0,0.0,3453.0672098815835,0.0,3453.0672098815835,405983.18545793655,3.141592653589793,0.0,0.0,0.0,0,,,0.0,0.0,
4574.1740985,1295,0,0,,16.316499999447842,0.0,0.0,0.0,0.0,0.0,0.0,211630.3870314367,3.141592653589793,0.0,0.0,0.0,0,,,0.0,0.0,
4574.1902995,1294,0,0,,16.20100000036473,-61.72458490077694,0.0,61.72458490077694,-3809.924381173221,0.0,3809.924381173221,235166.00093126652,3.141592653589793,0.0,0.0,0.0,0,,,0.0,0.0,
4574.2054455,1294,0,0,,15.14599999973143,0.0,0.0,0.0,4075.3060149129437,0.0,4075.3060149129437,520614.7099053206,3.141592653589793,0.0,0.0,0.0,0,,,0.0,0.0,
4574.2207927,1294,0,0,,15.347200000178418,0.0,0.0,0.0,0.0,0.0,0.0,265540.6859144057,3.141592653589793,0.0,0.0,0.0,0,,,0.0,0.0,
4574.2364782,1294,0,0,,15.68550000047253,0.0,0.0,0.0,0.0,0.0,0.0,0.0,3.141592653589793,0.0,0.0,0.0,0,,,0.0,0.0,
4574.252319,1293,0,0,,15.840799999750743,-63.12812484317302,0.0,63.12812484317302,-3985.1601462152385,0.0,3985.1601462152385,251575.6872303132,3.141592653589793,0.0,0.0,0.0,0,,,0.0,0.0,
4574.2683142,1293,0,0,,15.99519999945187,0.0,0.0,0.0,3946.691810376633,0.0,3946.691810376633,495889.51415822766,3.141592653589793,0.0,0.0,0.0,0,,,0.0,0.0,
4574.2783178,1293,0,1,,10.003600000345614,0.0,0.0,0.0,0.0,0.0,0.0,394527.15124957805,3.141592653589793,0.0,0.0,0.0,0,,,0.0,0.0,
4574.2991084,1293,0,1,,20.79059999960009,0.0,0.0,0.0,0.0,0.0,0.0,0.0,3.141592653589793,0.0,0.0,0.0,0,,,0.0,0.0,
4574.3149752,1293,0,1,,15.86680000036722,0.0,0.0,0.0,0.0,0.0,0.0,0.0,3.141592653589793,0.0,0.0,0.0,0,,,0.0,0.0,
4574.3309714,1293,0,1,,15.996199999790406,0.0,0.0,0.0,0.0,0.0,0.0,0.0,3.141592653589793,0.0,0.0,0.0,0,,,0.0,0.0,
4574.346581,1293,0,1,,15.609600000061619,0.0,0.0,0.0,0.0,0.0,0.0,0.0,3.141592653589793,0.0,0.0,0.0,0,,,0.0,0.0,
4574.3623214,1293,0,1,,15.740400000140653,0.0,0.0,0.0,0.0,0.0,0.0,0.0,3.141592653589793,0.0,0.0,0.0,0,,,0.0,0.0,
