session_id,t,x,y,event_type,buttons,button,click_id,target_id,label,phase,extra
2026-02-27_164756,5454.163857,728,428,down,1,left,1,0,BASE,0,{}
2026-02-27_164756,5454.243519,728,428,up,1,left,1,,,,"{""hold_ms"": 79.661}"
2026-02-27_164756,5454.422298,728,428,session_start,0,,1,,,,"{""mode"": ""NORMAL""}"
2026-02-27_164756,5454.422342,728,428,move,0,,1,,,,{}
2026-02-27_164756,5454.4378,728,428,move,0,,1,,,,{}
2026-02-27_164756,5454.452851,728,428,move,0,,1,,,,{}
2026-02-27_164756,5454.468585,728,428,move,0,,1,,,,{}
2026-02-27_164756,5454.478117,728,428,move,0,,1,,,,{}
2026-02-27_164756,5454.500239,728,428,move,0,,1,,,,{}
2026-02-27_164756,5454.515557,728,428,move,0,,1,,,,{}
2026-02-27_164756,5454.530697,728,428,move,0,,1,,,,{}
2026-02-27_164756,5454.541386,728,428,move,0,,1,,,,{}
2026-02-27_164756,5454.561605,726,428,move,0,,1,,,,{}
2026-02-27_164756,5454.571827,726,428,move,0,,1,,,,{}
2026-02-27_164756,5454.592638,725,428,move,0,,1,,,,{}
2026-02-27_164756,5454.608187,725,428,move,0,,1,,,,{}
2026-02-27_164756,5454.620535,725,428,move,0,,1,,,,{}
2026-02-27_164756,5454.638741,724,428,move,0,,1,,,,{}
2026-02-27_164756,5454.654728,724,428,move,0,,1,,,,{}
2026-02-27_164756,5454.670196,724,428,move,0,,1,,,,{}
2026-02-27_164756,5454.686084,724,428,move,0,,1,,,,{}
2026-02-27_164756,5454.6922,724,428,target_spawn,1,,2,1,P1_TARGET,1,"{""label"": ""P1_TARGET"", ""size"": 46}"
2026-02-27_164756,5454.692227,724,428,down,1,left,2,0,BASE,0,{}
2026-02-27_164756,5454.701529,724,428,move,1,,2,1,P1_TARGET,1,{}
2026-02-27_164756,5454.716671,724,428,move,1,,2,1,P1_TARGET,1,{}
2026-02-27_164756,5454.732306,724,428,move,1,,2,1,P1_TARGET,1,{}
2026-02-27_164756,5454.747801,724,428,move,1,,2,1,P1_TARGET,1,{}
2026-02-27_164756,5454.763362,724,428,move,1,,2,1,P1_TARGET,1,{}
2026-02-27_164756,5454.779288,724,428,move,1,,2,1,P1_TARGET,1,{}
2026-02-27_164756,5454.783613,724,428,up,1,left,2,,,,"{""hold_ms"": 91.58}"
2026-02-27_164756,5454.788069,724,428,move,0,,2,1,P1_TARGET,1,{}
2026-02-27_164756,5454.810575,724,428,move,0,,2,1,P1_TARGET,1,{}
2026-02-27_164756,5454.826154,724,428,move,0,,2,1,P1_TARGET,1,{}
2026-02-27_164756,5454.842003,724,428,move,0,,2,1,P1_TARGET,1,{}
2026-02-27_164756,5454.857189,724,428,move,0,,2,1,P1_TARGET,1,{}
2026-02-27_164756,5454.873088,724,428,move,0,,2,1,P1_TARGET,1,{}
2026-02-27_164756,5454.888924,724,428,move,0,,2,1,P1_TARGET,1,{}
2026-02-27_164756,5454.905018,724,428,move,0,,2,1,P1_TARGET,1,{}
2026-02-27_164756,5454.921063,724,428,move,0,,2,1,P1_TARGET,1,{}
2026-02-27_164756,5454.936618,724,428,move,0,,2,1,P1_TARGET,1,{}
2026-02-27_164756,5454.952568,724,428,move,0,,2,1,P1_TARGET,1,{}
2026-02-27_164756,5454.967831,724,428,move,0,,2,1,P1_TARGET,1,{}
2026-02-27_164756,5454.983611,724,429,move,0,,2,1,P1_TARGET,1,{}
2026-02-27_164756,5454.999131,734,442,move,0,,2,1,P1_TARGET,1,{}
2026-02-27_164756,5455.014936,750,459,move,0,,2,1,P1_TARGET,1,{}
2026-02-27_164756,5455.030116,764,471,move,0,,2,1,P1_TARGET,1,{}
2026-02-27_164756,5455.04574,793,501,move,0,,2,1,P1_TARGET,1,{}
2026-02-27_164756,5455.061789,823,521,move,0,,2,1,P1_TARGET,1,{}
2026-02-27_164756,5455.069852,841,532,move,0,,2,1,P1_TARGET,1,{}
2026-02-27_164756,5455.077906,841,532,move,0,,2,1,P1_TARGET,1,{}
2026-02-27_164756,5455.086447,841,532,move,0,,2,1,P1_TARGET,1,{}
2026-02-27_164756,5455.095767,874,547,move,0,,2,1,P1_TARGET,1,{}
2026-02-27_164756,5455.109301,902,556,move,0,,2,1,P1_TARGET,1,{}
2026-02-27_164756,5455.120362,902,556,move,0,,2,1,P1_TARGET,1,{}
2026-02-27_164756,5455.136307,928,564,move,0,,2,1,P1_TARGET,1,{}
2026-02-27_164756,5455.153772,942,569,move,0,,2,1,P1_TARGET,1,{}
2026-02-27_164756,5455.169918,957,575,move,0,,2,1,P1_TARGET,1,{}
2026-02-27_164756,5455.186503,968,581,move,0,,2,1,P1_TARGET,1,{}
2026-02-27_164756,5455.201747,978,585,move,0,,2,1,P1_TARGET,1,{}
2026-02-27_164756,5455.217149,983,589,move,0,,2,1,P1_TARGET,1,{}
2026-02-27_164756,5455.232253,986,590,move,0,,2,1,P1_TARGET,1,{}
2026-02-27_164756,5455.247552,987,591,move,0,,2,1,P1_TARGET,1,{}
2026-02-27_164756,5455.262976,990,593,move,0,,2,1,P1_TARGET,1,{}
2026-02-27_164756,5455.271066,994,597,move,0,,2,1,P1_TARGET,1,{}
2026-02-27_164756,5455.279134,994,597,move,0,,2,1,P1_TARGET,1,{}
2026-02-27_164756,5455.28729,994,597,move,0,,2,1,P1_TARGET,1,{}
2026-02-27_164756,5455.303672,997,599,move,0,,2,1,P1_TARGET,1,{}
2026-02-27_164756,5455.319714,998,600,move,0,,2,1,P1_TARGET,1,{}
2026-02-27_164756,5455.337306,1000,600,move,0,,2,1,P1_TARGET,1,{}
2026-02-27_164756,5455.353992,1004,603,move,0,,2,1,P1_TARGET,1,{}
2026-02-27_164756,5455.370748,1006,605,move,0,,2,1,P1_TARGET,1,{}
2026-02-27_164756,5455.385837,1011,609,move,0,,2,1,P1_TARGET,1,{}
2026-02-27_164756,5455.401884,1012,609,move,0,,2,1,P1_TARGET,1,{}
2026-02-27_164756,5455.40544,1012,609,down,1,left,3,1,P1_TARGET,1,{}
2026-02-27_164756,5455.417052,1012,609,move,1,,3,1,P1_TARGET,1,{}
2026-02-27_164756,5455.433148,1012,609,move,1,,3,1,P1_TARGET,1,{}
2026-02-27_164756,5455.448856,1012,609,move,1,,3,1,P1_TARGET,1,{}
2026-02-27_164756,5455.464371,1012,609,move,1,,3,1,P1_TARGET,1,{}
2026-02-27_164756,5455.480365,1012,609,move,1,,3,1,P1_TARGET,1,{}
2026-02-27_164756,5455.496084,1012,609,move,1,,3,1,P1_TARGET,1,{}
2026-02-27_164756,5455.504764,1011,609,target_end,1,,3,1,P1_TARGET,1,"{""outcome"": ""HIT""}"
2026-02-27_164756,5455.504945,1011,609,up,1,left,3,1,P1_TARGET,1,"{""hold_ms"": 99.144}"
2026-02-27_164756,5455.504984,1011,609,move,0,,3,,,,{}
2026-02-27_164756,5455.519748,1011,609,move,0,,3,,,,{}
2026-02-27_164756,5455.527959,1009,609,move,0,,3,,,,{}
2026-02-27_164756,5455.536341,1009,609,move,0,,3,,,,{}
2026-02-27_164756,5455.553208,1006,607,move,0,,3,,,,{}
2026-02-27_164756,5455.570207,999,601,move,0,,3,,,,{}
2026-02-27_164756,5455.586177,983,587,move,0,,3,,,,{}
2026-02-27_164756,5455.60361,939,560,move,0,,3,,,,{}
2026-02-27_164756,5455.619698,889,533,move,0,,3,,,,{}
2026-02-27_164756,5455.635757,869,523,move,0,,3,,,,{}
2026-02-27_164756,5455.651258,811,493,move,0,,3,,,,{}
2026-02-27_164756,5455.666752,769,472,move,0,,3,,,,{}
2026-02-27_164756,5455.68267,720,443,move,0,,3,,,,{}
2026-02-27_164756,5455.698471,704,432,move,0,,3,,,,{}
2026-02-27_164756,5455.714178,695,425,move,0,,3,,,,{}
2026-02-27_164756,5455.729694,693,422,move,0,,3,,,,{}
2026-02-27_164756,5455.737952,691,419,move,0,,3,,,,{}
2026-02-27_164756,5455.746044,691,419,move,0,,3,,,,{}
2026-02-27_164756,5455.754151,691,419,move,0,,3,,,,{}
2026-02-27_164756,5455.770658,691,417,move,0,,3,,,,{}
2026-02-27_164756,5455.786668,690,417,move,0,,3,,,,{}
2026-02-27_164756,5455.808129,690,416,move,0,,3,,,,{}
2026-02-27_164756,5455.823417,690,416,move,0,,3,,,,{}
2026-02-27_164756,5455.838596,690,416,move,0,,3,,,,{}
2026-02-27_164756,5455.854407,690,416,move,0,,3,,,,{}
2026-02-27_164756,5455.869771,690,416,move,0,,3,,,,{}
2026-02-27_164756,5455.884997,690,416,move,0,,3,,,,{}
2026-02-27_164756,5455.887292,690,416,target_spawn,1,,4,2,P1_TARGET,1,"{""label"": ""P1_TARGET"", ""size"": 46}"
2026-02-27_164756,5455.887316,690,416,down,1,left,4,0,BASE,0,{}
2026-02-27_164756,5455.900978,690,416,move,1,,4,2,P1_TARGET,1,{}
2026-02-27_164756,5455.916783,690,416,move,1,,4,2,P1_TARGET,1,{}
2026-02-27_164756,5455.932904,690,416,move,1,,4,2,P1_TARGET,1,{}
2026-02-27_164756,5455.9485,690,416,move,1,,4,2,P1_TARGET,1,{}
2026-02-27_164756,5455.964402,690,416,move,1,,4,2,P1_TARGET,1,{}
2026-02-27_164756,5455.979997,690,416,move,1,,4,2,P1_TARGET,1,{}
2026-02-27_164756,5455.995168,690,416,move,1,,4,2,P1_TARGET,1,{}
2026-02-27_164756,5455.998338,690,416,up,1,left,4,,,,"{""hold_ms"": 111.192}"
2026-02-27_164756,5456.003284,690,416,move,0,,4,2,P1_TARGET,1,{}
2026-02-27_164756,5456.011342,690,416,move,0,,4,2,P1_TARGET,1,{}
2026-02-27_164756,5456.026856,690,416,move,0,,4,2,P1_TARGET,1,{}
2026-02-27_164756,5456.042096,690,416,move,0,,4,2,P1_TARGET,1,{}
2026-02-27_164756,5456.058235,690,416,move,0,,4,2,P1_TARGET,1,{}
2026-02-27_164756,5456.073445,690,416,move,0,,4,2,P1_TARGET,1,{}
2026-02-27_164756,5456.089422,690,416,move,0,,4,2,P1_TARGET,1,{}
2026-02-27_164756,5456.104662,690,416,move,0,,4,2,P1_TARGET,1,{}
2026-02-27_164756,5456.120198,690,416,move,0,,4,2,P1_TARGET,1,{}
2026-02-27_164756,5456.136045,690,416,move,0,,4,2,P1_TARGET,1,{}
2026-02-27_164756,5456.151801,690,416,move,0,,4,2,P1_TARGET,1,{}
2026-02-27_164756,5456.168041,690,416,move,0,,4,2,P1_TARGET,1,{}
2026-02-27_164756,5456.183643,690,416,move,0,,4,2,P1_TARGET,1,{}
2026-02-27_164756,5456.198991,690,416,move,0,,4,2,P1_TARGET,1,{}
2026-02-27_164756,5456.214354,690,416,move,0,,4,2,P1_TARGET,1,{}
2026-02-27_164756,5456.229601,690,416,move,0,,4,2,P1_TARGET,1,{}
2026-02-27_164756,5456.244945,690,416,move,0,,4,2,P1_TARGET,1,{}
2026-02-27_164756,5456.253294,690,416,move,0,,4,2,P1_TARGET,1,{}
2026-02-27_164756,5456.261379,692,420,move,0,,4,2,P1_TARGET,1,{}
2026-02-27_164756,5456.271102,692,420,move,0,,4,2,P1_TARGET,1,{}
2026-02-27_164756,5456.286543,697,427,move,0,,4,2,P1_TARGET,1,{}
2026-02-27_164756,5456.303951,707,445,move,0,,4,2,P1_TARGET,1,{}
2026-02-27_164756,5456.319862,715,463,move,0,,4,2,P1_TARGET,1,{}
2026-02-27_164756,5456.336291,723,480,move,0,,4,2,P1_TARGET,1,{}
2026-02-27_164756,5456.353634,729,494,move,0,,4,2,P1_TARGET,1,{}
2026-02-27_164756,5456.369386,730,498,move,0,,4,2,P1_TARGET,1,{}
2026-02-27_164756,5456.384697,730,498,move,0,,4,2,P1_TARGET,1,{}
2026-02-27_164756,5456.399884,730,498,move,0,,4,2,P1_TARGET,1,{}
2026-02-27_164756,5456.415857,730,498,move,0,,4,2,P1_TARGET,1,{}
2026-02-27_164756,5456.43176,730,498,move,0,,4,2,P1_TARGET,1,{}
2026-02-27_164756,5456.447078,730,498,move,0,,4,2,P1_TARGET,1,{}
2026-02-27_164756,5456.462244,730,498,move,0,,4,2,P1_TARGET,1,{}
2026-02-27_164756,5456.465769,730,498,down,1,left,5,2,P1_TARGET,1,{}
2026-02-27_164756,5456.477603,730,498,move,1,,5,2,P1_TARGET,1,{}
2026-02-27_164756,5456.493116,730,498,move,1,,5,2,P1_TARGET,1,{}
2026-02-27_164756,5456.508741,730,498,move,1,,5,2,P1_TARGET,1,{}
2026-02-27_164756,5456.525143,730,498,move,1,,5,2,P1_TARGET,1,{}
2026-02-27_164756,5456.540713,730,498,move,1,,5,2,P1_TARGET,1,{}
2026-02-27_164756,5456.554364,730,498,target_end,1,,5,2,P1_TARGET,1,"{""outcome"": ""HIT""}"
2026-02-27_164756,5456.554534,730,498,up,1,left,5,2,P1_TARGET,1,"{""hold_ms"": 88.458}"
2026-02-27_164756,5456.55457,730,498,move,0,,5,,,,{}
2026-02-27_164756,5456.571355,730,498,move,0,,5,,,,{}
2026-02-27_164756,5456.587341,730,498,move,0,,5,,,,{}
2026-02-27_164756,5456.60359,730,498,move,0,,5,,,,{}
2026-02-27_164756,5456.618694,730,498,move,0,,5,,,,{}
2026-02-27_164756,5456.633788,730,498,move,0,,5,,,,{}
2026-02-27_164756,5456.649908,730,498,move,0,,5,,,,{}
2026-02-27_164756,5456.665845,730,498,move,0,,5,,,,{}
2026-02-27_164756,5456.68114,730,496,move,0,,5,,,,{}
2026-02-27_164756,5456.696318,729,492,move,0,,5,,,,{}
2026-02-27_164756,5456.704389,727,484,move,0,,5,,,,{}
2026-02-27_164756,5456.712915,727,484,move,0,,5,,,,{}
2026-02-27_164756,5456.720962,724,476,move,0,,5,,,,{}
2026-02-27_164756,5456.736583,724,476,move,0,,5,,,,{}
2026-02-27_164756,5456.752129,720,467,move,0,,5,,,,{}
2026-02-27_164756,5456.768806,719,461,move,0,,5,,,,{}
2026-02-27_164756,5456.785353,717,457,move,0,,5,,,,{}
2026-02-27_164756,5456.802048,715,449,move,0,,5,,,,{}
2026-02-27_164756,5456.818678,714,447,move,0,,5,,,,{}
2026-02-27_164756,5456.835756,713,440,move,0,,5,,,,{}
2026-02-27_164756,5456.852204,711,434,move,0,,5,,,,{}
2026-02-27_164756,5456.867762,710,429,move,0,,5,,,,{}
2026-02-27_164756,5456.882806,710,429,move,0,,5,,,,{}
2026-02-27_164756,5456.884324,710,429,target_spawn,1,,6,3,P1_TARGET,1,"{""label"": ""P1_TARGET"", ""size"": 46}"
2026-02-27_164756,5456.884348,710,429,down,1,left,6,0,BASE,0,{}
2026-02-27_164756,5456.898565,710,429,move,1,,6,3,P1_TARGET,1,{}
2026-02-27_164756,5456.914171,710,429,move,1,,6,3,P1_TARGET,1,{}
2026-02-27_164756,5456.929562,710,429,move,1,,6,3,P1_TARGET,1,{}
2026-02-27_164756,5456.945506,710,429,move,1,,6,3,P1_TARGET,1,{}
2026-02-27_164756,5456.960901,710,429,move,1,,6,3,P1_TARGET,1,{}
2026-02-27_164756,5456.976686,710,429,move,1,,6,3,P1_TARGET,1,{}
2026-02-27_164756,5456.988452,710,429,up,1,left,6,,,,"{""hold_ms"": 104.268}"
2026-02-27_164756,5456.988501,710,429,move,0,,6,3,P1_TARGET,1,{}
2026-02-27_164756,5457.008115,710,429,move,0,,6,3,P1_TARGET,1,{}
2026-02-27_164756,5457.02384,710,429,move,0,,6,3,P1_TARGET,1,{}
2026-02-27_164756,5457.039812,710,429,move,0,,6,3,P1_TARGET,1,{}
2026-02-27_164756,5457.055966,710,429,move,0,,6,3,P1_TARGET,1,{}
2026-02-27_164756,5457.071238,710,429,move,0,,6,3,P1_TARGET,1,{}
2026-02-27_164756,5457.087449,710,429,move,0,,6,3,P1_TARGET,1,{}
2026-02-27_164756,5457.103381,710,430,move,0,,6,3,P1_TARGET,1,{}
2026-02-27_164756,5457.119274,710,432,move,0,,6,3,P1_TARGET,1,{}
2026-02-27_164756,5457.135019,709,434,move,0,,6,3,P1_TARGET,1,{}
2026-02-27_164756,5457.150646,707,436,move,0,,6,3,P1_TARGET,1,{}
2026-02-27_164756,5457.166092,702,441,move,0,,6,3,P1_TARGET,1,{}
2026-02-27_164756,5457.18159,697,447,move,0,,6,3,P1_TARGET,1,{}
2026-02-27_164756,5457.197311,688,462,move,0,,6,3,P1_TARGET,1,{}
2026-02-27_164756,5457.212862,681,475,move,0,,6,3,P1_TARGET,1,{}
2026-02-27_164756,5457.228418,661,506,move,0,,6,3,P1_TARGET,1,{}
2026-02-27_164756,5457.237277,661,506,move,0,,6,3,P1_TARGET,1,{}
2026-02-27_164756,5457.245343,646,522,move,0,,6,3,P1_TARGET,1,{}
2026-02-27_164756,5457.253397,638,530,move,0,,6,3,P1_TARGET,1,{}
2026-02-27_164756,5457.268893,638,530,move,0,,6,3,P1_TARGET,1,{}
2026-02-27_164756,5457.28655,621,545,move,0,,6,3,P1_TARGET,1,{}
2026-02-27_164756,5457.304397,608,560,move,0,,6,3,P1_TARGET,1,{}
2026-02-27_164756,5457.318747,599,570,move,0,,6,3,P1_TARGET,1,{}
2026-02-27_164756,5457.336737,592,581,move,0,,6,3,P1_TARGET,1,{}
2026-02-27_164756,5457.352646,587,591,move,0,,6,3,P1_TARGET,1,{}
2026-02-27_164756,5457.368048,583,596,move,0,,6,3,P1_TARGET,1,{}
2026-02-27_164756,5457.384025,571,605,move,0,,6,3,P1_TARGET,1,{}
2026-02-27_164756,5457.399933,562,610,move,0,,6,3,P1_TARGET,1,{}
2026-02-27_164756,5457.415036,556,614,move,0,,6,3,P1_TARGET,1,{}
2026-02-27_164756,5457.430607,548,617,move,0,,6,3,P1_TARGET,1,{}
2026-02-27_164756,5457.446313,541,620,move,0,,6,3,P1_TARGET,1,{}
2026-02-27_164756,5457.462361,529,626,move,0,,6,3,P1_TARGET,1,{}
2026-02-27_164756,5457.477743,524,628,move,0,,6,3,P1_TARGET,1,{}
2026-02-27_164756,5457.485827,520,629,move,0,,6,3,P1_TARGET,1,{}
2026-02-27_164756,5457.502016,520,629,move,0,,6,3,P1_TARGET,1,{}
2026-02-27_164756,5457.521365,515,629,move,0,,6,3,P1_TARGET,1,{}
2026-02-27_164756,5457.539196,511,630,move,0,,6,3,P1_TARGET,1,{}
2026-02-27_164756,5457.552785,511,630,move,0,,6,3,P1_TARGET,1,{}
2026-02-27_164756,5457.570788,510,630,move,0,,6,3,P1_TARGET,1,{}
2026-02-27_164756,5457.586424,510,630,move,0,,6,3,P1_TARGET,1,{}
2026-02-27_164756,5457.588325,510,630,down,1,left,7,3,P1_TARGET,1,{}
2026-02-27_164756,5457.601558,510,630,move,1,,7,3,P1_TARGET,1,{}
2026-02-27_164756,5457.616765,510,630,move,1,,7,3,P1_TARGET,1,{}
2026-02-27_164756,5457.63204,510,630,move,1,,7,3,P1_TARGET,1,{}
2026-02-27_164756,5457.648183,510,630,move,1,,7,3,P1_TARGET,1,{}
2026-02-27_164756,5457.663782,510,630,move,1,,7,3,P1_TARGET,1,{}
2026-02-27_164756,5457.670982,510,630,target_end,1,,7,3,P1_TARGET,1,"{""outcome"": ""HIT""}"
2026-02-27_164756,5457.671158,510,630,up,1,left,7,3,P1_TARGET,1,"{""hold_ms"": 82.51}"
2026-02-27_164756,5457.671844,510,630,move,0,,7,,,,{}
2026-02-27_164756,5457.679898,510,630,move,0,,7,,,,{}
2026-02-27_164756,5457.694488,510,630,move,0,,7,,,,{}
2026-02-27_164756,5457.70293,510,630,move,0,,7,,,,{}
2026-02-27_164756,5457.711917,511,630,move,0,,7,,,,{}
2026-02-27_164756,5457.719976,515,628,move,0,,7,,,,{}
2026-02-27_164756,5457.73569,515,628,move,0,,7,,,,{}
2026-02-27_164756,5457.752662,520,622,move,0,,7,,,,{}
2026-02-27_164756,5457.770244,530,612,move,0,,7,,,,{}
2026-02-27_164756,5457.785407,547,591,move,0,,7,,,,{}
2026-02-27_164756,5457.801747,576,563,move,0,,7,,,,{}
2026-02-27_164756,5457.818547,602,536,move,0,,7,,,,{}
2026-02-27_164756,5457.833925,632,506,move,0,,7,,,,{}
2026-02-27_164756,5457.849896,644,494,move,0,,7,,,,{}
2026-02-27_164756,5457.865245,660,482,move,0,,7,,,,{}
2026-02-27_164756,5457.881004,667,474,move,0,,7,,,,{}
2026-02-27_164756,5457.896219,670,471,move,0,,7,,,,{}
2026-02-27_164756,5457.911562,673,466,move,0,,7,,,,{}
2026-02-27_164756,5457.927666,677,460,move,0,,7,,,,{}
2026-02-27_164756,5457.935736,681,455,move,0,,7,,,,{}
2026-02-27_164756,5457.943792,681,455,move,0,,7,,,,{}
2026-02-27_164756,5457.951854,683,452,move,0,,7,,,,{}
2026-02-27_164756,5457.961348,683,452,move,0,,7,,,,{}
2026-02-27_164756,5457.969398,687,446,move,0,,7,,,,{}
2026-02-27_164756,5457.984982,687,446,move,0,,7,,,,{}
2026-02-27_164756,5458.001975,690,441,move,0,,7,,,,{}
2026-02-27_164756,5458.018592,691,440,move,0,,7,,,,{}
2026-02-27_164756,5458.035035,692,439,move,0,,7,,,,{}
2026-02-27_164756,5458.052046,693,438,move,0,,7,,,,{}
2026-02-27_164756,5458.069119,694,435,move,0,,7,,,,{}
2026-02-27_164756,5458.084402,696,434,move,0,,7,,,,{}
2026-02-27_164756,5458.098511,696,434,target_spawn,1,,8,4,P1_TARGET,1,"{""label"": ""P1_TARGET"", ""size"": 46}"
2026-02-27_164756,5458.098535,696,434,down,1,left,8,0,BASE,0,{}
2026-02-27_164756,5458.098569,696,434,move,1,,8,4,P1_TARGET,1,{}
2026-02-27_164756,5458.115146,696,434,move,1,,8,4,P1_TARGET,1,{}
2026-02-27_164756,5458.130287,697,434,move,1,,8,4,P1_TARGET,1,{}
2026-02-27_164756,5458.145648,699,434,move,1,,8,4,P1_TARGET,1,{}
2026-02-27_164756,5458.160816,699,433,move,1,,8,4,P1_TARGET,1,{}
2026-02-27_164756,5458.176135,699,433,move,1,,8,4,P1_TARGET,1,{}
2026-02-27_164756,5458.191559,699,433,move,1,,8,4,P1_TARGET,1,{}
2026-02-27_164756,5458.203222,699,433,up,1,left,8,,,,"{""hold_ms"": 104.846}"
2026-02-27_164756,5458.203265,699,433,move,0,,8,4,P1_TARGET,1,{}
2026-02-27_164756,5458.223357,699,433,move,0,,8,4,P1_TARGET,1,{}
2026-02-27_164756,5458.238826,699,433,move,0,,8,4,P1_TARGET,1,{}
2026-02-27_164756,5458.253979,699,433,move,0,,8,4,P1_TARGET,1,{}
2026-02-27_164756,5458.269598,699,433,move,0,,8,4,P1_TARGET,1,{}
2026-02-27_164756,5458.285274,699,433,move,0,,8,4,P1_TARGET,1,{}
2026-02-27_164756,5458.301047,699,433,move,0,,8,4,P1_TARGET,1,{}
2026-02-27_164756,5458.316489,699,433,move,0,,8,4,P1_TARGET,1,{}
2026-02-27_164756,5458.332366,699,433,move,0,,8,4,P1_TARGET,1,{}
2026-02-27_164756,5458.34754,699,433,move,0,,8,4,P1_TARGET,1,{}
2026-02-27_164756,5458.362838,699,433,move,0,,8,4,P1_TARGET,1,{}
2026-02-27_164756,5458.370902,699,434,move,0,,8,4,P1_TARGET,1,{}
2026-02-27_164756,5458.378983,699,434,move,0,,8,4,P1_TARGET,1,{}
2026-02-27_164756,5458.387062,699,435,move,0,,8,4,P1_TARGET,1,{}
2026-02-27_164756,5458.40243,699,435,move,0,,8,4,P1_TARGET,1,{}
2026-02-27_164756,5458.420678,700,436,move,0,,8,4,P1_TARGET,1,{}
2026-02-27_164756,5458.43597,713,435,move,0,,8,4,P1_TARGET,1,{}
2026-02-27_164756,5458.451944,726,432,move,0,,8,4,P1_TARGET,1,{}
2026-02-27_164756,5458.469138,770,421,move,0,,8,4,P1_TARGET,1,{}
2026-02-27_164756,5458.485361,830,410,move,0,,8,4,P1_TARGET,1,{}
2026-02-27_164756,5458.501804,895,400,move,0,,8,4,P1_TARGET,1,{}
2026-02-27_164756,5458.518014,1020,387,move,0,,8,4,P1_TARGET,1,{}
2026-02-27_164756,5458.533208,1067,384,move,0,,8,4,P1_TARGET,1,{}
2026-02-27_164756,5458.548398,1112,379,move,0,,8,4,P1_TARGET,1,{}
2026-02-27_164756,5458.564486,1143,379,move,0,,8,4,P1_TARGET,1,{}
2026-02-27_164756,5458.580685,1167,376,move,0,,8,4,P1_TARGET,1,{}
2026-02-27_164756,5458.595887,1176,375,move,0,,8,4,P1_TARGET,1,{}
2026-02-27_164756,5458.611108,1180,373,move,0,,8,4,P1_TARGET,1,{}
2026-02-27_164756,5458.626928,1181,373,move,0,,8,4,P1_TARGET,1,{}
2026-02-27_164756,5458.642989,1181,373,move,0,,8,4,P1_TARGET,1,{}
2026-02-27_164756,5458.658924,1181,373,move,0,,8,4,P1_TARGET,1,{}
2026-02-27_164756,5458.66825,1181,373,move,0,,8,4,P1_TARGET,1,{}
2026-02-27_164756,5458.685138,1183,373,move,0,,8,4,P1_TARGET,1,{}
2026-02-27_164756,5458.702225,1191,370,move,0,,8,4,P1_TARGET,1,{}
2026-02-27_164756,5458.71927,1197,368,move,0,,8,4,P1_TARGET,1,{}
2026-02-27_164756,5458.736795,1205,363,move,0,,8,4,P1_TARGET,1,{}
2026-02-27_164756,5458.751306,1212,356,move,0,,8,4,P1_TARGET,1,{}
2026-02-27_164756,5458.767956,1213,352,move,0,,8,4,P1_TARGET,1,{}
2026-02-27_164756,5458.783805,1214,348,move,0,,8,4,P1_TARGET,1,{}
2026-02-27_164756,5458.7994,1214,344,move,0,,8,4,P1_TARGET,1,{}
2026-02-27_164756,5458.815401,1214,338,move,0,,8,4,P1_TARGET,1,{}
2026-02-27_164756,5458.83217,1212,331,move,0,,8,4,P1_TARGET,1,{}
2026-02-27_164756,5458.846905,1211,327,move,0,,8,4,P1_TARGET,1,{}
2026-02-27_164756,5458.862177,1210,325,move,0,,8,4,P1_TARGET,1,{}
2026-02-27_164756,5458.87025,1210,324,move,0,,8,4,P1_TARGET,1,{}
2026-02-27_164756,5458.878316,1210,324,move,0,,8,4,P1_TARGET,1,{}
2026-02-27_164756,5458.886365,1208,323,move,0,,8,4,P1_TARGET,1,{}
2026-02-27_164756,5458.902922,1208,323,move,0,,8,4,P1_TARGET,1,{}
2026-02-27_164756,5458.918608,1207,322,move,0,,8,4,P1_TARGET,1,{}
2026-02-27_164756,5458.935372,1206,321,move,0,,8,4,P1_TARGET,1,{}
2026-02-27_164756,5458.954044,1205,320,down,1,left,9,4,P1_TARGET,1,{}
2026-02-27_164756,5458.954093,1205,320,move,1,,9,4,P1_TARGET,1,{}
2026-02-27_164756,5458.971522,1205,320,move,1,,9,4,P1_TARGET,1,{}
2026-02-27_164756,5458.987561,1205,320,move,1,,9,4,P1_TARGET,1,{}
2026-02-27_164756,5459.003011,1205,320,move,1,,9,4,P1_TARGET,1,{}
2026-02-27_164756,5459.018473,1205,320,move,1,,9,4,P1_TARGET,1,{}
2026-02-27_164756,5459.033829,1205,320,move,1,,9,4,P1_TARGET,1,{}
2026-02-27_164756,5459.049078,1205,320,move,1,,9,4,P1_TARGET,1,{}
2026-02-27_164756,5459.064722,1205,320,move,1,,9,4,P1_TARGET,1,{}
2026-02-27_164756,5459.074163,1205,320,target_end,1,,9,4,P1_TARGET,1,"{""outcome"": ""HIT""}"
2026-02-27_164756,5459.074325,1205,320,up,1,left,9,4,P1_TARGET,1,"{""hold_ms"": 119.945}"
2026-02-27_164756,5459.074361,1205,320,move,0,,9,,,,{}
2026-02-27_164756,5459.096357,1205,320,move,0,,9,,,,{}
2026-02-27_164756,5459.11243,1205,320,move,0,,9,,,,{}
2026-02-27_164756,5459.1283,1205,320,move,0,,9,,,,{}
2026-02-27_164756,5459.136375,1202,320,move,0,,9,,,,{}
2026-02-27_164756,5459.144452,1202,320,move,0,,9,,,,{}
2026-02-27_164756,5459.152492,1193,323,move,0,,9,,,,{}
2026-02-27_164756,5459.160548,1193,323,move,0,,9,,,,{}
2026-02-27_164756,5459.168616,1167,328,move,0,,9,,,,{}
2026-02-27_164756,5459.184782,1167,328,move,0,,9,,,,{}
2026-02-27_164756,5459.20148,1121,337,move,0,,9,,,,{}
2026-02-27_164756,5459.219135,1059,348,move,0,,9,,,,{}
2026-02-27_164756,5459.235027,981,369,move,0,,9,,,,{}
2026-02-27_164756,5459.251932,889,390,move,0,,9,,,,{}
2026-02-27_164756,5459.268014,835,405,move,0,,9,,,,{}
2026-02-27_164756,5459.283784,741,431,move,0,,9,,,,{}
2026-02-27_164756,5459.299438,715,438,move,0,,9,,,,{}
2026-02-27_164756,5459.314834,698,443,move,0,,9,,,,{}
2026-02-27_164756,5459.330838,690,447,move,0,,9,,,,{}
2026-02-27_164756,5459.345424,690,448,move,0,,9,,,,{}
2026-02-27_164756,5459.361497,690,448,move,0,,9,,,,{}
2026-02-27_164756,5459.377544,690,448,move,0,,9,,,,{}
2026-02-27_164756,5459.392878,690,448,move,0,,9,,,,{}
2026-02-27_164756,5459.40898,690,448,move,0,,9,,,,{}
2026-02-27_164756,5459.424089,690,448,move,0,,9,,,,{}
2026-02-27_164756,5459.439981,690,448,move,0,,9,,,,{}
2026-02-27_164756,5459.455101,690,448,move,0,,9,,,,{}
2026-02-27_164756,5459.47068,690,448,move,0,,9,,,,{}
2026-02-27_164756,5459.48626,690,448,move,0,,9,,,,{}
2026-02-27_164756,5459.501161,690,448,move,0,,9,,,,{}
2026-02-27_164756,5459.51739,690,448,move,0,,9,,,,{}
2026-02-27_164756,5459.532799,690,448,move,0,,9,,,,{}
2026-02-27_164756,5459.547821,690,448,move,0,,9,,,,{}
2026-02-27_164756,5459.563049,690,448,move,0,,9,,,,{}
2026-02-27_164756,5459.571123,690,447,move,0,,9,,,,{}
2026-02-27_164756,5459.579674,690,447,move,0,,9,,,,{}
2026-02-27_164756,5459.593929,691,445,move,0,,9,,,,{}
2026-02-27_164756,5459.602007,693,443,move,0,,9,,,,{}
2026-02-27_164756,5459.610236,693,443,move,0,,9,,,,{}
2026-02-27_164756,5459.618764,693,443,move,0,,9,,,,{}
2026-02-27_164756,5459.635121,697,441,move,0,,9,,,,{}
2026-02-27_164756,5459.651312,698,440,target_spawn,1,,10,5,P1_TARGET,1,"{""label"": ""P1_TARGET"", ""size"": 46}"
2026-02-27_164756,5459.651335,698,440,down,1,left,10,0,BASE,0,{}
2026-02-27_164756,5459.651373,698,440,move,1,,10,5,P1_TARGET,1,{}
2026-02-27_164756,5459.671812,698,440,move,1,,10,5,P1_TARGET,1,{}
2026-02-27_164756,5459.687706,698,440,move,1,,10,5,P1_TARGET,1,{}
2026-02-27_164756,5459.70294,698,440,move,1,,10,5,P1_TARGET,1,{}
2026-02-27_164756,5459.718406,698,440,move,1,,10,5,P1_TARGET,1,{}
2026-02-27_164756,5459.734202,698,440,up,1,left,10,,,,"{""hold_ms"": 83.032}"
2026-02-27_164756,5459.734255,698,440,move,0,,10,5,P1_TARGET,1,{}
2026-02-27_164756,5459.749152,698,440,move,0,,10,5,P1_TARGET,1,{}
2026-02-27_164756,5459.765371,698,440,move,0,,10,5,P1_TARGET,1,{}
2026-02-27_164756,5459.780169,698,440,move,0,,10,5,P1_TARGET,1,{}
2026-02-27_164756,5459.795732,698,440,move,0,,10,5,P1_TARGET,1,{}
2026-02-27_164756,5459.810747,698,440,move,0,,10,5,P1_TARGET,1,{}
2026-02-27_164756,5459.826296,698,440,move,0,,10,5,P1_TARGET,1,{}
2026-02-27_164756,5459.84245,698,440,move,0,,10,5,P1_TARGET,1,{}
2026-02-27_164756,5459.852377,698,440,move,0,,10,5,P1_TARGET,1,{}
2026-02-27_164756,5459.87311,698,439,move,0,,10,5,P1_TARGET,1,{}
2026-02-27_164756,5459.88508,698,439,move,0,,10,5,P1_TARGET,1,{}
2026-02-27_164756,5459.903079,698,437,move,0,,10,5,P1_TARGET,1,{}
2026-02-27_164756,5459.92019,699,434,move,0,,10,5,P1_TARGET,1,{}
2026-02-27_164756,5459.93444,702,431,move,0,,10,5,P1_TARGET,1,{}
2026-02-27_164756,5459.951368,725,429,move,0,,10,5,P1_TARGET,1,{}
2026-02-27_164756,5459.966468,741,429,move,0,,10,5,P1_TARGET,1,{}
2026-02-27_164756,5459.981984,769,436,move,0,,10,5,P1_TARGET,1,{}
2026-02-27_164756,5459.99723,800,449,move,0,,10,5,P1_TARGET,1,{}
2026-02-27_164756,5460.012588,824,461,move,0,,10,5,P1_TARGET,1,{}
2026-02-27_164756,5460.027768,877,491,move,0,,10,5,P1_TARGET,1,{}
2026-02-27_164756,5460.04386,899,503,move,0,,10,5,P1_TARGET,1,{}
2026-02-27_164756,5460.059814,924,516,move,0,,10,5,P1_TARGET,1,{}
2026-02-27_164756,5460.067908,932,518,move,0,,10,5,P1_TARGET,1,{}
2026-02-27_164756,5460.07622,932,518,move,0,,10,5,P1_TARGET,1,{}
2026-02-27_164756,5460.084372,932,518,move,0,,10,5,P1_TARGET,1,{}
2026-02-27_164756,5460.100692,943,523,move,0,,10,5,P1_TARGET,1,{}
2026-02-27_164756,5460.122117,946,524,move,0,,10,5,P1_TARGET,1,{}
2026-02-27_164756,5460.138004,946,524,move,0,,10,5,P1_TARGET,1,{}
2026-02-27_164756,5460.152926,946,524,move,0,,10,5,P1_TARGET,1,{}
2026-02-27_164756,5460.169364,947,524,move,0,,10,5,P1_TARGET,1,{}
2026-02-27_164756,5460.184574,948,524,move,0,,10,5,P1_TARGET,1,{}
2026-02-27_164756,5460.200662,950,524,move,0,,10,5,P1_TARGET,1,{}
2026-02-27_164756,5460.216125,957,523,move,0,,10,5,P1_TARGET,1,{}
2026-02-27_164756,5460.231248,971,522,move,0,,10,5,P1_TARGET,1,{}
2026-02-27_164756,5460.246534,973,522,move,0,,10,5,P1_TARGET,1,{}
2026-02-27_164756,5460.261947,977,520,move,0,,10,5,P1_TARGET,1,{}
2026-02-27_164756,5460.278024,977,520,move,0,,10,5,P1_TARGET,1,{}
2026-02-27_164756,5460.292746,977,520,move,0,,10,5,P1_TARGET,1,{}
2026-02-27_164756,5460.3035,977,520,down,1,left,11,5,P1_TARGET,1,{}
2026-02-27_164756,5460.303541,977,520,move,1,,11,5,P1_TARGET,1,{}
2026-02-27_164756,5460.318798,977,520,move,1,,11,5,P1_TARGET,1,{}
2026-02-27_164756,5460.326864,978,520,move,1,,11,5,P1_TARGET,1,{}
2026-02-27_164756,5460.339574,978,520,move,1,,11,5,P1_TARGET,1,{}
2026-02-27_164756,5460.355736,978,520,move,1,,11,5,P1_TARGET,1,{}
2026-02-27_164756,5460.371759,978,520,move,1,,11,5,P1_TARGET,1,{}
2026-02-27_164756,5460.387477,978,520,move,1,,11,5,P1_TARGET,1,{}
2026-02-27_164756,5460.403177,978,520,move,1,,11,5,P1_TARGET,1,{}
2026-02-27_164756,5460.409026,978,520,target_end,1,,11,5,P1_TARGET,1,"{""outcome"": ""HIT""}"
2026-02-27_164756,5460.40919,978,520,up,1,left,11,5,P1_TARGET,1,"{""hold_ms"": 105.383}"
2026-02-27_164756,5460.41361,978,520,move,0,,11,,,,{}
2026-02-27_164756,5460.433578,978,520,move,0,,11,,,,{}
2026-02-27_164756,5460.448537,978,520,move,0,,11,,,,{}
2026-02-27_164756,5460.464196,976,518,move,0,,11,,,,{}
2026-02-27_164756,5460.479518,965,514,move,0,,11,,,,{}
2026-02-27_164756,5460.494851,949,509,move,0,,11,,,,{}
2026-02-27_164756,5460.510982,921,500,move,0,,11,,,,{}
2026-02-27_164756,5460.51935,921,500,move,0,,11,,,,{}
2026-02-27_164756,5460.534262,890,493,move,0,,11,,,,{}
2026-02-27_164756,5460.542336,864,486,move,0,,11,,,,{}
2026-02-27_164756,5460.550973,864,486,move,0,,11,,,,{}
2026-02-27_164756,5460.568859,833,477,move,0,,11,,,,{}
2026-02-27_164756,5460.584644,813,468,move,0,,11,,,,{}
2026-02-27_164756,5460.602142,796,460,move,0,,11,,,,{}
2026-02-27_164756,5460.619338,789,456,move,0,,11,,,,{}
2026-02-27_164756,5460.633861,787,455,move,0,,11,,,,{}
2026-02-27_164756,5460.650414,786,454,move,0,,11,,,,{}
2026-02-27_164756,5460.667301,784,453,move,0,,11,,,,{}
2026-02-27_164756,5460.682683,782,452,move,0,,11,,,,{}
2026-02-27_164756,5460.699119,775,449,move,0,,11,,,,{}
2026-02-27_164756,5460.714273,770,448,move,0,,11,,,,{}
2026-02-27_164756,5460.729822,765,447,move,0,,11,,,,{}
2026-02-27_164756,5460.745262,759,446,move,0,,11,,,,{}
2026-02-27_164756,5460.760932,751,445,move,0,,11,,,,{}
2026-02-27_164756,5460.768983,742,442,move,0,,11,,,,{}
2026-02-27_164756,5460.77703,742,442,move,0,,11,,,,{}
2026-02-27_164756,5460.785078,731,441,move,0,,11,,,,{}
2026-02-27_164756,5460.803118,731,441,move,0,,11,,,,{}
2026-02-27_164756,5460.818271,724,440,move,0,,11,,,,{}
2026-02-27_164756,5460.834051,719,439,move,0,,11,,,,{}
2026-02-27_164756,5460.854408,715,438,move,0,,11,,,,{}
2026-02-27_164756,5460.858534,715,438,target_spawn,1,,12,6,P1_TARGET,1,"{""label"": ""P1_TARGET"", ""size"": 46}"
2026-02-27_164756,5460.858558,715,438,down,1,left,12,0,BASE,0,{}
2026-02-27_164756,5460.869718,715,438,move,1,,12,6,P1_TARGET,1,{}
2026-02-27_164756,5460.884987,715,438,move,1,,12,6,P1_TARGET,1,{}
2026-02-27_164756,5460.900417,715,438,move,1,,12,6,P1_TARGET,1,{}
2026-02-27_164756,5460.91573,715,438,move,1,,12,6,P1_TARGET,1,{}
2026-02-27_164756,5460.931058,715,438,move,1,,12,6,P1_TARGET,1,{}
2026-02-27_164756,5460.947015,715,438,move,1,,12,6,P1_TARGET,1,{}
2026-02-27_164756,5460.95658,715,438,up,1,left,12,,,,"{""hold_ms"": 98.187}"
2026-02-27_164756,5460.956627,715,438,move,0,,12,6,P1_TARGET,1,{}
2026-02-27_164756,5460.979156,715,438,move,0,,12,6,P1_TARGET,1,{}
2026-02-27_164756,5460.99517,715,438,move,0,,12,6,P1_TARGET,1,{}
2026-02-27_164756,5461.010993,715,438,move,0,,12,6,P1_TARGET,1,{}
2026-02-27_164756,5461.02686,715,438,move,0,,12,6,P1_TARGET,1,{}
2026-02-27_164756,5461.043142,715,438,move,0,,12,6,P1_TARGET,1,{}
2026-02-27_164756,5461.058342,715,438,move,0,,12,6,P1_TARGET,1,{}
2026-02-27_164756,5461.074449,715,438,move,0,,12,6,P1_TARGET,1,{}
2026-02-27_164756,5461.084528,715,438,move,0,,12,6,P1_TARGET,1,{}
2026-02-27_164756,5461.100682,715,437,move,0,,12,6,P1_TARGET,1,{}
2026-02-27_164756,5461.117665,714,436,move,0,,12,6,P1_TARGET,1,{}
2026-02-27_164756,5461.13568,712,435,move,0,,12,6,P1_TARGET,1,{}
2026-02-27_164756,5461.153159,707,430,move,0,,12,6,P1_TARGET,1,{}
2026-02-27_164756,5461.167585,692,423,move,0,,12,6,P1_TARGET,1,{}
2026-02-27_164756,5461.184794,674,414,move,0,,12,6,P1_TARGET,1,{}
2026-02-27_164756,5461.199829,649,403,move,0,,12,6,P1_TARGET,1,{}
2026-02-27_164756,5461.215891,623,391,move,0,,12,6,P1_TARGET,1,{}
2026-02-27_164756,5461.23183,520,340,move,0,,12,6,P1_TARGET,1,{}
2026-02-27_164756,5461.24725,455,311,move,0,,12,6,P1_TARGET,1,{}
2026-02-27_164756,5461.262953,423,298,move,0,,12,6,P1_TARGET,1,{}
2026-02-27_164756,5461.278825,392,287,move,0,,12,6,P1_TARGET,1,{}
2026-02-27_164756,5461.293785,381,283,move,0,,12,6,P1_TARGET,1,{}
2026-02-27_164756,5461.309569,371,279,move,0,,12,6,P1_TARGET,1,{}
2026-02-27_164756,5461.317826,371,279,move,0,,12,6,P1_TARGET,1,{}
2026-02-27_164756,5461.327009,368,276,move,0,,12,6,P1_TARGET,1,{}
2026-02-27_164756,5461.335105,363,272,move,0,,12,6,P1_TARGET,1,{}
2026-02-27_164756,5461.35123,363,272,move,0,,12,6,P1_TARGET,1,{}
2026-02-27_164756,5461.367873,361,270,move,0,,12,6,P1_TARGET,1,{}
2026-02-27_164756,5461.384339,356,267,move,0,,12,6,P1_TARGET,1,{}
2026-02-27_164756,5461.401513,346,260,move,0,,12,6,P1_TARGET,1,{}
2026-02-27_164756,5461.417419,337,256,move,0,,12,6,P1_TARGET,1,{}
2026-02-27_164756,5461.433715,331,253,move,0,,12,6,P1_TARGET,1,{}
2026-02-27_164756,5461.448445,318,247,move,0,,12,6,P1_TARGET,1,{}
2026-02-27_164756,5461.464571,313,245,move,0,,12,6,P1_TARGET,1,{}
2026-02-27_164756,5461.479906,307,243,move,0,,12,6,P1_TARGET,1,{}
2026-02-27_164756,5461.495257,302,241,move,0,,12,6,P1_TARGET,1,{}
2026-02-27_164756,5461.511042,294,238,move,0,,12,6,P1_TARGET,1,{}
2026-02-27_164756,5461.526203,288,236,move,0,,12,6,P1_TARGET,1,{}
2026-02-27_164756,5461.534963,288,236,move,0,,12,6,P1_TARGET,1,{}
2026-02-27_164756,5461.550685,285,235,move,0,,12,6,P1_TARGET,1,{}
2026-02-27_164756,5461.567354,279,234,move,0,,12,6,P1_TARGET,1,{}
2026-02-27_164756,5461.57572,273,231,move,0,,12,6,P1_TARGET,1,{}
2026-02-27_164756,5461.584976,273,231,move,0,,12,6,P1_TARGET,1,{}
2026-02-27_164756,5461.60232,268,230,move,0,,12,6,P1_TARGET,1,{}
2026-02-27_164756,5461.617742,262,228,move,0,,12,6,P1_TARGET,1,{}
2026-02-27_164756,5461.631066,261,228,down,1,left,13,6,P1_TARGET,1,{}
2026-02-27_164756,5461.631112,261,228,move,1,,13,6,P1_TARGET,1,{}
2026-02-27_164756,5461.650355,261,228,move,1,,13,6,P1_TARGET,1,{}
2026-02-27_164756,5461.665638,261,228,move,1,,13,6,P1_TARGET,1,{}
2026-02-27_164756,5461.681051,261,228,move,1,,13,6,P1_TARGET,1,{}
2026-02-27_164756,5461.697042,261,228,move,1,,13,6,P1_TARGET,1,{}
2026-02-27_164756,5461.71266,261,228,move,1,,13,6,P1_TARGET,1,{}
2026-02-27_164756,5461.727925,261,228,move,1,,13,6,P1_TARGET,1,{}
2026-02-27_164756,5461.743994,261,228,move,1,,13,6,P1_TARGET,1,{}
2026-02-27_164756,5461.752244,261,228,target_end,1,,13,6,P1_TARGET,1,"{""outcome"": ""HIT""}"
2026-02-27_164756,5461.752446,261,228,up,1,left,13,6,P1_TARGET,1,"{""hold_ms"": 120.983}"
2026-02-27_164756,5461.752502,261,228,move,0,,13,,,,{}
2026-02-27_164756,5461.760574,261,228,move,0,,13,,,,{}
2026-02-27_164756,5461.775823,261,228,move,0,,13,,,,{}
2026-02-27_164756,5461.791869,261,228,move,0,,13,,,,{}
2026-02-27_164756,5461.800319,261,228,move,0,,13,,,,{}
2026-02-27_164756,5461.818033,263,229,move,0,,13,,,,{}
2026-02-27_164756,5461.833673,277,237,move,0,,13,,,,{}
2026-02-27_164756,5461.850407,299,251,move,0,,13,,,,{}
2026-02-27_164756,5461.867003,320,267,move,0,,13,,,,{}
2026-02-27_164756,5461.884511,356,289,move,0,,13,,,,{}
2026-02-27_164756,5461.899258,396,310,move,0,,13,,,,{}
2026-02-27_164756,5461.914758,442,334,move,0,,13,,,,{}
2026-02-27_164756,5461.930372,473,351,move,0,,13,,,,{}
2026-02-27_164756,5461.945472,500,363,move,0,,13,,,,{}
2026-02-27_164756,5461.961517,524,380,move,0,,13,,,,{}
2026-02-27_164756,5461.977288,552,400,move,0,,13,,,,{}
2026-02-27_164756,5461.993346,579,414,move,0,,13,,,,{}
2026-02-27_164756,5462.009169,591,422,move,0,,13,,,,{}
2026-02-27_164756,5462.018437,591,422,move,0,,13,,,,{}
2026-02-27_164756,5462.033675,597,424,move,0,,13,,,,{}
2026-02-27_164756,5462.050066,605,428,move,0,,13,,,,{}
2026-02-27_164756,5462.067928,613,430,move,0,,13,,,,{}
2026-02-27_164756,5462.083483,617,433,move,0,,13,,,,{}
2026-02-27_164756,5462.101164,625,434,move,0,,13,,,,{}
2026-02-27_164756,5462.117251,632,436,move,0,,13,,,,{}
2026-02-27_164756,5462.134206,640,439,move,0,,13,,,,{}
2026-02-27_164756,5462.150587,648,440,move,0,,13,,,,{}
2026-02-27_164756,5462.16579,656,440,move,0,,13,,,,{}
2026-02-27_164756,5462.181654,667,440,move,0,,13,,,,{}
2026-02-27_164756,5462.198193,679,441,move,0,,13,,,,{}
2026-02-27_164756,5462.213461,691,441,move,0,,13,,,,{}
2026-02-27_164756,5462.228944,701,441,move,0,,13,,,,{}
2026-02-27_164756,5462.244529,708,441,move,0,,13,,,,{}
2026-02-27_164756,5462.260487,714,441,move,0,,13,,,,{}
2026-02-27_164756,5462.275852,716,441,move,0,,13,,,,{}
2026-02-27_164756,5462.288862,716,441,target_spawn,1,,14,7,P1_TARGET,1,"{""label"": ""P1_TARGET"", ""size"": 46}"
2026-02-27_164756,5462.288885,716,441,down,1,left,14,0,BASE,0,{}
2026-02-27_164756,5462.288919,716,441,move,1,,14,7,P1_TARGET,1,{}
2026-02-27_164756,5462.30687,716,441,move,1,,14,7,P1_TARGET,1,{}
2026-02-27_164756,5462.322249,716,441,move,1,,14,7,P1_TARGET,1,{}
2026-02-27_164756,5462.338492,716,441,move,1,,14,7,P1_TARGET,1,{}
2026-02-27_164756,5462.354423,716,441,move,1,,14,7,P1_TARGET,1,{}
2026-02-27_164756,5462.36979,716,441,move,1,,14,7,P1_TARGET,1,{}
2026-02-27_164756,5462.384994,716,441,move,1,,14,7,P1_TARGET,1,{}
2026-02-27_164756,5462.400926,716,441,move,1,,14,7,P1_TARGET,1,{}
2026-02-27_164756,5462.410513,716,441,up,1,left,14,,,,"{""hold_ms"": 121.793}"
2026-02-27_164756,5462.410554,716,441,move,0,,14,7,P1_TARGET,1,{}
2026-02-27_164756,5462.431929,716,441,move,0,,14,7,P1_TARGET,1,{}
2026-02-27_164756,5462.447204,716,441,move,0,,14,7,P1_TARGET,1,{}
2026-02-27_164756,5462.462514,716,441,move,0,,14,7,P1_TARGET,1,{}
2026-02-27_164756,5462.4783,716,441,move,0,,14,7,P1_TARGET,1,{}
2026-02-27_164756,5462.494304,716,441,move,0,,14,7,P1_TARGET,1,{}
2026-02-27_164756,5462.509857,716,441,move,0,,14,7,P1_TARGET,1,{}
2026-02-27_164756,5462.52547,716,441,move,0,,14,7,P1_TARGET,1,{}
2026-02-27_164756,5462.541445,716,441,move,0,,14,7,P1_TARGET,1,{}
2026-02-27_164756,5462.552333,716,441,move,0,,14,7,P1_TARGET,1,{}
2026-02-27_164756,5462.568287,717,439,move,0,,14,7,P1_TARGET,1,{}
2026-02-27_164756,5462.585254,722,435,move,0,,14,7,P1_TARGET,1,{}
2026-02-27_164756,5462.600985,735,428,move,0,,14,7,P1_TARGET,1,{}
2026-02-27_164756,5462.61854,747,420,move,0,,14,7,P1_TARGET,1,{}
2026-02-27_164756,5462.633944,774,399,move,0,,14,7,P1_TARGET,1,{}
2026-02-27_164756,5462.649342,785,384,move,0,,14,7,P1_TARGET,1,{}
2026-02-27_164756,5462.664806,796,370,move,0,,14,7,P1_TARGET,1,{}
2026-02-27_164756,5462.680413,799,362,move,0,,14,7,P1_TARGET,1,{}
2026-02-27_164756,5462.695761,805,352,move,0,,14,7,P1_TARGET,1,{}
2026-02-27_164756,5462.71188,807,346,move,0,,14,7,P1_TARGET,1,{}
2026-02-27_164756,5462.727277,808,343,move,0,,14,7,P1_TARGET,1,{}
2026-02-27_164756,5462.735358,809,341,move,0,,14,7,P1_TARGET,1,{}
2026-02-27_164756,5462.74342,809,341,move,0,,14,7,P1_TARGET,1,{}
2026-02-27_164756,5462.754053,809,341,move,0,,14,7,P1_TARGET,1,{}
2026-02-27_164756,5462.766451,809,339,move,0,,14,7,P1_TARGET,1,{}
2026-02-27_164756,5462.774625,809,337,move,0,,14,7,P1_TARGET,1,{}
2026-02-27_164756,5462.783293,809,337,move,0,,14,7,P1_TARGET,1,{}
2026-02-27_164756,5462.799586,809,336,move,0,,14,7,P1_TARGET,1,{}
2026-02-27_164756,5462.816805,809,333,move,0,,14,7,P1_TARGET,1,{}
2026-02-27_164756,5462.833161,809,331,move,0,,14,7,P1_TARGET,1,{}
2026-02-27_164756,5462.84974,809,329,move,0,,14,7,P1_TARGET,1,{}
2026-02-27_164756,5462.867455,809,327,move,0,,14,7,P1_TARGET,1,{}
2026-02-27_164756,5462.86947,809,325,down,1,left,15,7,P1_TARGET,1,{}
2026-02-27_164756,5462.882558,809,325,move,1,,15,7,P1_TARGET,1,{}
2026-02-27_164756,5462.897731,809,324,move,1,,15,7,P1_TARGET,1,{}
2026-02-27_164756,5462.913796,809,324,move,1,,15,7,P1_TARGET,1,{}
2026-02-27_164756,5462.929688,809,324,move,1,,15,7,P1_TARGET,1,{}
2026-02-27_164756,5462.945897,809,324,move,1,,15,7,P1_TARGET,1,{}
2026-02-27_164756,5462.961436,809,324,move,1,,15,7,P1_TARGET,1,{}
2026-02-27_164756,5462.974656,809,324,target_end,1,,15,7,P1_TARGET,1,"{""outcome"": ""HIT""}"
2026-02-27_164756,5462.974827,809,324,up,1,left,15,7,P1_TARGET,1,"{""hold_ms"": 105.045}"
2026-02-27_164756,5462.974865,809,324,move,0,,15,,,,{}
2026-02-27_164756,5462.992229,809,324,move,0,,15,,,,{}
2026-02-27_164756,5463.008018,809,324,move,0,,15,,,,{}
2026-02-27_164756,5463.016768,809,324,move,0,,15,,,,{}
2026-02-27_164756,5463.024841,808,327,move,0,,15,,,,{}
2026-02-27_164756,5463.033224,808,327,move,0,,15,,,,{}
2026-02-27_164756,5463.050118,803,335,move,0,,15,,,,{}
2026-02-27_164756,5463.067174,793,348,move,0,,15,,,,{}
2026-02-27_164756,5463.084239,776,368,move,0,,15,,,,{}
2026-02-27_164756,5463.100297,755,387,move,0,,15,,,,{}
2026-02-27_164756,5463.116719,734,402,move,0,,15,,,,{}
2026-02-27_164756,5463.133723,724,411,move,0,,15,,,,{}
2026-02-27_164756,5463.149589,714,419,move,0,,15,,,,{}
2026-02-27_164756,5463.165481,708,426,move,0,,15,,,,{}
2026-02-27_164756,5463.181072,703,431,move,0,,15,,,,{}
2026-02-27_164756,5463.197566,697,436,move,0,,15,,,,{}
2026-02-27_164756,5463.212248,696,437,move,0,,15,,,,{}
2026-02-27_164756,5463.227476,694,438,move,0,,15,,,,{}
2026-02-27_164756,5463.243213,694,439,move,0,,15,,,,{}
2026-02-27_164756,5463.251252,694,439,target_spawn,1,,16,8,P1_TARGET,1,"{""label"": ""P1_TARGET"", ""size"": 46}"
2026-02-27_164756,5463.251272,694,439,down,1,left,16,0,BASE,0,{}
2026-02-27_164756,5463.25132,694,439,move,1,,16,8,P1_TARGET,1,{}
2026-02-27_164756,5463.259366,694,439,move,1,,16,8,P1_TARGET,1,{}
2026-02-27_164756,5463.274869,694,439,move,1,,16,8,P1_TARGET,1,{}
2026-02-27_164756,5463.290718,694,439,move,1,,16,8,P1_TARGET,1,{}
2026-02-27_164756,5463.30671,694,439,move,1,,16,8,P1_TARGET,1,{}
2026-02-27_164756,5463.322695,694,439,move,1,,16,8,P1_TARGET,1,{}
2026-02-27_164756,5463.33851,694,439,move,1,,16,8,P1_TARGET,1,{}
2026-02-27_164756,5463.35332,694,439,move,1,,16,8,P1_TARGET,1,{}
2026-02-27_164756,5463.355315,694,439,up,1,left,16,,,,"{""hold_ms"": 104.195}"
2026-02-27_164756,5463.368678,694,439,move,0,,16,8,P1_TARGET,1,{}
2026-02-27_164756,5463.384242,694,439,move,0,,16,8,P1_TARGET,1,{}
2026-02-27_164756,5463.399705,694,439,move,0,,16,8,P1_TARGET,1,{}
2026-02-27_164756,5463.414786,694,439,move,0,,16,8,P1_TARGET,1,{}
2026-02-27_164756,5463.429916,694,439,move,0,,16,8,P1_TARGET,1,{}
2026-02-27_164756,5463.445805,694,437,move,0,,16,8,P1_TARGET,1,{}
2026-02-27_164756,5463.461473,697,433,move,0,,16,8,P1_TARGET,1,{}
2026-02-27_164756,5463.476319,705,427,move,0,,16,8,P1_TARGET,1,{}
2026-02-27_164756,5463.485214,705,427,move,0,,16,8,P1_TARGET,1,{}
2026-02-27_164756,5463.500093,708,420,move,0,,16,8,P1_TARGET,1,{}
2026-02-27_164756,5463.508163,710,417,move,0,,16,8,P1_TARGET,1,{}
2026-02-27_164756,5463.51744,710,417,move,0,,16,8,P1_TARGET,1,{}
2026-02-27_164756,5463.537306,711,415,move,0,,16,8,P1_TARGET,1,{}
2026-02-27_164756,5463.551312,711,415,move,0,,16,8,P1_TARGET,1,{}
2026-02-27_164756,5463.566801,712,415,move,0,,16,8,P1_TARGET,1,{}
2026-02-27_164756,5463.585033,713,420,move,0,,16,8,P1_TARGET,1,{}
2026-02-27_164756,5463.6012,713,431,move,0,,16,8,P1_TARGET,1,{}
2026-02-27_164756,5463.616343,713,462,move,0,,16,8,P1_TARGET,1,{}
2026-02-27_164756,5463.631842,705,499,move,0,,16,8,P1_TARGET,1,{}
2026-02-27_164756,5463.647082,696,531,move,0,,16,8,P1_TARGET,1,{}
2026-02-27_164756,5463.662849,687,568,move,0,,16,8,P1_TARGET,1,{}
2026-02-27_164756,5463.678716,679,601,move,0,,16,8,P1_TARGET,1,{}
2026-02-27_164756,5463.694023,673,632,move,0,,16,8,P1_TARGET,1,{}
2026-02-27_164756,5463.70227,671,654,move,0,,16,8,P1_TARGET,1,{}
2026-02-27_164756,5463.710331,671,654,move,0,,16,8,P1_TARGET,1,{}
2026-02-27_164756,5463.71851,671,661,move,0,,16,8,P1_TARGET,1,{}
2026-02-27_164756,5463.726576,671,661,move,0,,16,8,P1_TARGET,1,{}
2026-02-27_164756,5463.74078,671,664,move,0,,16,8,P1_TARGET,1,{}
2026-02-27_164756,5463.751635,671,664,move,0,,16,8,P1_TARGET,1,{}
2026-02-27_164756,5463.770775,672,666,move,0,,16,8,P1_TARGET,1,{}
2026-02-27_164756,5463.783115,672,670,move,0,,16,8,P1_TARGET,1,{}
2026-02-27_164756,5463.802685,672,672,move,0,,16,8,P1_TARGET,1,{}
2026-02-27_164756,5463.818531,672,672,move,0,,16,8,P1_TARGET,1,{}
2026-02-27_164756,5463.834579,672,672,move,0,,16,8,P1_TARGET,1,{}
2026-02-27_164756,5463.849772,672,672,move,0,,16,8,P1_TARGET,1,{}
2026-02-27_164756,5463.865163,672,672,move,0,,16,8,P1_TARGET,1,{}
2026-02-27_164756,5463.881093,672,672,move,0,,16,8,P1_TARGET,1,{}
2026-02-27_164756,5463.896909,672,672,move,0,,16,8,P1_TARGET,1,{}
2026-02-27_164756,5463.913032,672,672,move,0,,16,8,P1_TARGET,1,{}
2026-02-27_164756,5463.927651,670,672,move,0,,16,8,P1_TARGET,1,{}
2026-02-27_164756,5463.935723,669,672,move,0,,16,8,P1_TARGET,1,{}
2026-02-27_164756,5463.943994,669,672,move,0,,16,8,P1_TARGET,1,{}
2026-02-27_164756,5463.952049,668,672,move,0,,16,8,P1_TARGET,1,{}
2026-02-27_164756,5463.967063,668,672,move,0,,16,8,P1_TARGET,1,{}
2026-02-27_164756,5463.984073,664,670,move,0,,16,8,P1_TARGET,1,{}
2026-02-27_164756,5464.005291,663,668,move,0,,16,8,P1_TARGET,1,{}
2026-02-27_164756,5464.008536,663,668,down,1,left,17,8,P1_TARGET,1,{}
2026-02-27_164756,5464.020995,663,668,move,1,,17,8,P1_TARGET,1,{}
2026-02-27_164756,5464.036938,663,668,move,1,,17,8,P1_TARGET,1,{}
2026-02-27_164756,5464.052195,663,668,move,1,,17,8,P1_TARGET,1,{}
2026-02-27_164756,5464.067517,663,668,move,1,,17,8,P1_TARGET,1,{}
2026-02-27_164756,5464.083588,663,668,move,1,,17,8,P1_TARGET,1,{}
2026-02-27_164756,5464.099879,663,668,move,1,,17,8,P1_TARGET,1,{}
2026-02-27_164756,5464.107124,663,668,target_end,1,,17,8,P1_TARGET,1,"{""outcome"": ""HIT""}"
2026-02-27_164756,5464.107289,663,668,up,1,left,17,8,P1_TARGET,1,"{""hold_ms"": 98.418}"
2026-02-27_164756,5464.107957,663,668,move,0,,17,,,,{}
2026-02-27_164756,5464.116026,663,668,move,0,,17,,,,{}
2026-02-27_164756,5464.131016,663,668,move,0,,17,,,,{}
2026-02-27_164756,5464.146552,663,668,move,0,,17,,,,{}
2026-02-27_164756,5464.161928,663,668,move,0,,17,,,,{}
2026-02-27_164756,5464.177209,663,664,move,0,,17,,,,{}
2026-02-27_164756,5464.192499,663,663,move,0,,17,,,,{}
2026-02-27_164756,5464.200716,663,663,move,0,,17,,,,{}
2026-02-27_164756,5464.216715,664,661,move,0,,17,,,,{}
2026-02-27_164756,5464.234973,666,660,move,0,,17,,,,{}
2026-02-27_164756,5464.250763,668,656,move,0,,17,,,,{}
2026-02-27_164756,5464.267544,671,650,move,0,,17,,,,{}
2026-02-27_164756,5464.283855,672,645,move,0,,17,,,,{}
2026-02-27_164756,5464.299546,678,622,move,0,,17,,,,{}
2026-02-27_164756,5464.315189,681,608,move,0,,17,,,,{}
2026-02-27_164756,5464.330436,686,562,move,0,,17,,,,{}
2026-02-27_164756,5464.346086,688,538,move,0,,17,,,,{}
2026-02-27_164756,5464.361032,691,523,move,0,,17,,,,{}
2026-02-27_164756,5464.376882,694,499,move,0,,17,,,,{}
2026-02-27_164756,5464.392525,699,473,move,0,,17,,,,{}
2026-02-27_164756,5464.400592,702,464,move,0,,17,,,,{}
2026-02-27_164756,5464.408671,702,464,move,0,,17,,,,{}
2026-02-27_164756,5464.416718,702,453,move,0,,17,,,,{}
2026-02-27_164756,5464.433732,702,453,move,0,,17,,,,{}
2026-02-27_164756,5464.441816,702,447,move,0,,17,,,,{}
2026-02-27_164756,5464.450013,702,444,move,0,,17,,,,{}
2026-02-27_164756,5464.46912,702,444,move,0,,17,,,,{}
2026-02-27_164756,5464.485171,702,444,move,0,,17,,,,{}
2026-02-27_164756,5464.500094,702,444,move,0,,17,,,,{}
2026-02-27_164756,5464.515651,702,444,move,0,,17,,,,{}
2026-02-27_164756,5464.527203,702,444,target_spawn,1,,18,9,P1_TARGET,1,"{""label"": ""P1_TARGET"", ""size"": 46}"
2026-02-27_164756,5464.527226,702,444,down,1,left,18,0,BASE,0,{}
2026-02-27_164756,5464.527262,702,444,move,1,,18,9,P1_TARGET,1,{}
2026-02-27_164756,5464.546212,703,444,move,1,,18,9,P1_TARGET,1,{}
2026-02-27_164756,5464.561638,703,444,move,1,,18,9,P1_TARGET,1,{}
2026-02-27_164756,5464.577483,704,444,move,1,,18,9,P1_TARGET,1,{}
2026-02-27_164756,5464.593287,704,444,move,1,,18,9,P1_TARGET,1,{}
2026-02-27_164756,5464.609463,704,444,move,1,,18,9,P1_TARGET,1,{}
2026-02-27_164756,5464.624097,704,444,move,1,,18,9,P1_TARGET,1,{}
2026-02-27_164756,5464.640184,704,444,move,1,,18,9,P1_TARGET,1,{}
2026-02-27_164756,5464.655526,704,444,move,1,,18,9,P1_TARGET,1,{}
2026-02-27_164756,5464.661723,704,444,up,1,left,18,,,,"{""hold_ms"": 134.66}"
2026-02-27_164756,5464.663597,704,444,move,0,,18,9,P1_TARGET,1,{}
2026-02-27_164756,5464.671653,704,444,move,0,,18,9,P1_TARGET,1,{}
2026-02-27_164756,5464.687098,704,444,move,0,,18,9,P1_TARGET,1,{}
2026-02-27_164756,5464.702728,704,444,move,0,,18,9,P1_TARGET,1,{}
2026-02-27_164756,5464.717578,704,444,move,0,,18,9,P1_TARGET,1,{}
2026-02-27_164756,5464.733438,704,444,move,0,,18,9,P1_TARGET,1,{}
2026-02-27_164756,5464.749156,704,444,move,0,,18,9,P1_TARGET,1,{}
2026-02-27_164756,5464.764475,704,444,move,0,,18,9,P1_TARGET,1,{}
2026-02-27_164756,5464.779962,704,444,move,0,,18,9,P1_TARGET,1,{}
2026-02-27_164756,5464.795734,704,444,move,0,,18,9,P1_TARGET,1,{}
2026-02-27_164756,5464.811713,705,444,move,0,,18,9,P1_TARGET,1,{}
2026-02-27_164756,5464.819775,712,447,move,0,,18,9,P1_TARGET,1,{}
2026-02-27_164756,5464.827826,712,447,move,0,,18,9,P1_TARGET,1,{}
2026-02-27_164756,5464.842736,721,452,move,0,,18,9,P1_TARGET,1,{}
2026-02-27_164756,5464.853406,721,452,move,0,,18,9,P1_TARGET,1,{}
2026-02-27_164756,5464.867422,756,469,move,0,,18,9,P1_TARGET,1,{}
2026-02-27_164756,5464.883732,792,484,move,0,,18,9,P1_TARGET,1,{}
2026-02-27_164756,5464.900369,816,493,move,0,,18,9,P1_TARGET,1,{}
2026-02-27_164756,5464.916629,859,506,move,0,,18,9,P1_TARGET,1,{}
2026-02-27_164756,5464.9334,911,521,move,0,,18,9,P1_TARGET,1,{}
2026-02-27_164756,5464.951261,928,526,move,0,,18,9,P1_TARGET,1,{}
2026-02-27_164756,5464.968286,950,529,move,0,,18,9,P1_TARGET,1,{}
2026-02-27_164756,5464.982727,959,530,move,0,,18,9,P1_TARGET,1,{}
2026-02-27_164756,5464.998483,962,531,move,0,,18,9,P1_TARGET,1,{}
2026-02-27_164756,5465.014007,962,531,move,0,,18,9,P1_TARGET,1,{}
2026-02-27_164756,5465.029566,962,531,move,0,,18,9,P1_TARGET,1,{}
2026-02-27_164756,5465.0448,962,531,move,0,,18,9,P1_TARGET,1,{}
2026-02-27_164756,5465.060032,962,531,move,0,,18,9,P1_TARGET,1,{}
2026-02-27_164756,5465.075484,962,531,move,0,,18,9,P1_TARGET,1,{}
2026-02-27_164756,5465.090907,962,531,move,0,,18,9,P1_TARGET,1,{}
2026-02-27_164756,5465.101069,962,531,move,0,,18,9,P1_TARGET,1,{}
2026-02-27_164756,5465.117343,962,530,move,0,,18,9,P1_TARGET,1,{}
2026-02-27_164756,5465.136403,962,529,move,0,,18,9,P1_TARGET,1,{}
2026-02-27_164756,5465.15109,962,529,move,0,,18,9,P1_TARGET,1,{}
2026-02-27_164756,5465.166979,963,527,move,0,,18,9,P1_TARGET,1,{}
2026-02-27_164756,5465.183525,963,525,move,0,,18,9,P1_TARGET,1,{}
2026-02-27_164756,5465.199511,963,522,move,0,,18,9,P1_TARGET,1,{}
2026-02-27_164756,5465.214718,963,520,move,0,,18,9,P1_TARGET,1,{}
2026-02-27_164756,5465.230215,963,514,move,0,,18,9,P1_TARGET,1,{}
2026-02-27_164756,5465.245379,963,514,move,0,,18,9,P1_TARGET,1,{}
2026-02-27_164756,5465.254924,963,514,down,1,left,19,9,P1_TARGET,1,{}
2026-02-27_164756,5465.254972,963,514,move,1,,19,9,P1_TARGET,1,{}
2026-02-27_164756,5465.277035,963,514,move,1,,19,9,P1_TARGET,1,{}
2026-02-27_164756,5465.292779,963,514,move,1,,19,9,P1_TARGET,1,{}
2026-02-27_164756,5465.30888,962,514,move,1,,19,9,P1_TARGET,1,{}
2026-02-27_164756,5465.317053,961,514,move,1,,19,9,P1_TARGET,1,{}
2026-02-27_164756,5465.325129,961,514,move,1,,19,9,P1_TARGET,1,{}
2026-02-27_164756,5465.333289,961,514,move,1,,19,9,P1_TARGET,1,{}
2026-02-27_164756,5465.355821,960,514,move,1,,19,9,P1_TARGET,1,{}
2026-02-27_164756,5465.368664,960,514,target_end,1,,19,9,P1_TARGET,1,"{""outcome"": ""HIT""}"
2026-02-27_164756,5465.368833,960,514,up,1,left,19,9,P1_TARGET,1,"{""hold_ms"": 113.562}"
2026-02-27_164756,5465.368879,960,514,move,0,,19,,,,{}
2026-02-27_164756,5465.386498,960,514,move,0,,19,,,,{}
2026-02-27_164756,5465.402195,960,514,move,0,,19,,,,{}
2026-02-27_164756,5465.417042,960,514,move,0,,19,,,,{}
2026-02-27_164756,5465.432179,960,514,move,0,,19,,,,{}
2026-02-27_164756,5465.448047,959,514,move,0,,19,,,,{}
2026-02-27_164756,5465.462924,959,514,move,0,,19,,,,{}
2026-02-27_164756,5465.478318,959,514,move,0,,19,,,,{}
2026-02-27_164756,5465.49368,958,514,move,0,,19,,,,{}
2026-02-27_164756,5465.50983,956,514,move,0,,19,,,,{}
2026-02-27_164756,5465.525913,936,508,move,0,,19,,,,{}
2026-02-27_164756,5465.533997,916,503,move,0,,19,,,,{}
2026-02-27_164756,5465.549312,916,503,move,0,,19,,,,{}
2026-02-27_164756,5465.557467,881,496,move,0,,19,,,,{}
2026-02-27_164756,5465.565768,881,496,move,0,,19,,,,{}
2026-02-27_164756,5465.582245,831,481,move,0,,19,,,,{}
2026-02-27_164756,5465.5992,759,463,move,0,,19,,,,{}
2026-02-27_164756,5465.615678,724,456,move,0,,19,,,,{}
2026-02-27_164756,5465.632564,694,449,move,0,,19,,,,{}
2026-02-27_164756,5465.649388,685,446,move,0,,19,,,,{}
2026-02-27_164756,5465.664779,684,445,move,0,,19,,,,{}
2026-02-27_164756,5465.679836,684,442,move,0,,19,,,,{}
2026-02-27_164756,5465.69592,684,440,move,0,,19,,,,{}
2026-02-27_164756,5465.712128,684,440,move,0,,19,,,,{}
2026-02-27_164756,5465.727247,684,440,move,0,,19,,,,{}
2026-02-27_164756,5465.742634,684,438,move,0,,19,,,,{}
2026-02-27_164756,5465.758259,684,437,move,0,,19,,,,{}
2026-02-27_164756,5465.770324,684,437,move,0,,19,,,,{}
2026-02-27_164756,5465.789268,684,436,move,0,,19,,,,{}
2026-02-27_164756,5465.799192,684,436,move,0,,19,,,,{}
2026-02-27_164756,5465.807246,686,434,move,0,,19,,,,{}
2026-02-27_164756,5465.816622,686,434,move,0,,19,,,,{}
2026-02-27_164756,5465.833501,688,433,move,0,,19,,,,{}
2026-02-27_164756,5465.849971,689,433,move,0,,19,,,,{}
2026-02-27_164756,5465.866685,694,432,move,0,,19,,,,{}
2026-02-27_164756,5465.883025,696,432,move,0,,19,,,,{}
2026-02-27_164756,5465.89698,699,431,move,0,,19,,,,{}
2026-02-27_164756,5465.912731,700,431,move,0,,19,,,,{}
2026-02-27_164756,5465.927663,701,431,move,0,,19,,,,{}
2026-02-27_164756,5465.943332,701,430,target_spawn,1,,20,10,P1_TARGET,1,"{""label"": ""P1_TARGET"", ""size"": 46}"
2026-02-27_164756,5465.943363,701,430,down,1,left,20,0,BASE,0,{}
2026-02-27_164756,5465.9434,701,430,move,1,,20,10,P1_TARGET,1,{}
2026-02-27_164756,5465.958837,701,430,move,1,,20,10,P1_TARGET,1,{}
2026-02-27_164756,5465.974243,701,430,move,1,,20,10,P1_TARGET,1,{}
2026-02-27_164756,5465.990263,701,430,move,1,,20,10,P1_TARGET,1,{}
2026-02-27_164756,5466.005118,701,430,move,1,,20,10,P1_TARGET,1,{}
2026-02-27_164756,5466.020971,701,430,move,1,,20,10,P1_TARGET,1,{}
2026-02-27_164756,5466.036875,701,430,move,1,,20,10,P1_TARGET,1,{}
2026-02-27_164756,5466.052671,701,430,move,1,,20,10,P1_TARGET,1,{}
2026-02-27_164756,5466.06869,701,430,move,1,,20,10,P1_TARGET,1,{}
2026-02-27_164756,5466.070792,701,430,up,1,left,20,,,,"{""hold_ms"": 127.601}"
2026-02-27_164756,5466.084437,701,430,move,0,,20,10,P1_TARGET,1,{}
2026-02-27_164756,5466.099552,701,430,move,0,,20,10,P1_TARGET,1,{}
2026-02-27_164756,5466.115233,701,430,move,0,,20,10,P1_TARGET,1,{}
2026-02-27_164756,5466.131196,701,430,move,0,,20,10,P1_TARGET,1,{}
2026-02-27_164756,5466.147517,701,430,move,0,,20,10,P1_TARGET,1,{}
2026-02-27_164756,5466.162778,701,430,move,0,,20,10,P1_TARGET,1,{}
2026-02-27_164756,5466.177922,701,430,move,0,,20,10,P1_TARGET,1,{}
2026-02-27_164756,5466.193746,701,430,move,0,,20,10,P1_TARGET,1,{}
2026-02-27_164756,5466.209869,701,430,move,0,,20,10,P1_TARGET,1,{}
2026-02-27_164756,5466.22608,701,430,move,0,,20,10,P1_TARGET,1,{}
2026-02-27_164756,5466.242217,701,430,move,0,,20,10,P1_TARGET,1,{}
2026-02-27_164756,5466.25777,705,429,move,0,,20,10,P1_TARGET,1,{}
2026-02-27_164756,5466.26583,723,420,move,0,,20,10,P1_TARGET,1,{}
2026-02-27_164756,5466.273885,723,420,move,0,,20,10,P1_TARGET,1,{}
2026-02-27_164756,5466.282527,723,420,move,0,,20,10,P1_TARGET,1,{}
2026-02-27_164756,5466.299254,747,410,move,0,,20,10,P1_TARGET,1,{}
2026-02-27_164756,5466.316594,771,400,move,0,,20,10,P1_TARGET,1,{}
2026-02-27_164756,5466.332722,811,383,move,0,,20,10,P1_TARGET,1,{}
2026-02-27_164756,5466.351304,874,357,move,0,,20,10,P1_TARGET,1,{}
2026-02-27_164756,5466.366025,897,345,move,0,,20,10,P1_TARGET,1,{}
2026-02-27_164756,5466.381278,926,334,move,0,,20,10,P1_TARGET,1,{}
2026-02-27_164756,5466.396993,957,323,move,0,,20,10,P1_TARGET,1,{}
2026-02-27_164756,5466.412483,985,316,move,0,,20,10,P1_TARGET,1,{}
2026-02-27_164756,5466.429001,1003,312,move,0,,20,10,P1_TARGET,1,{}
2026-02-27_164756,5466.443678,1014,307,move,0,,20,10,P1_TARGET,1,{}
2026-02-27_164756,5466.458649,1020,305,move,0,,20,10,P1_TARGET,1,{}
2026-02-27_164756,5466.466732,1027,304,move,0,,20,10,P1_TARGET,1,{}
2026-02-27_164756,5466.474793,1027,304,move,0,,20,10,P1_TARGET,1,{}
2026-02-27_164756,5466.483273,1027,304,move,0,,20,10,P1_TARGET,1,{}
2026-02-27_164756,5466.505043,1033,303,move,0,,20,10,P1_TARGET,1,{}
2026-02-27_164756,5466.520766,1033,303,move,0,,20,10,P1_TARGET,1,{}
2026-02-27_164756,5466.536058,1033,303,move,0,,20,10,P1_TARGET,1,{}
2026-02-27_164756,5466.551478,1033,303,move,0,,20,10,P1_TARGET,1,{}
2026-02-27_164756,5466.566769,1033,303,move,0,,20,10,P1_TARGET,1,{}
2026-02-27_164756,5466.582408,1033,303,move,0,,20,10,P1_TARGET,1,{}
2026-02-27_164756,5466.597835,1033,303,move,0,,20,10,P1_TARGET,1,{}
2026-02-27_164756,5466.613165,1033,303,move,0,,20,10,P1_TARGET,1,{}
2026-02-27_164756,5466.629229,1034,303,move,0,,20,10,P1_TARGET,1,{}
2026-02-27_164756,5466.644699,1036,303,move,0,,20,10,P1_TARGET,1,{}
2026-02-27_164756,5466.659847,1043,302,move,0,,20,10,P1_TARGET,1,{}
2026-02-27_164756,5466.667976,1048,300,move,0,,20,10,P1_TARGET,1,{}
2026-02-27_164756,5466.676151,1048,300,move,0,,20,10,P1_TARGET,1,{}
2026-02-27_164756,5466.685416,1048,300,move,0,,20,10,P1_TARGET,1,{}
2026-02-27_164756,5466.68654,1050,300,down,1,left,21,10,P1_TARGET,1,{}
2026-02-27_164756,5466.699808,1050,300,move,1,,21,10,P1_TARGET,1,{}
2026-02-27_164756,5466.721901,1051,299,move,1,,21,10,P1_TARGET,1,{}
2026-02-27_164756,5466.737897,1051,299,move,1,,21,10,P1_TARGET,1,{}
2026-02-27_164756,5466.753003,1051,299,move,1,,21,10,P1_TARGET,1,{}
2026-02-27_164756,5466.768256,1051,299,move,1,,21,10,P1_TARGET,1,{}
2026-02-27_164756,5466.784365,1051,299,move,1,,21,10,P1_TARGET,1,{}
2026-02-27_164756,5466.799895,1051,299,target_end,1,,21,10,P1_TARGET,1,"{""outcome"": ""HIT""}"
2026-02-27_164756,5466.800058,1051,299,up,1,left,21,10,P1_TARGET,1,"{""hold_ms"": 113.189}"
2026-02-27_164756,5466.800094,1051,299,move,0,,21,,,,{}
2026-02-27_164756,5466.808917,1051,299,move,0,,21,,,,{}
2026-02-27_164756,5466.830462,1051,299,move,0,,21,,,,{}
2026-02-27_164756,5466.845971,1051,299,move,0,,21,,,,{}
2026-02-27_164756,5466.861769,1051,299,move,0,,21,,,,{}
2026-02-27_164756,5466.877476,1051,299,move,0,,21,,,,{}
2026-02-27_164756,5466.892851,1047,299,move,0,,21,,,,{}
2026-02-27_164756,5466.90817,1040,299,move,0,,21,,,,{}
2026-02-27_164756,5466.916785,1040,299,move,0,,21,,,,{}
2026-02-27_164756,5466.926331,999,309,move,0,,21,,,,{}
2026-02-27_164756,5466.934386,972,321,move,0,,21,,,,{}
2026-02-27_164756,5466.949314,972,321,move,0,,21,,,,{}
2026-02-27_164756,5466.965521,935,341,move,0,,21,,,,{}
2026-02-27_164756,5466.982843,890,366,move,0,,21,,,,{}
2026-02-27_164756,5466.999968,804,401,move,0,,21,,,,{}
2026-02-27_164756,5467.015452,740,430,move,0,,21,,,,{}
2026-02-27_164756,5467.031765,709,445,move,0,,21,,,,{}
2026-02-27_164756,5467.047688,689,456,move,0,,21,,,,{}
2026-02-27_164756,5467.063772,686,460,move,0,,21,,,,{}
2026-02-27_164756,5467.079857,686,460,move,0,,21,,,,{}
2026-02-27_164756,5467.095314,686,460,move,0,,21,,,,{}
2026-02-27_164756,5467.111386,686,461,move,0,,21,,,,{}
2026-02-27_164756,5467.126524,687,461,move,0,,21,,,,{}
2026-02-27_164756,5467.142011,689,461,move,0,,21,,,,{}
2026-02-27_164756,5467.150082,692,460,move,0,,21,,,,{}
2026-02-27_164756,5467.158147,692,460,move,0,,21,,,,{}
2026-02-27_164756,5467.167571,692,460,move,0,,21,,,,{}
2026-02-27_164756,5467.182134,694,458,move,0,,21,,,,{}
2026-02-27_164756,5467.200742,696,457,move,0,,21,,,,{}
2026-02-27_164756,5467.215041,697,456,move,0,,21,,,,{}
2026-02-27_164756,5467.235554,697,455,move,0,,21,,,,{}
2026-02-27_164756,5467.251156,697,455,move,0,,21,,,,{}
2026-02-27_164756,5467.266765,697,455,move,0,,21,,,,{}
2026-02-27_164756,5467.280897,697,455,move,0,,21,,,,{}
2026-02-27_164756,5467.288955,697,451,move,0,,21,,,,{}
2026-02-27_164756,5467.297841,697,451,move,0,,21,,,,{}
2026-02-27_164756,5467.312598,696,449,move,0,,21,,,,{}
2026-02-27_164756,5467.327695,693,443,move,0,,21,,,,{}
2026-02-27_164756,5467.33931,693,442,move,0,,21,,,,{}
2026-02-27_164756,5467.344826,693,441,target_spawn,1,,22,11,P1_TARGET,1,"{""label"": ""P1_TARGET"", ""size"": 46}"
2026-02-27_164756,5467.344848,693,441,down,1,left,22,0,BASE,0,{}
2026-02-27_164756,5467.358414,693,441,move,1,,22,11,P1_TARGET,1,{}
2026-02-27_164756,5467.374373,693,441,move,1,,22,11,P1_TARGET,1,{}
2026-02-27_164756,5467.390404,693,441,move,1,,22,11,P1_TARGET,1,{}
2026-02-27_164756,5467.405981,693,441,move,1,,22,11,P1_TARGET,1,{}
2026-02-27_164756,5467.422552,693,441,move,1,,22,11,P1_TARGET,1,{}
2026-02-27_164756,5467.437596,693,441,move,1,,22,11,P1_TARGET,1,{}
2026-02-27_164756,5467.451569,693,441,up,1,left,22,,,,"{""hold_ms"": 106.879}"
2026-02-27_164756,5467.451613,693,441,move,0,,22,11,P1_TARGET,1,{}
2026-02-27_164756,5467.469501,693,441,move,0,,22,11,P1_TARGET,1,{}
2026-02-27_164756,5467.485437,693,441,move,0,,22,11,P1_TARGET,1,{}
2026-02-27_164756,5467.49933,693,441,move,0,,22,11,P1_TARGET,1,{}
2026-02-27_164756,5467.515681,693,439,move,0,,22,11,P1_TARGET,1,{}
2026-02-27_164756,5467.531772,695,436,move,0,,22,11,P1_TARGET,1,{}
2026-02-27_164756,5467.548322,696,429,move,0,,22,11,P1_TARGET,1,{}
2026-02-27_164756,5467.565261,697,418,move,0,,22,11,P1_TARGET,1,{}
2026-02-27_164756,5467.581537,699,403,move,0,,22,11,P1_TARGET,1,{}
2026-02-27_164756,5467.596543,700,382,move,0,,22,11,P1_TARGET,1,{}
2026-02-27_164756,5467.612439,702,363,move,0,,22,11,P1_TARGET,1,{}
2026-02-27_164756,5467.62762,712,327,move,0,,22,11,P1_TARGET,1,{}
2026-02-27_164756,5467.64293,731,306,move,0,,22,11,P1_TARGET,1,{}
2026-02-27_164756,5467.658324,753,295,move,0,,22,11,P1_TARGET,1,{}
2026-02-27_164756,5467.674116,803,283,move,0,,22,11,P1_TARGET,1,{}
2026-02-27_164756,5467.682768,803,283,move,0,,22,11,P1_TARGET,1,{}
2026-02-27_164756,5467.698665,905,281,move,0,,22,11,P1_TARGET,1,{}
2026-02-27_164756,5467.715222,938,288,move,0,,22,11,P1_TARGET,1,{}
2026-02-27_164756,5467.731911,1020,317,move,0,,22,11,P1_TARGET,1,{}
2026-02-27_164756,5467.749196,1098,351,move,0,,22,11,P1_TARGET,1,{}
2026-02-27_164756,5467.768244,1214,396,move,0,,22,11,P1_TARGET,1,{}
2026-02-27_164756,5467.782752,1214,396,move,0,,22,11,P1_TARGET,1,{}
2026-02-27_164756,5467.798372,1301,428,move,0,,22,11,P1_TARGET,1,{}
2026-02-27_164756,5467.815103,1329,435,move,0,,22,11,P1_TARGET,1,{}
2026-02-27_164756,5467.830278,1332,436,move,0,,22,11,P1_TARGET,1,{}
2026-02-27_164756,5467.845845,1334,436,move,0,,22,11,P1_TARGET,1,{}
2026-02-27_164756,5467.861857,1334,436,move,0,,22,11,P1_TARGET,1,{}
2026-02-27_164756,5467.877933,1334,436,move,0,,22,11,P1_TARGET,1,{}
2026-02-27_164756,5467.893622,1334,436,move,0,,22,11,P1_TARGET,1,{}
2026-02-27_164756,5467.908835,1325,430,move,0,,22,11,P1_TARGET,1,{}
2026-02-27_164756,5467.924593,1322,430,move,0,,22,11,P1_TARGET,1,{}
2026-02-27_164756,5467.932657,1316,430,move,0,,22,11,P1_TARGET,1,{}
2026-02-27_164756,5467.940727,1316,430,move,0,,22,11,P1_TARGET,1,{}
2026-02-27_164756,5467.949561,1316,430,move,0,,22,11,P1_TARGET,1,{}
2026-02-27_164756,5467.965106,1309,430,move,0,,22,11,P1_TARGET,1,{}
2026-02-27_164756,5467.982074,1301,432,move,0,,22,11,P1_TARGET,1,{}
2026-02-27_164756,5468.000576,1287,433,move,0,,22,11,P1_TARGET,1,{}
2026-02-27_164756,5468.01662,1280,433,move,0,,22,11,P1_TARGET,1,{}
2026-02-27_164756,5468.033112,1275,433,move,0,,22,11,P1_TARGET,1,{}
2026-02-27_164756,5468.049195,1268,433,move,0,,22,11,P1_TARGET,1,{}
2026-02-27_164756,5468.065625,1256,430,move,0,,22,11,P1_TARGET,1,{}
2026-02-27_164756,5468.080303,1249,429,move,0,,22,11,P1_TARGET,1,{}
2026-02-27_164756,5468.095583,1239,428,move,0,,22,11,P1_TARGET,1,{}
2026-02-27_164756,5468.111265,1229,428,move,0,,22,11,P1_TARGET,1,{}
2026-02-27_164756,5468.126087,1217,428,move,0,,22,11,P1_TARGET,1,{}
2026-02-27_164756,5468.141758,1209,432,move,0,,22,11,P1_TARGET,1,{}
2026-02-27_164756,5468.157847,1201,437,move,0,,22,11,P1_TARGET,1,{}
2026-02-27_164756,5468.165936,1195,441,move,0,,22,11,P1_TARGET,1,{}
2026-02-27_164756,5468.175238,1195,441,move,0,,22,11,P1_TARGET,1,{}
2026-02-27_164756,5468.188,1185,443,move,0,,22,11,P1_TARGET,1,{}
2026-02-27_164756,5468.198752,1185,443,move,0,,22,11,P1_TARGET,1,{}
2026-02-27_164756,5468.21516,1182,444,move,0,,22,11,P1_TARGET,1,{}
2026-02-27_164756,5468.232482,1172,444,move,0,,22,11,P1_TARGET,1,{}
2026-02-27_164756,5468.248027,1167,444,move,0,,22,11,P1_TARGET,1,{}
2026-02-27_164756,5468.264535,1163,443,move,0,,22,11,P1_TARGET,1,{}
2026-02-27_164756,5468.280446,1160,442,move,0,,22,11,P1_TARGET,1,{}
2026-02-27_164756,5468.295739,1152,442,move,0,,22,11,P1_TARGET,1,{}
2026-02-27_164756,5468.311776,1146,442,move,0,,22,11,P1_TARGET,1,{}
2026-02-27_164756,5468.327536,1142,442,move,0,,22,11,P1_TARGET,1,{}
2026-02-27_164756,5468.342782,1138,442,move,0,,22,11,P1_TARGET,1,{}
2026-02-27_164756,5468.358621,1132,443,move,0,,22,11,P1_TARGET,1,{}
2026-02-27_164756,5468.366708,1130,443,move,0,,22,11,P1_TARGET,1,{}
2026-02-27_164756,5468.374776,1130,443,move,0,,22,11,P1_TARGET,1,{}
2026-02-27_164756,5468.389131,1128,444,move,0,,22,11,P1_TARGET,1,{}
2026-02-27_164756,5468.405132,1128,444,move,0,,22,11,P1_TARGET,1,{}
2026-02-27_164756,5468.42118,1128,444,move,0,,22,11,P1_TARGET,1,{}
2026-02-27_164756,5468.435056,1128,444,down,1,left,23,11,P1_TARGET,1,{}
2026-02-27_164756,5468.435105,1128,444,move,1,,23,11,P1_TARGET,1,{}
2026-02-27_164756,5468.452162,1128,444,move,1,,23,11,P1_TARGET,1,{}
2026-02-27_164756,5468.468174,1128,444,move,1,,23,11,P1_TARGET,1,{}
2026-02-27_164756,5468.483759,1128,444,move,1,,23,11,P1_TARGET,1,{}
2026-02-27_164756,5468.499185,1128,444,move,1,,23,11,P1_TARGET,1,{}
2026-02-27_164756,5468.515038,1128,444,move,1,,23,11,P1_TARGET,1,{}
2026-02-27_164756,5468.531805,1128,444,target_end,1,,23,11,P1_TARGET,1,"{""outcome"": ""HIT""}"
2026-02-27_164756,5468.531978,1128,444,up,1,left,23,11,P1_TARGET,1,"{""hold_ms"": 96.556}"
2026-02-27_164756,5468.532017,1128,444,move,0,,23,,,,{}
2026-02-27_164756,5468.546767,1128,444,move,0,,23,,,,{}
2026-02-27_164756,5468.561655,1128,444,move,0,,23,,,,{}
2026-02-27_164756,5468.576836,1128,444,move,0,,23,,,,{}
2026-02-27_164756,5468.592061,1128,444,move,0,,23,,,,{}
2026-02-27_164756,5468.607397,1128,444,move,0,,23,,,,{}
2026-02-27_164756,5468.615478,1126,444,move,0,,23,,,,{}
2026-02-27_164756,5468.631528,1126,444,move,0,,23,,,,{}
2026-02-27_164756,5468.649387,1123,442,move,0,,23,,,,{}
2026-02-27_164756,5468.664713,1106,436,move,0,,23,,,,{}
2026-02-27_164756,5468.672788,1050,415,move,0,,23,,,,{}
2026-02-27_164756,5468.681572,1050,415,move,0,,23,,,,{}
2026-02-27_164756,5468.698201,1011,406,move,0,,23,,,,{}
2026-02-27_164756,5468.714762,947,390,move,0,,23,,,,{}
2026-02-27_164756,5468.731378,898,384,move,0,,23,,,,{}
2026-02-27_164756,5468.746628,859,382,move,0,,23,,,,{}
2026-02-27_164756,5468.762001,834,384,move,0,,23,,,,{}
2026-02-27_164756,5468.777872,814,391,move,0,,23,,,,{}
2026-02-27_164756,5468.792751,806,396,move,0,,23,,,,{}
2026-02-27_164756,5468.807927,800,400,move,0,,23,,,,{}
2026-02-27_164756,5468.823543,797,404,move,0,,23,,,,{}
2026-02-27_164756,5468.831607,797,406,move,0,,23,,,,{}
2026-02-27_164756,5468.839662,797,406,move,0,,23,,,,{}
2026-02-27_164756,5468.84873,797,406,move,0,,23,,,,{}
2026-02-27_164756,5468.864685,797,407,move,0,,23,,,,{}
2026-02-27_164756,5468.88276,797,409,move,0,,23,,,,{}
2026-02-27_164756,5468.898786,797,412,move,0,,23,,,,{}
2026-02-27_164756,5468.9148,795,414,move,0,,23,,,,{}
2026-02-27_164756,5468.93202,795,416,move,0,,23,,,,{}
2026-02-27_164756,5468.948731,794,418,move,0,,23,,,,{}
2026-02-27_164756,5468.964498,793,419,move,0,,23,,,,{}
2026-02-27_164756,5468.979258,789,420,move,0,,23,,,,{}
2026-02-27_164756,5468.995153,782,420,move,0,,23,,,,{}
2026-02-27_164756,5469.010019,760,421,move,0,,23,,,,{}
2026-02-27_164756,5469.025935,745,423,move,0,,23,,,,{}
2026-02-27_164756,5469.041024,720,423,move,0,,23,,,,{}
2026-02-27_164756,5469.049346,720,423,move,0,,23,,,,{}
2026-02-27_164756,5469.065068,699,424,move,0,,23,,,,{}
2026-02-27_164756,5469.073138,690,424,move,0,,23,,,,{}
2026-02-27_164756,5469.081238,690,424,move,0,,23,,,,{}
2026-02-27_164756,5469.097766,685,424,move,0,,23,,,,{}
2026-02-27_164756,5469.116142,684,424,target_spawn,1,,24,12,P1_TARGET,1,"{""label"": ""P1_TARGET"", ""size"": 46}"
2026-02-27_164756,5469.116162,684,424,down,1,left,24,0,BASE,0,{}
2026-02-27_164756,5469.116196,684,424,move,1,,24,12,P1_TARGET,1,{}
2026-02-27_164756,5469.134065,684,424,move,1,,24,12,P1_TARGET,1,{}
2026-02-27_164756,5469.149652,684,424,move,1,,24,12,P1_TARGET,1,{}
2026-02-27_164756,5469.16476,684,424,move,1,,24,12,P1_TARGET,1,{}
2026-02-27_164756,5469.180742,684,424,move,1,,24,12,P1_TARGET,1,{}
2026-02-27_164756,5469.196319,684,424,move,1,,24,12,P1_TARGET,1,{}
2026-02-27_164756,5469.211439,684,424,move,1,,24,12,P1_TARGET,1,{}
2026-02-27_164756,5469.22748,684,424,move,1,,24,12,P1_TARGET,1,{}
2026-02-27_164756,5469.229315,684,424,up,1,left,24,,,,"{""hold_ms"": 113.309}"
2026-02-27_164756,5469.242811,684,424,move,0,,24,12,P1_TARGET,1,{}
2026-02-27_164756,5469.258115,684,424,move,0,,24,12,P1_TARGET,1,{}
2026-02-27_164756,5469.273604,684,424,move,0,,24,12,P1_TARGET,1,{}
2026-02-27_164756,5469.282139,684,424,move,0,,24,12,P1_TARGET,1,{}
2026-02-27_164756,5469.291226,686,425,move,0,,24,12,P1_TARGET,1,{}
2026-02-27_164756,5469.304146,688,425,move,0,,24,12,P1_TARGET,1,{}
2026-02-27_164756,5469.315084,688,425,move,0,,24,12,P1_TARGET,1,{}
2026-02-27_164756,5469.332779,690,425,move,0,,24,12,P1_TARGET,1,{}
2026-02-27_164756,5469.350172,692,426,move,0,,24,12,P1_TARGET,1,{}
2026-02-27_164756,5469.365689,694,426,move,0,,24,12,P1_TARGET,1,{}
2026-02-27_164756,5469.381119,694,426,move,0,,24,12,P1_TARGET,1,{}
2026-02-27_164756,5469.397002,694,426,move,0,,24,12,P1_TARGET,1,{}
2026-02-27_164756,5469.412426,694,426,move,0,,24,12,P1_TARGET,1,{}
2026-02-27_164756,5469.4285,694,426,move,0,,24,12,P1_TARGET,1,{}
2026-02-27_164756,5469.444576,694,426,move,0,,24,12,P1_TARGET,1,{}
2026-02-27_164756,5469.46027,694,426,move,0,,24,12,P1_TARGET,1,{}
2026-02-27_164756,5469.475362,694,426,move,0,,24,12,P1_TARGET,1,{}
2026-02-27_164756,5469.484976,694,426,move,0,,24,12,P1_TARGET,1,{}
2026-02-27_164756,5469.499185,695,427,move,0,,24,12,P1_TARGET,1,{}
2026-02-27_164756,5469.516472,697,429,move,0,,24,12,P1_TARGET,1,{}
2026-02-27_164756,5469.533267,701,431,move,0,,24,12,P1_TARGET,1,{}
2026-02-27_164756,5469.548995,713,437,move,0,,24,12,P1_TARGET,1,{}
2026-02-27_164756,5469.564462,724,443,move,0,,24,12,P1_TARGET,1,{}
2026-02-27_164756,5469.582404,735,448,move,0,,24,12,P1_TARGET,1,{}
2026-02-27_164756,5469.597645,751,455,move,0,,24,12,P1_TARGET,1,{}
2026-02-27_164756,5469.6152,754,457,move,0,,24,12,P1_TARGET,1,{}
2026-02-27_164756,5469.631102,754,457,move,0,,24,12,P1_TARGET,1,{}
2026-02-27_164756,5469.64626,754,457,move,0,,24,12,P1_TARGET,1,{}
2026-02-27_164756,5469.648805,754,457,down,1,left,25,12,P1_TARGET,1,{}
2026-02-27_164756,5469.662117,754,457,move,1,,25,12,P1_TARGET,1,{}
2026-02-27_164756,5469.676992,755,457,move,1,,25,12,P1_TARGET,1,{}
2026-02-27_164756,5469.693022,756,457,move,1,,25,12,P1_TARGET,1,{}
2026-02-27_164756,5469.708591,756,457,move,1,,25,12,P1_TARGET,1,{}
2026-02-27_164756,5469.724083,756,457,move,1,,25,12,P1_TARGET,1,{}
2026-02-27_164756,5469.740033,756,457,move,1,,25,12,P1_TARGET,1,{}
2026-02-27_164756,5469.756111,756,457,move,1,,25,12,P1_TARGET,1,{}
2026-02-27_164756,5469.768665,756,457,target_end,1,,25,12,P1_TARGET,1,"{""outcome"": ""HIT""}"
2026-02-27_164756,5469.768842,756,457,up,1,left,25,12,P1_TARGET,1,"{""hold_ms"": 119.73}"
2026-02-27_164756,5469.768881,756,457,move,0,,25,,,,{}
2026-02-27_164756,5469.787627,756,457,move,0,,25,,,,{}
2026-02-27_164756,5469.80378,756,457,move,0,,25,,,,{}
2026-02-27_164756,5469.818971,756,457,move,0,,25,,,,{}
2026-02-27_164756,5469.8344,756,457,move,0,,25,,,,{}
2026-02-27_164756,5469.850048,756,457,move,0,,25,,,,{}
2026-02-27_164756,5469.865216,756,457,move,0,,25,,,,{}
2026-02-27_164756,5469.88102,756,457,move,0,,25,,,,{}
2026-02-27_164756,5469.897111,756,457,move,0,,25,,,,{}
2026-02-27_164756,5469.912403,756,457,move,0,,25,,,,{}
2026-02-27_164756,5469.927716,756,457,move,0,,25,,,,{}
2026-02-27_164756,5469.942991,756,457,move,0,,25,,,,{}
2026-02-27_164756,5469.959107,756,457,move,0,,25,,,,{}
2026-02-27_164756,5469.974347,756,457,move,0,,25,,,,{}
2026-02-27_164756,5469.989708,756,457,move,0,,25,,,,{}
2026-02-27_164756,5469.998288,756,457,move,0,,25,,,,{}
2026-02-27_164756,5470.014829,755,456,move,0,,25,,,,{}
2026-02-27_164756,5470.03516,755,455,move,0,,25,,,,{}
2026-02-27_164756,5470.050855,755,455,move,0,,25,,,,{}
2026-02-27_164756,5470.064554,755,455,move,0,,25,,,,{}
2026-02-27_164756,5470.082874,754,454,move,0,,25,,,,{}
2026-02-27_164756,5470.099176,750,450,move,0,,25,,,,{}
2026-02-27_164756,5470.11338,748,450,move,0,,25,,,,{}
2026-02-27_164756,5470.129084,746,449,move,0,,25,,,,{}
2026-02-27_164756,5470.144256,745,448,move,0,,25,,,,{}
2026-02-27_164756,5470.15943,743,448,move,0,,25,,,,{}
2026-02-27_164756,5470.174949,740,447,move,0,,25,,,,{}
2026-02-27_164756,5470.19077,738,447,move,0,,25,,,,{}
2026-02-27_164756,5470.206308,735,447,move,0,,25,,,,{}
2026-02-27_164756,5470.214514,735,447,move,0,,25,,,,{}
2026-02-27_164756,5470.222564,731,445,move,0,,25,,,,{}
2026-02-27_164756,5470.231899,731,445,move,0,,25,,,,{}
2026-02-27_164756,5470.252224,728,445,move,0,,25,,,,{}
2026-02-27_164756,5470.264132,728,445,target_spawn,1,,26,13,P1_TARGET,1,"{""label"": ""P1_TARGET"", ""size"": 46}"
2026-02-27_164756,5470.264158,728,445,down,1,left,26,0,BASE,0,{}
2026-02-27_164756,5470.264193,728,445,move,1,,26,13,P1_TARGET,1,{}
2026-02-27_164756,5470.283842,728,445,move,1,,26,13,P1_TARGET,1,{}
2026-02-27_164756,5470.299499,728,445,move,1,,26,13,P1_TARGET,1,{}
2026-02-27_164756,5470.315065,728,445,move,1,,26,13,P1_TARGET,1,{}
2026-02-27_164756,5470.330684,728,445,move,1,,26,13,P1_TARGET,1,{}
2026-02-27_164756,5470.346542,728,445,move,1,,26,13,P1_TARGET,1,{}
2026-02-27_164756,5470.350013,728,445,up,1,left,26,,,,"{""hold_ms"": 86.023}"
2026-02-27_164756,5470.362019,728,445,move,0,,26,13,P1_TARGET,1,{}
2026-02-27_164756,5470.377228,728,445,move,0,,26,13,P1_TARGET,1,{}
2026-02-27_164756,5470.392929,728,445,move,0,,26,13,P1_TARGET,1,{}
2026-02-27_164756,5470.408294,728,445,move,0,,26,13,P1_TARGET,1,{}
2026-02-27_164756,5470.424194,728,445,move,0,,26,13,P1_TARGET,1,{}
2026-02-27_164756,5470.439632,728,445,move,0,,26,13,P1_TARGET,1,{}
2026-02-27_164756,5470.454879,728,445,move,0,,26,13,P1_TARGET,1,{}
2026-02-27_164756,5470.470206,728,445,move,0,,26,13,P1_TARGET,1,{}
2026-02-27_164756,5470.485839,728,445,move,0,,26,13,P1_TARGET,1,{}
2026-02-27_164756,5470.498467,728,445,move,0,,26,13,P1_TARGET,1,{}
2026-02-27_164756,5470.517568,729,445,move,0,,26,13,P1_TARGET,1,{}
2026-02-27_164756,5470.533236,729,445,move,0,,26,13,P1_TARGET,1,{}
2026-02-27_164756,5470.548493,729,447,move,0,,26,13,P1_TARGET,1,{}
2026-02-27_164756,5470.564622,729,449,move,0,,26,13,P1_TARGET,1,{}
2026-02-27_164756,5470.579571,729,451,move,0,,26,13,P1_TARGET,1,{}
2026-02-27_164756,5470.595015,725,456,move,0,,26,13,P1_TARGET,1,{}
2026-02-27_164756,5470.61046,716,462,move,0,,26,13,P1_TARGET,1,{}
2026-02-27_164756,5470.625693,711,466,move,0,,26,13,P1_TARGET,1,{}
2026-02-27_164756,5470.641764,693,476,move,0,,26,13,P1_TARGET,1,{}
2026-02-27_164756,5470.649826,670,482,move,0,,26,13,P1_TARGET,1,{}
2026-02-27_164756,5470.658617,670,482,move,0,,26,13,P1_TARGET,1,{}
2026-02-27_164756,5470.672964,646,487,move,0,,26,13,P1_TARGET,1,{}
2026-02-27_164756,5470.682428,646,487,move,0,,26,13,P1_TARGET,1,{}
2026-02-27_164756,5470.697799,636,489,move,0,,26,13,P1_TARGET,1,{}
2026-02-27_164756,5470.714243,623,490,move,0,,26,13,P1_TARGET,1,{}
2026-02-27_164756,5470.73168,613,491,move,0,,26,13,P1_TARGET,1,{}
2026-02-27_164756,5470.747945,603,494,move,0,,26,13,P1_TARGET,1,{}
2026-02-27_164756,5470.765349,596,495,move,0,,26,13,P1_TARGET,1,{}
2026-02-27_164756,5470.782465,585,496,move,0,,26,13,P1_TARGET,1,{}
2026-02-27_164756,5470.798598,572,499,move,0,,26,13,P1_TARGET,1,{}
2026-02-27_164756,5470.814179,567,500,move,0,,26,13,P1_TARGET,1,{}
2026-02-27_164756,5470.830252,559,500,move,0,,26,13,P1_TARGET,1,{}
2026-02-27_164756,5470.845335,553,501,move,0,,26,13,P1_TARGET,1,{}
2026-02-27_164756,5470.861455,542,504,move,0,,26,13,P1_TARGET,1,{}
2026-02-27_164756,5470.877449,538,504,move,0,,26,13,P1_TARGET,1,{}
2026-02-27_164756,5470.892975,534,505,move,0,,26,13,P1_TARGET,1,{}
2026-02-27_164756,5470.906907,532,505,move,0,,26,13,P1_TARGET,1,{}
2026-02-27_164756,5470.908663,531,506,down,1,left,27,13,P1_TARGET,1,{}
2026-02-27_164756,5470.925099,531,506,move,1,,27,13,P1_TARGET,1,{}
2026-02-27_164756,5470.94013,531,506,move,1,,27,13,P1_TARGET,1,{}
2026-02-27_164756,5470.95554,531,506,move,1,,27,13,P1_TARGET,1,{}
2026-02-27_164756,5470.971591,531,506,move,1,,27,13,P1_TARGET,1,{}
2026-02-27_164756,5470.98699,531,506,move,1,,27,13,P1_TARGET,1,{}
2026-02-27_164756,5471.002149,531,506,move,1,,27,13,P1_TARGET,1,{}
2026-02-27_164756,5471.018087,531,506,move,1,,27,13,P1_TARGET,1,{}
2026-02-27_164756,5471.033859,531,506,move,1,,27,13,P1_TARGET,1,{}
2026-02-27_164756,5471.044093,531,506,target_end,1,,27,13,P1_TARGET,1,"{""outcome"": ""HIT""}"
2026-02-27_164756,5471.04426,531,506,up,1,left,27,13,P1_TARGET,1,"{""hold_ms"": 135.281}"
2026-02-27_164756,5471.044298,531,506,move,0,,27,,,,{}
2026-02-27_164756,5471.065839,531,506,move,0,,27,,,,{}
2026-02-27_164756,5471.081407,531,506,move,0,,27,,,,{}
2026-02-27_164756,5471.097081,531,506,move,0,,27,,,,{}
2026-02-27_164756,5471.112526,532,506,move,0,,27,,,,{}
2026-02-27_164756,5471.128028,539,502,move,0,,27,,,,{}
2026-02-27_164756,5471.143448,547,498,move,0,,27,,,,{}
2026-02-27_164756,5471.158637,579,483,move,0,,27,,,,{}
2026-02-27_164756,5471.17378,612,468,move,0,,27,,,,{}
2026-02-27_164756,5471.189199,630,461,move,0,,27,,,,{}
2026-02-27_164756,5471.197323,661,448,move,0,,27,,,,{}
2026-02-27_164756,5471.214689,661,448,move,0,,27,,,,{}
2026-02-27_164756,5471.230524,683,440,move,0,,27,,,,{}
2026-02-27_164756,5471.24814,703,431,move,0,,27,,,,{}
2026-02-27_164756,5471.264131,711,427,move,0,,27,,,,{}
2026-02-27_164756,5471.280268,714,425,move,0,,27,,,,{}
2026-02-27_164756,5471.297196,716,423,move,0,,27,,,,{}
2026-02-27_164756,5471.312948,717,422,move,0,,27,,,,{}
2026-02-27_164756,5471.328058,717,422,move,0,,27,,,,{}
2026-02-27_164756,5471.344035,717,422,move,0,,27,,,,{}
2026-02-27_164756,5471.358373,717,422,target_spawn,1,,28,14,P1_TARGET,1,"{""label"": ""P1_TARGET"", ""size"": 46}"
2026-02-27_164756,5471.358402,717,422,down,1,left,28,0,BASE,0,{}
2026-02-27_164756,5471.358436,717,422,move,1,,28,14,P1_TARGET,1,{}
2026-02-27_164756,5471.376118,717,422,move,1,,28,14,P1_TARGET,1,{}
2026-02-27_164756,5471.391646,718,422,move,1,,28,14,P1_TARGET,1,{}
2026-02-27_164756,5471.406899,718,422,move,1,,28,14,P1_TARGET,1,{}
2026-02-27_164756,5471.421871,718,422,move,1,,28,14,P1_TARGET,1,{}
2026-02-27_164756,5471.437088,718,422,move,1,,28,14,P1_TARGET,1,{}
2026-02-27_164756,5471.452477,718,422,move,1,,28,14,P1_TARGET,1,{}
2026-02-27_164756,5471.468218,718,422,move,1,,28,14,P1_TARGET,1,{}
2026-02-27_164756,5471.470819,718,422,up,1,left,28,,,,"{""hold_ms"": 112.579}"
2026-02-27_164756,5471.476326,718,422,move,0,,28,14,P1_TARGET,1,{}
2026-02-27_164756,5471.484389,718,422,move,0,,28,14,P1_TARGET,1,{}
2026-02-27_164756,5471.500252,718,422,move,0,,28,14,P1_TARGET,1,{}
2026-02-27_164756,5471.516176,718,422,move,0,,28,14,P1_TARGET,1,{}
2026-02-27_164756,5471.532211,718,422,move,0,,28,14,P1_TARGET,1,{}
2026-02-27_164756,5471.548264,718,422,move,0,,28,14,P1_TARGET,1,{}
2026-02-27_164756,5471.56336,718,422,move,0,,28,14,P1_TARGET,1,{}
2026-02-27_164756,5471.579405,718,422,move,0,,28,14,P1_TARGET,1,{}
2026-02-27_164756,5471.595392,718,423,move,0,,28,14,P1_TARGET,1,{}
2026-02-27_164756,5471.61071,718,424,move,0,,28,14,P1_TARGET,1,{}
2026-02-27_164756,5471.626022,714,428,move,0,,28,14,P1_TARGET,1,{}
2026-02-27_164756,5471.641697,711,430,move,0,,28,14,P1_TARGET,1,{}
2026-02-27_164756,5471.656927,705,432,move,0,,28,14,P1_TARGET,1,{}
2026-02-27_164756,5471.665014,693,434,move,0,,28,14,P1_TARGET,1,{}
2026-02-27_164756,5471.673082,693,434,move,0,,28,14,P1_TARGET,1,{}
2026-02-27_164756,5471.681757,693,434,move,0,,28,14,P1_TARGET,1,{}
2026-02-27_164756,5471.697013,667,430,move,0,,28,14,P1_TARGET,1,{}
2026-02-27_164756,5471.713778,643,419,move,0,,28,14,P1_TARGET,1,{}
2026-02-27_164756,5471.73047,611,403,move,0,,28,14,P1_TARGET,1,{}
2026-02-27_164756,5471.747129,576,381,move,0,,28,14,P1_TARGET,1,{}
2026-02-27_164756,5471.764653,534,352,move,0,,28,14,P1_TARGET,1,{}
2026-02-27_164756,5471.780602,469,315,move,0,,28,14,P1_TARGET,1,{}
2026-02-27_164756,5471.797212,447,299,move,0,,28,14,P1_TARGET,1,{}
2026-02-27_164756,5471.813451,407,275,move,0,,28,14,P1_TARGET,1,{}
2026-02-27_164756,5471.828344,391,264,move,0,,28,14,P1_TARGET,1,{}
2026-02-27_164756,5471.84434,371,249,move,0,,28,14,P1_TARGET,1,{}
2026-02-27_164756,5471.85923,361,240,move,0,,28,14,P1_TARGET,1,{}
2026-02-27_164756,5471.874566,351,234,move,0,,28,14,P1_TARGET,1,{}
2026-02-27_164756,5471.89045,345,231,move,0,,28,14,P1_TARGET,1,{}
2026-02-27_164756,5471.905828,341,229,move,0,,28,14,P1_TARGET,1,{}
2026-02-27_164756,5471.913902,335,224,move,0,,28,14,P1_TARGET,1,{}
2026-02-27_164756,5471.921978,335,224,move,0,,28,14,P1_TARGET,1,{}
2026-02-27_164756,5471.930337,335,224,move,0,,28,14,P1_TARGET,1,{}
2026-02-27_164756,5471.946817,333,222,move,0,,28,14,P1_TARGET,1,{}
2026-02-27_164756,5471.964832,329,219,move,0,,28,14,P1_TARGET,1,{}
2026-02-27_164756,5471.980071,324,214,move,0,,28,14,P1_TARGET,1,{}
2026-02-27_164756,5471.997087,316,209,move,0,,28,14,P1_TARGET,1,{}
2026-02-27_164756,5472.013304,314,208,move,0,,28,14,P1_TARGET,1,{}
2026-02-27_164756,5472.030535,313,206,move,0,,28,14,P1_TARGET,1,{}
2026-02-27_164756,5472.045799,312,206,move,0,,28,14,P1_TARGET,1,{}
2026-02-27_164756,5472.060989,312,206,move,0,,28,14,P1_TARGET,1,{}
2026-02-27_164756,5472.0766,312,206,move,0,,28,14,P1_TARGET,1,{}
2026-02-27_164756,5472.085988,312,206,down,1,left,29,14,P1_TARGET,1,{}
2026-02-27_164756,5472.086033,312,206,move,1,,29,14,P1_TARGET,1,{}
2026-02-27_164756,5472.107262,312,206,move,1,,29,14,P1_TARGET,1,{}
2026-02-27_164756,5472.123161,312,206,move,1,,29,14,P1_TARGET,1,{}
2026-02-27_164756,5472.139092,312,206,move,1,,29,14,P1_TARGET,1,{}
2026-02-27_164756,5472.153485,312,206,move,1,,29,14,P1_TARGET,1,{}
2026-02-27_164756,5472.16891,312,206,move,1,,29,14,P1_TARGET,1,{}
2026-02-27_164756,5472.175971,312,206,target_end,1,,29,14,P1_TARGET,1,"{""outcome"": ""HIT""}"
2026-02-27_164756,5472.176143,312,206,up,1,left,29,14,P1_TARGET,1,"{""hold_ms"": 89.825}"
2026-02-27_164756,5472.176986,312,206,move,0,,29,,,,{}
2026-02-27_164756,5472.185033,312,206,move,0,,29,,,,{}
2026-02-27_164756,5472.200591,312,206,move,0,,29,,,,{}
2026-02-27_164756,5472.213485,312,206,move,0,,29,,,,{}
2026-02-27_164756,5472.230191,315,207,move,0,,29,,,,{}
2026-02-27_164756,5472.24685,332,216,move,0,,29,,,,{}
2026-02-27_164756,5472.26325,356,228,move,0,,29,,,,{}
2026-02-27_164756,5472.278927,385,242,move,0,,29,,,,{}
2026-02-27_164756,5472.293965,445,277,move,0,,29,,,,{}
2026-02-27_164756,5472.309603,493,308,move,0,,29,,,,{}
2026-02-27_164756,5472.324858,515,320,move,0,,29,,,,{}
2026-02-27_164756,5472.340433,515,320,move,0,,29,,,,{}
2026-02-27_164756,5472.352037,542,336,move,0,,29,,,,{}
2026-02-27_164756,5472.365407,567,354,move,0,,29,,,,{}
2026-02-27_164756,5472.380522,598,374,move,0,,29,,,,{}
2026-02-27_164756,5472.398774,615,385,move,0,,29,,,,{}
2026-02-27_164756,5472.413655,624,389,move,0,,29,,,,{}
2026-02-27_164756,5472.430143,628,390,move,0,,29,,,,{}
2026-02-27_164756,5472.446821,631,392,move,0,,29,,,,{}
2026-02-27_164756,5472.46423,632,392,move,0,,29,,,,{}
2026-02-27_164756,5472.479909,633,393,move,0,,29,,,,{}
2026-02-27_164756,5472.496349,636,394,move,0,,29,,,,{}
2026-02-27_164756,5472.512006,637,395,move,0,,29,,,,{}
2026-02-27_164756,5472.527925,637,395,move,0,,29,,,,{}
2026-02-27_164756,5472.543929,637,395,move,0,,29,,,,{}
2026-02-27_164756,5472.559617,637,395,move,0,,29,,,,{}
2026-02-27_164756,5472.575517,637,395,move,0,,29,,,,{}
2026-02-27_164756,5472.583589,639,396,move,0,,29,,,,{}
2026-02-27_164756,5472.596788,639,396,move,0,,29,,,,{}
2026-02-27_164756,5472.605852,645,399,move,0,,29,,,,{}
2026-02-27_164756,5472.613908,656,405,move,0,,29,,,,{}
2026-02-27_164756,5472.621963,656,405,move,0,,29,,,,{}
2026-02-27_164756,5472.630083,656,405,move,0,,29,,,,{}
2026-02-27_164756,5472.647195,666,409,move,0,,29,,,,{}
2026-02-27_164756,5472.655261,674,413,move,0,,29,,,,{}
2026-02-27_164756,5472.664279,674,413,move,0,,29,,,,{}
2026-02-27_164756,5472.680582,679,416,move,0,,29,,,,{}
2026-02-27_164756,5472.696791,681,417,move,0,,29,,,,{}
2026-02-27_164756,5472.707585,683,418,move,0,,29,,,,{}
2026-02-27_164756,5472.709103,685,419,target_spawn,1,,30,15,P1_TARGET,1,"{""label"": ""P1_TARGET"", ""size"": 46}"
2026-02-27_164756,5472.709119,685,419,down,1,left,30,0,BASE,0,{}
2026-02-27_164756,5472.730109,685,419,move,1,,30,15,P1_TARGET,1,{}
2026-02-27_164756,5472.745254,688,421,move,1,,30,15,P1_TARGET,1,{}
2026-02-27_164756,5472.761058,688,421,move,1,,30,15,P1_TARGET,1,{}
2026-02-27_164756,5472.776466,689,421,move,1,,30,15,P1_TARGET,1,{}
2026-02-27_164756,5472.791705,689,421,move,1,,30,15,P1_TARGET,1,{}
2026-02-27_164756,5472.807585,689,421,move,1,,30,15,P1_TARGET,1,{}
2026-02-27_164756,5472.822249,689,421,move,1,,30,15,P1_TARGET,1,{}
2026-02-27_164756,5472.827989,689,421,up,1,left,30,,,,"{""hold_ms"": 119.019}"
2026-02-27_164756,5472.830304,689,421,move,0,,30,15,P1_TARGET,1,{}
2026-02-27_164756,5472.838359,689,421,move,0,,30,15,P1_TARGET,1,{}
2026-02-27_164756,5472.853289,689,421,move,0,,30,15,P1_TARGET,1,{}
2026-02-27_164756,5472.869144,689,421,move,0,,30,15,P1_TARGET,1,{}
2026-02-27_164756,5472.885227,689,421,move,0,,30,15,P1_TARGET,1,{}
2026-02-27_164756,5472.900891,689,421,move,0,,30,15,P1_TARGET,1,{}
2026-02-27_164756,5472.916891,689,421,move,0,,30,15,P1_TARGET,1,{}
2026-02-27_164756,5472.932708,689,421,move,0,,30,15,P1_TARGET,1,{}
2026-02-27_164756,5472.948531,689,421,move,0,,30,15,P1_TARGET,1,{}
2026-02-27_164756,5472.96437,689,421,move,0,,30,15,P1_TARGET,1,{}
2026-02-27_164756,5472.979613,689,421,move,0,,30,15,P1_TARGET,1,{}
2026-02-27_164756,5472.995524,689,421,move,0,,30,15,P1_TARGET,1,{}
2026-02-27_164756,5473.011406,689,421,move,0,,30,15,P1_TARGET,1,{}
2026-02-27_164756,5473.026746,685,419,move,0,,30,15,P1_TARGET,1,{}
2026-02-27_164756,5473.041909,674,417,move,0,,30,15,P1_TARGET,1,{}
2026-02-27_164756,5473.057586,658,416,move,0,,30,15,P1_TARGET,1,{}
2026-02-27_164756,5473.073525,636,421,move,0,,30,15,P1_TARGET,1,{}
2026-02-27_164756,5473.081613,614,432,move,0,,30,15,P1_TARGET,1,{}
2026-02-27_164756,5473.08967,614,432,move,0,,30,15,P1_TARGET,1,{}
2026-02-27_164756,5473.097723,581,455,move,0,,30,15,P1_TARGET,1,{}
2026-02-27_164756,5473.113857,581,455,move,0,,30,15,P1_TARGET,1,{}
2026-02-27_164756,5473.129902,540,497,move,0,,30,15,P1_TARGET,1,{}
2026-02-27_164756,5473.147168,527,518,move,0,,30,15,P1_TARGET,1,{}
2026-02-27_164756,5473.164188,508,549,move,0,,30,15,P1_TARGET,1,{}
2026-02-27_164756,5473.179594,496,574,move,0,,30,15,P1_TARGET,1,{}
2026-02-27_164756,5473.196461,485,595,move,0,,30,15,P1_TARGET,1,{}
2026-02-27_164756,5473.212687,481,603,move,0,,30,15,P1_TARGET,1,{}
2026-02-27_164756,5473.228377,476,609,move,0,,30,15,P1_TARGET,1,{}
2026-02-27_164756,5473.244258,475,611,move,0,,30,15,P1_TARGET,1,{}
2026-02-27_164756,5473.259438,472,614,move,0,,30,15,P1_TARGET,1,{}
2026-02-27_164756,5473.274904,469,616,move,0,,30,15,P1_TARGET,1,{}
2026-02-27_164756,5473.290951,466,618,move,0,,30,15,P1_TARGET,1,{}
2026-02-27_164756,5473.305699,464,618,move,0,,30,15,P1_TARGET,1,{}
2026-02-27_164756,5473.31406,464,618,move,0,,30,15,P1_TARGET,1,{}
2026-02-27_164756,5473.330291,462,619,move,0,,30,15,P1_TARGET,1,{}
2026-02-27_164756,5473.346364,460,619,move,0,,30,15,P1_TARGET,1,{}
2026-02-27_164756,5473.362831,458,619,move,0,,30,15,P1_TARGET,1,{}
2026-02-27_164756,5473.381071,457,619,move,0,,30,15,P1_TARGET,1,{}
2026-02-27_164756,5473.396844,456,619,move,0,,30,15,P1_TARGET,1,{}
2026-02-27_164756,5473.414004,454,619,move,0,,30,15,P1_TARGET,1,{}
2026-02-27_164756,5473.429999,453,619,move,0,,30,15,P1_TARGET,1,{}
2026-02-27_164756,5473.445293,452,618,move,0,,30,15,P1_TARGET,1,{}
2026-02-27_164756,5473.460831,450,616,move,0,,30,15,P1_TARGET,1,{}
2026-02-27_164756,5473.475938,449,615,move,0,,30,15,P1_TARGET,1,{}
2026-02-27_164756,5473.483788,449,615,down,1,left,31,15,P1_TARGET,1,{}
2026-02-27_164756,5473.483994,449,615,move,1,,31,15,P1_TARGET,1,{}
2026-02-27_164756,5473.492037,449,615,move,1,,31,15,P1_TARGET,1,{}
2026-02-27_164756,5473.507129,449,615,move,1,,31,15,P1_TARGET,1,{}
2026-02-27_164756,5473.523147,449,615,move,1,,31,15,P1_TARGET,1,{}
2026-02-27_164756,5473.538938,449,615,move,1,,31,15,P1_TARGET,1,{}
2026-02-27_164756,5473.555022,449,615,move,1,,31,15,P1_TARGET,1,{}
2026-02-27_164756,5473.570241,449,615,move,1,,31,15,P1_TARGET,1,{}
2026-02-27_164756,5473.578532,449,615,target_end,1,,31,15,P1_TARGET,1,"{""outcome"": ""HIT""}"
2026-02-27_164756,5473.578699,449,615,up,1,left,31,15,P1_TARGET,1,"{""hold_ms"": 94.578}"
2026-02-27_164756,5473.57875,449,615,move,0,,31,,,,{}
2026-02-27_164756,5473.600344,449,615,move,0,,31,,,,{}
2026-02-27_164756,5473.613052,449,615,move,0,,31,,,,{}
2026-02-27_164756,5473.629671,449,614,move,0,,31,,,,{}
2026-02-27_164756,5473.647504,450,612,move,0,,31,,,,{}
2026-02-27_164756,5473.662863,464,604,move,0,,31,,,,{}
2026-02-27_164756,5473.678168,487,592,move,0,,31,,,,{}
2026-02-27_164756,5473.693724,503,586,move,0,,31,,,,{}
2026-02-27_164756,5473.709339,540,571,move,0,,31,,,,{}
2026-02-27_164756,5473.724507,590,549,move,0,,31,,,,{}
2026-02-27_164756,5473.739747,620,534,move,0,,31,,,,{}
2026-02-27_164756,5473.7549,649,521,move,0,,31,,,,{}
2026-02-27_164756,5473.76324,649,521,move,0,,31,,,,{}
2026-02-27_164756,5473.771835,685,502,move,0,,31,,,,{}
2026-02-27_164756,5473.780238,685,502,move,0,,31,,,,{}
2026-02-27_164756,5473.79661,699,493,move,0,,31,,,,{}
2026-02-27_164756,5473.813071,725,475,move,0,,31,,,,{}
2026-02-27_164756,5473.829529,734,467,move,0,,31,,,,{}
2026-02-27_164756,5473.846732,738,464,move,0,,31,,,,{}
2026-02-27_164756,5473.862961,743,456,move,0,,31,,,,{}
2026-02-27_164756,5473.879181,747,448,move,0,,31,,,,{}
2026-02-27_164756,5473.895001,749,443,move,0,,31,,,,{}
2026-02-27_164756,5473.910546,750,440,move,0,,31,,,,{}
2026-02-27_164756,5473.926551,751,438,move,0,,31,,,,{}
2026-02-27_164756,5473.942078,752,437,move,0,,31,,,,{}
2026-02-27_164756,5473.957438,752,436,move,0,,31,,,,{}
2026-02-27_164756,5473.973047,752,436,move,0,,31,,,,{}
2026-02-27_164756,5473.98914,752,436,move,0,,31,,,,{}
2026-02-27_164756,5474.005781,752,436,down,1,left,32,,,,{}
2026-02-27_164756,5474.005798,752,436,misclick,1,,32,,,,{}
2026-02-27_164756,5474.005832,752,436,move,1,,32,,,,{}
2026-02-27_164756,5474.021008,752,436,move,1,,32,,,,{}
2026-02-27_164756,5474.03709,752,436,move,1,,32,,,,{}
2026-02-27_164756,5474.052535,752,436,move,1,,32,,,,{}
2026-02-27_164756,5474.066234,752,436,up,1,left,32,,,,"{""hold_ms"": 60.454}"
2026-02-27_164756,5474.066279,752,436,move,0,,32,,,,{}
2026-02-27_164756,5474.08024,752,436,move,0,,32,,,,{}
2026-02-27_164756,5474.096097,751,436,move,0,,32,,,,{}
2026-02-27_164756,5474.114315,748,436,move,0,,32,,,,{}
2026-02-27_164756,5474.129358,744,436,move,0,,32,,,,{}
2026-02-27_164756,5474.146401,738,436,move,0,,32,,,,{}
2026-02-27_164756,5474.163229,732,435,move,0,,32,,,,{}
2026-02-27_164756,5474.178207,721,434,move,0,,32,,,,{}
2026-02-27_164756,5474.193694,715,433,move,0,,32,,,,{}
2026-02-27_164756,5474.209506,710,432,move,0,,32,,,,{}
2026-02-27_164756,5474.224771,707,431,move,0,,32,,,,{}
2026-02-27_164756,5474.239814,705,431,target_spawn,1,,33,16,P1_TARGET,1,"{""label"": ""P1_TARGET"", ""size"": 46}"
2026-02-27_164756,5474.239834,705,431,down,1,left,33,0,BASE,0,{}
2026-02-27_164756,5474.239868,705,431,move,1,,33,16,P1_TARGET,1,{}
2026-02-27_164756,5474.256106,705,431,move,1,,33,16,P1_TARGET,1,{}
2026-02-27_164756,5474.271559,705,431,move,1,,33,16,P1_TARGET,1,{}
2026-02-27_164756,5474.287046,705,431,move,1,,33,16,P1_TARGET,1,{}
2026-02-27_164756,5474.302969,705,431,move,1,,33,16,P1_TARGET,1,{}
2026-02-27_164756,5474.318583,705,431,move,1,,33,16,P1_TARGET,1,{}
2026-02-27_164756,5474.33362,705,431,move,1,,33,16,P1_TARGET,1,{}
2026-02-27_164756,5474.335845,705,431,up,1,left,33,,,,"{""hold_ms"": 96.161}"
2026-02-27_164756,5474.349359,705,431,move,0,,33,16,P1_TARGET,1,{}
2026-02-27_164756,5474.362921,705,431,move,0,,33,16,P1_TARGET,1,{}
2026-02-27_164756,5474.380085,705,430,move,0,,33,16,P1_TARGET,1,{}
2026-02-27_164756,5474.396099,705,430,move,0,,33,16,P1_TARGET,1,{}
2026-02-27_164756,5474.412155,705,430,move,0,,33,16,P1_TARGET,1,{}
2026-02-27_164756,5474.427395,706,431,move,0,,33,16,P1_TARGET,1,{}
2026-02-27_164756,5474.442614,707,432,move,0,,33,16,P1_TARGET,1,{}
2026-02-27_164756,5474.457823,708,433,move,0,,33,16,P1_TARGET,1,{}
2026-02-27_164756,5474.47367,710,433,move,0,,33,16,P1_TARGET,1,{}
2026-02-27_164756,5474.48173,711,434,move,0,,33,16,P1_TARGET,1,{}
2026-02-27_164756,5474.489791,711,434,move,0,,33,16,P1_TARGET,1,{}
2026-02-27_164756,5474.497848,712,436,move,0,,33,16,P1_TARGET,1,{}
2026-02-27_164756,5474.513283,712,436,move,0,,33,16,P1_TARGET,1,{}
2026-02-27_164756,5474.521683,712,438,move,0,,33,16,P1_TARGET,1,{}
2026-02-27_164756,5474.529938,712,438,move,0,,33,16,P1_TARGET,1,{}
2026-02-27_164756,5474.546685,712,441,move,0,,33,16,P1_TARGET,1,{}
2026-02-27_164756,5474.565689,701,450,move,0,,33,16,P1_TARGET,1,{}
2026-02-27_164756,5474.580666,674,459,move,0,,33,16,P1_TARGET,1,{}
2026-02-27_164756,5474.597811,631,467,move,0,,33,16,P1_TARGET,1,{}
2026-02-27_164756,5474.613356,545,475,move,0,,33,16,P1_TARGET,1,{}
2026-02-27_164756,5474.62783,495,479,move,0,,33,16,P1_TARGET,1,{}
2026-02-27_164756,5474.642943,433,487,move,0,,33,16,P1_TARGET,1,{}
2026-02-27_164756,5474.65902,405,492,move,0,,33,16,P1_TARGET,1,{}
2026-02-27_164756,5474.673881,354,501,move,0,,33,16,P1_TARGET,1,{}
2026-02-27_164756,5474.689177,299,510,move,0,,33,16,P1_TARGET,1,{}
2026-02-27_164756,5474.704097,275,512,move,0,,33,16,P1_TARGET,1,{}
2026-02-27_164756,5474.713471,275,512,move,0,,33,16,P1_TARGET,1,{}
2026-02-27_164756,5474.731711,254,515,move,0,,33,16,P1_TARGET,1,{}
2026-02-27_164756,5474.746403,243,516,move,0,,33,16,P1_TARGET,1,{}
2026-02-27_164756,5474.765226,242,516,move,0,,33,16,P1_TARGET,1,{}
2026-02-27_164756,5474.78116,242,516,move,0,,33,16,P1_TARGET,1,{}
2026-02-27_164756,5474.796734,242,516,move,0,,33,16,P1_TARGET,1,{}
2026-02-27_164756,5474.811926,242,516,move,0,,33,16,P1_TARGET,1,{}
2026-02-27_164756,5474.827978,242,516,move,0,,33,16,P1_TARGET,1,{}
2026-02-27_164756,5474.843852,241,513,move,0,,33,16,P1_TARGET,1,{}
2026-02-27_164756,5474.859548,244,510,move,0,,33,16,P1_TARGET,1,{}
2026-02-27_164756,5474.875124,248,508,move,0,,33,16,P1_TARGET,1,{}
2026-02-27_164756,5474.890216,257,504,move,0,,33,16,P1_TARGET,1,{}
2026-02-27_164756,5474.898296,288,499,move,0,,33,16,P1_TARGET,1,{}
2026-02-27_164756,5474.906369,288,499,move,0,,33,16,P1_TARGET,1,{}
2026-02-27_164756,5474.914452,288,499,move,0,,33,16,P1_TARGET,1,{}
2026-02-27_164756,5474.929883,307,498,move,0,,33,16,P1_TARGET,1,{}
2026-02-27_164756,5474.946019,328,496,move,0,,33,16,P1_TARGET,1,{}
2026-02-27_164756,5474.965712,354,493,move,0,,33,16,P1_TARGET,1,{}
2026-02-27_164756,5474.980084,378,490,move,0,,33,16,P1_TARGET,1,{}
2026-02-27_164756,5474.997403,390,486,move,0,,33,16,P1_TARGET,1,{}
2026-02-27_164756,5475.013571,397,484,move,0,,33,16,P1_TARGET,1,{}
2026-02-27_164756,5475.030938,397,483,move,0,,33,16,P1_TARGET,1,{}
2026-02-27_164756,5475.046831,397,483,move,0,,33,16,P1_TARGET,1,{}
2026-02-27_164756,5475.062644,397,483,move,0,,33,16,P1_TARGET,1,{}
2026-02-27_164756,5475.078494,397,483,move,0,,33,16,P1_TARGET,1,{}
2026-02-27_164756,5475.094382,397,483,move,0,,33,16,P1_TARGET,1,{}
2026-02-27_164756,5475.109582,397,483,move,0,,33,16,P1_TARGET,1,{}
2026-02-27_164756,5475.125723,397,483,move,0,,33,16,P1_TARGET,1,{}
2026-02-27_164756,5475.14185,397,483,move,0,,33,16,P1_TARGET,1,{}
2026-02-27_164756,5475.15803,393,482,move,0,,33,16,P1_TARGET,1,{}
2026-02-27_164756,5475.173794,387,481,move,0,,33,16,P1_TARGET,1,{}
2026-02-27_164756,5475.188981,382,480,move,0,,33,16,P1_TARGET,1,{}
2026-02-27_164756,5475.197062,374,480,move,0,,33,16,P1_TARGET,1,{}
2026-02-27_164756,5475.205131,374,480,move,0,,33,16,P1_TARGET,1,{}
2026-02-27_164756,5475.213186,370,480,move,0,,33,16,P1_TARGET,1,{}
2026-02-27_164756,5475.221233,370,480,move,0,,33,16,P1_TARGET,1,{}
2026-02-27_164756,5475.229429,370,480,move,0,,33,16,P1_TARGET,1,{}
2026-02-27_164756,5475.237495,366,480,move,0,,33,16,P1_TARGET,1,{}
2026-02-27_164756,5475.247366,366,480,move,0,,33,16,P1_TARGET,1,{}
2026-02-27_164756,5475.263143,363,480,move,0,,33,16,P1_TARGET,1,{}
2026-02-27_164756,5475.279713,361,480,move,0,,33,16,P1_TARGET,1,{}
2026-02-27_164756,5475.288025,360,479,move,0,,33,16,P1_TARGET,1,{}
2026-02-27_164756,5475.289491,359,479,down,1,left,34,16,P1_TARGET,1,{}
2026-02-27_164756,5475.289507,359,479,misclick,1,,34,16,P1_TARGET,1,{}
2026-02-27_164756,5475.299812,359,479,move,1,,34,16,P1_TARGET,1,{}
2026-02-27_164756,5475.315518,359,479,move,1,,34,16,P1_TARGET,1,{}
2026-02-27_164756,5475.33101,359,479,move,1,,34,16,P1_TARGET,1,{}
2026-02-27_164756,5475.346378,359,479,move,1,,34,16,P1_TARGET,1,{}
2026-02-27_164756,5475.362441,359,479,move,1,,34,16,P1_TARGET,1,{}
2026-02-27_164756,5475.37807,359,479,move,1,,34,16,P1_TARGET,1,{}
2026-02-27_164756,5475.39431,359,479,move,1,,34,16,P1_TARGET,1,{}
2026-02-27_164756,5475.409064,359,479,move,1,,34,16,P1_TARGET,1,{}
2026-02-27_164756,5475.416135,358,479,target_end,1,,34,16,P1_TARGET,1,"{""outcome"": ""HIT""}"
2026-02-27_164756,5475.416301,358,479,up,1,left,34,16,P1_TARGET,1,"{""hold_ms"": 126.584}"
2026-02-27_164756,5475.417131,358,479,move,0,,34,,,,{}
2026-02-27_164756,5475.429413,358,479,move,0,,34,,,,{}
2026-02-27_164756,5475.439697,356,479,move,0,,34,,,,{}
2026-02-27_164756,5475.455693,354,479,move,0,,34,,,,{}
2026-02-27_164756,5475.471759,354,479,move,0,,34,,,,{}
2026-02-27_164756,5475.479819,352,479,move,0,,34,,,,{}
2026-02-27_164756,5475.487865,352,479,move,0,,34,,,,{}
2026-02-27_164756,5475.497546,352,479,move,0,,34,,,,{}
2026-02-27_164756,5475.512071,350,479,move,0,,34,,,,{}
2026-02-27_164756,5475.520828,349,479,move,0,,34,,,,{}
2026-02-27_164756,5475.528885,348,479,move,0,,34,,,,{}
2026-02-27_164756,5475.549396,348,479,move,0,,34,,,,{}
2026-02-27_164756,5475.565079,348,479,move,0,,34,,,,{}
2026-02-27_164756,5475.580545,348,479,move,0,,34,,,,{}
2026-02-27_164756,5475.595727,348,479,down,1,left,35,,,,{}
2026-02-27_164756,5475.595742,348,479,misclick,1,,35,,,,{}
2026-02-27_164756,5475.595769,348,479,move,1,,35,,,,{}
2026-02-27_164756,5475.612389,348,479,move,1,,35,,,,{}
2026-02-27_164756,5475.628119,348,479,move,1,,35,,,,{}
2026-02-27_164756,5475.644047,348,479,move,1,,35,,,,{}
2026-02-27_164756,5475.64803,348,479,up,1,left,35,,,,"{""hold_ms"": 52.302}"
2026-02-27_164756,5475.659222,348,479,move,0,,35,,,,{}
2026-02-27_164756,5475.674585,348,479,move,0,,35,,,,{}
2026-02-27_164756,5475.690586,348,479,move,0,,35,,,,{}
2026-02-27_164756,5475.706533,348,479,move,0,,35,,,,{}
2026-02-27_164756,5475.721826,348,479,move,0,,35,,,,{}
2026-02-27_164756,5475.737516,348,479,move,0,,35,,,,{}
2026-02-27_164756,5475.753376,348,479,move,0,,35,,,,{}
2026-02-27_164756,5475.769163,348,479,move,0,,35,,,,{}
2026-02-27_164756,5475.782737,348,479,move,0,,35,,,,{}
2026-02-27_164756,5475.796346,356,478,move,0,,35,,,,{}
2026-02-27_164756,5475.813258,363,478,move,0,,35,,,,{}
2026-02-27_164756,5475.829259,391,477,move,0,,35,,,,{}
2026-02-27_164756,5475.845177,416,477,move,0,,35,,,,{}
2026-02-27_164756,5475.862636,441,477,move,0,,35,,,,{}
2026-02-27_164756,5475.877933,473,477,move,0,,35,,,,{}
2026-02-27_164756,5475.893454,522,477,move,0,,35,,,,{}
2026-02-27_164756,5475.908836,538,477,move,0,,35,,,,{}
2026-02-27_164756,5475.924111,572,475,move,0,,35,,,,{}
2026-02-27_164756,5475.939542,598,473,move,0,,35,,,,{}
2026-02-27_164756,5475.947595,611,472,move,0,,35,,,,{}
2026-02-27_164756,5475.95565,611,472,move,0,,35,,,,{}
2026-02-27_164756,5475.96509,611,472,move,0,,35,,,,{}
2026-02-27_164756,5475.979674,634,469,move,0,,35,,,,{}
2026-02-27_164756,5475.997631,643,466,move,0,,35,,,,{}
2026-02-27_164756,5476.014038,647,465,move,0,,35,,,,{}
2026-02-27_164756,5476.029688,647,463,move,0,,35,,,,{}
2026-02-27_164756,5476.04691,650,462,move,0,,35,,,,{}
2026-02-27_164756,5476.062627,653,460,move,0,,35,,,,{}
2026-02-27_164756,5476.079069,654,458,move,0,,35,,,,{}
2026-02-27_164756,5476.095692,659,455,move,0,,35,,,,{}
2026-02-27_164756,5476.110952,664,451,move,0,,35,,,,{}
2026-02-27_164756,5476.126176,670,448,move,0,,35,,,,{}
2026-02-27_164756,5476.14195,678,443,move,0,,35,,,,{}
2026-02-27_164756,5476.157286,685,440,move,0,,35,,,,{}
2026-02-27_164756,5476.172382,690,439,move,0,,35,,,,{}
2026-02-27_164756,5476.187719,690,439,move,0,,35,,,,{}
2026-02-27_164756,5476.18985,691,439,target_spawn,1,,36,17,P1_TARGET,1,"{""label"": ""P1_TARGET"", ""size"": 46}"
2026-02-27_164756,5476.18987,691,439,down,1,left,36,0,BASE,0,{}
2026-02-27_164756,5476.203485,691,439,move,1,,36,17,P1_TARGET,1,{}
2026-02-27_164756,5476.218428,691,439,move,1,,36,17,P1_TARGET,1,{}
2026-02-27_164756,5476.233624,691,439,move,1,,36,17,P1_TARGET,1,{}
2026-02-27_164756,5476.249634,691,439,move,1,,36,17,P1_TARGET,1,{}
2026-02-27_164756,5476.264814,691,439,move,1,,36,17,P1_TARGET,1,{}
2026-02-27_164756,5476.280392,691,439,move,1,,36,17,P1_TARGET,1,{}
2026-02-27_164756,5476.295715,691,439,move,1,,36,17,P1_TARGET,1,{}
2026-02-27_164756,5476.311086,691,439,move,1,,36,17,P1_TARGET,1,{}
2026-02-27_164756,5476.327037,691,439,move,1,,36,17,P1_TARGET,1,{}
2026-02-27_164756,5476.33201,691,439,up,1,left,36,,,,"{""hold_ms"": 142.291}"
2026-02-27_164756,5476.336735,691,439,move,0,,36,17,P1_TARGET,1,{}
2026-02-27_164756,5476.357763,691,439,move,0,,36,17,P1_TARGET,1,{}
2026-02-27_164756,5476.37352,691,439,move,0,,36,17,P1_TARGET,1,{}
2026-02-27_164756,5476.389073,691,439,move,0,,36,17,P1_TARGET,1,{}
2026-02-27_164756,5476.40426,691,439,move,0,,36,17,P1_TARGET,1,{}
2026-02-27_164756,5476.41328,691,439,move,0,,36,17,P1_TARGET,1,{}
2026-02-27_164756,5476.428752,693,439,move,0,,36,17,P1_TARGET,1,{}
2026-02-27_164756,5476.445537,695,439,move,0,,36,17,P1_TARGET,1,{}
2026-02-27_164756,5476.462576,698,439,move,0,,36,17,P1_TARGET,1,{}
2026-02-27_164756,5476.479434,707,442,move,0,,36,17,P1_TARGET,1,{}
2026-02-27_164756,5476.496685,724,447,move,0,,36,17,P1_TARGET,1,{}
2026-02-27_164756,5476.512585,737,449,move,0,,36,17,P1_TARGET,1,{}
2026-02-27_164756,5476.528077,756,451,move,0,,36,17,P1_TARGET,1,{}
2026-02-27_164756,5476.544019,774,451,move,0,,36,17,P1_TARGET,1,{}
2026-02-27_164756,5476.559635,783,451,move,0,,36,17,P1_TARGET,1,{}
2026-02-27_164756,5476.575495,798,448,move,0,,36,17,P1_TARGET,1,{}
2026-02-27_164756,5476.591118,807,445,move,0,,36,17,P1_TARGET,1,{}
2026-02-27_164756,5476.606983,816,441,move,0,,36,17,P1_TARGET,1,{}
2026-02-27_164756,5476.622127,827,437,move,0,,36,17,P1_TARGET,1,{}
2026-02-27_164756,5476.630199,841,427,move,0,,36,17,P1_TARGET,1,{}
2026-02-27_164756,5476.639644,841,427,move,0,,36,17,P1_TARGET,1,{}
2026-02-27_164756,5476.647698,846,425,move,0,,36,17,P1_TARGET,1,{}
2026-02-27_164756,5476.663252,846,425,move,0,,36,17,P1_TARGET,1,{}
2026-02-27_164756,5476.679251,852,421,move,0,,36,17,P1_TARGET,1,{}
2026-02-27_164756,5476.696397,858,420,move,0,,36,17,P1_TARGET,1,{}
2026-02-27_164756,5476.713204,861,418,move,0,,36,17,P1_TARGET,1,{}
2026-02-27_164756,5476.729824,863,416,move,0,,36,17,P1_TARGET,1,{}
2026-02-27_164756,5476.74529,865,415,move,0,,36,17,P1_TARGET,1,{}
2026-02-27_164756,5476.761046,867,414,move,0,,36,17,P1_TARGET,1,{}
2026-02-27_164756,5476.776948,868,413,move,0,,36,17,P1_TARGET,1,{}
2026-02-27_164756,5476.792913,873,412,move,0,,36,17,P1_TARGET,1,{}
2026-02-27_164756,5476.80864,877,411,move,0,,36,17,P1_TARGET,1,{}
2026-02-27_164756,5476.82452,878,411,move,0,,36,17,P1_TARGET,1,{}
2026-02-27_164756,5476.833591,878,411,down,1,left,37,17,P1_TARGET,1,{}
2026-02-27_164756,5476.833636,878,411,move,1,,37,17,P1_TARGET,1,{}
2026-02-27_164756,5476.855398,878,411,move,1,,37,17,P1_TARGET,1,{}
2026-02-27_164756,5476.871112,878,411,move,1,,37,17,P1_TARGET,1,{}
2026-02-27_164756,5476.879167,879,411,move,1,,37,17,P1_TARGET,1,{}
2026-02-27_164756,5476.887744,879,411,move,1,,37,17,P1_TARGET,1,{}
2026-02-27_164756,5476.902294,879,411,move,1,,37,17,P1_TARGET,1,{}
2026-02-27_164756,5476.918342,879,411,move,1,,37,17,P1_TARGET,1,{}
2026-02-27_164756,5476.933826,879,411,move,1,,37,17,P1_TARGET,1,{}
2026-02-27_164756,5476.949232,879,411,move,1,,37,17,P1_TARGET,1,{}
2026-02-27_164756,5476.965004,879,411,move,1,,37,17,P1_TARGET,1,{}
2026-02-27_164756,5476.980899,879,411,move,1,,37,17,P1_TARGET,1,{}
2026-02-27_164756,5476.983904,879,411,target_end,1,,37,17,P1_TARGET,1,"{""outcome"": ""HIT""}"
2026-02-27_164756,5476.984068,879,411,up,1,left,37,17,P1_TARGET,1,"{""hold_ms"": 150.167}"
2026-02-27_164756,5476.989567,879,411,move,0,,37,,,,{}
2026-02-27_164756,5477.011298,879,411,move,0,,37,,,,{}
2026-02-27_164756,5477.027062,879,411,move,0,,37,,,,{}
2026-02-27_164756,5477.042727,879,411,move,0,,37,,,,{}
2026-02-27_164756,5477.058041,879,411,move,0,,37,,,,{}
2026-02-27_164756,5477.073268,879,411,move,0,,37,,,,{}
2026-02-27_164756,5477.088492,879,411,move,0,,37,,,,{}
2026-02-27_164756,5477.103986,879,411,move,0,,37,,,,{}
2026-02-27_164756,5477.119361,879,411,move,0,,37,,,,{}
2026-02-27_164756,5477.135433,879,411,move,0,,37,,,,{}
2026-02-27_164756,5477.150819,879,411,move,0,,37,,,,{}
2026-02-27_164756,5477.166687,879,411,move,0,,37,,,,{}
2026-02-27_164756,5477.178825,879,411,move,0,,37,,,,{}
2026-02-27_164756,5477.195245,880,413,move,0,,37,,,,{}
2026-02-27_164756,5477.212046,880,417,move,0,,37,,,,{}
2026-02-27_164756,5477.228342,867,426,move,0,,37,,,,{}
2026-02-27_164756,5477.243717,827,436,move,0,,37,,,,{}
2026-02-27_164756,5477.259244,805,439,move,0,,37,,,,{}
2026-02-27_164756,5477.275553,776,441,move,0,,37,,,,{}
2026-02-27_164756,5477.290899,742,443,move,0,,37,,,,{}
2026-02-27_164756,5477.306745,719,444,move,0,,37,,,,{}
2026-02-27_164756,5477.321978,715,445,move,0,,37,,,,{}
2026-02-27_164756,5477.330063,714,445,move,0,,37,,,,{}
2026-02-27_164756,5477.352298,714,445,move,0,,37,,,,{}
2026-02-27_164756,5477.368246,714,445,move,0,,37,,,,{}
2026-02-27_164756,5477.379787,714,445,move,0,,37,,,,{}
2026-02-27_164756,5477.395447,713,445,move,0,,37,,,,{}
2026-02-27_164756,5477.411698,710,445,move,0,,37,,,,{}
2026-02-27_164756,5477.428475,709,445,move,0,,37,,,,{}
2026-02-27_164756,5477.444962,706,443,move,0,,37,,,,{}
2026-02-27_164756,5477.462119,704,443,move,0,,37,,,,{}
2026-02-27_164756,5477.477484,702,442,move,0,,37,,,,{}
2026-02-27_164756,5477.493209,699,440,move,0,,37,,,,{}
2026-02-27_164756,5477.509966,696,440,move,0,,37,,,,{}
2026-02-27_164756,5477.510866,694,439,target_spawn,1,,38,18,P1_TARGET,1,"{""label"": ""P1_TARGET"", ""size"": 46}"
2026-02-27_164756,5477.510884,694,439,down,1,left,38,0,BASE,0,{}
2026-02-27_164756,5477.523847,694,439,move,1,,38,18,P1_TARGET,1,{}
2026-02-27_164756,5477.539312,693,439,move,1,,38,18,P1_TARGET,1,{}
2026-02-27_164756,5477.554616,693,439,move,1,,38,18,P1_TARGET,1,{}
2026-02-27_164756,5477.569726,693,439,move,1,,38,18,P1_TARGET,1,{}
2026-02-27_164756,5477.584706,693,439,move,1,,38,18,P1_TARGET,1,{}
2026-02-27_164756,5477.59962,693,439,move,1,,38,18,P1_TARGET,1,{}
2026-02-27_164756,5477.615297,693,439,move,1,,38,18,P1_TARGET,1,{}
2026-02-27_164756,5477.621671,693,439,up,1,left,38,,,,"{""hold_ms"": 110.864}"
2026-02-27_164756,5477.628437,693,439,move,0,,38,18,P1_TARGET,1,{}
2026-02-27_164756,5477.646301,693,439,move,0,,38,18,P1_TARGET,1,{}
2026-02-27_164756,5477.662215,693,439,move,0,,38,18,P1_TARGET,1,{}
2026-02-27_164756,5477.677698,693,439,move,0,,38,18,P1_TARGET,1,{}
2026-02-27_164756,5477.693413,693,439,move,0,,38,18,P1_TARGET,1,{}
2026-02-27_164756,5477.708988,693,439,move,0,,38,18,P1_TARGET,1,{}
2026-02-27_164756,5477.724426,693,439,move,0,,38,18,P1_TARGET,1,{}
2026-02-27_164756,5477.739273,694,438,move,0,,38,18,P1_TARGET,1,{}
2026-02-27_164756,5477.755062,691,438,move,0,,38,18,P1_TARGET,1,{}
2026-02-27_164756,5477.770413,679,436,move,0,,38,18,P1_TARGET,1,{}
2026-02-27_164756,5477.785967,679,436,move,0,,38,18,P1_TARGET,1,{}
2026-02-27_164756,5477.796618,642,435,move,0,,38,18,P1_TARGET,1,{}
2026-02-27_164756,5477.81295,619,433,move,0,,38,18,P1_TARGET,1,{}
2026-02-27_164756,5477.829379,567,431,move,0,,38,18,P1_TARGET,1,{}
2026-02-27_164756,5477.845927,490,434,move,0,,38,18,P1_TARGET,1,{}
2026-02-27_164756,5477.861515,450,438,move,0,,38,18,P1_TARGET,1,{}
2026-02-27_164756,5477.87891,389,447,move,0,,38,18,P1_TARGET,1,{}
2026-02-27_164756,5477.894012,341,461,move,0,,38,18,P1_TARGET,1,{}
2026-02-27_164756,5477.910071,319,471,move,0,,38,18,P1_TARGET,1,{}
2026-02-27_164756,5477.925469,294,487,move,0,,38,18,P1_TARGET,1,{}
2026-02-27_164756,5477.940718,276,502,move,0,,38,18,P1_TARGET,1,{}
2026-02-27_164756,5477.956556,272,510,move,0,,38,18,P1_TARGET,1,{}
2026-02-27_164756,5477.972423,271,514,move,0,,38,18,P1_TARGET,1,{}
2026-02-27_164756,5477.988391,270,520,move,0,,38,18,P1_TARGET,1,{}
2026-02-27_164756,5478.004133,266,531,move,0,,38,18,P1_TARGET,1,{}
2026-02-27_164756,5478.01222,263,536,move,0,,38,18,P1_TARGET,1,{}
2026-02-27_164756,5478.027912,263,536,move,0,,38,18,P1_TARGET,1,{}
2026-02-27_164756,5478.044785,256,545,move,0,,38,18,P1_TARGET,1,{}
2026-02-27_164756,5478.06166,251,551,move,0,,38,18,P1_TARGET,1,{}
2026-02-27_164756,5478.077815,246,556,move,0,,38,18,P1_TARGET,1,{}
2026-02-27_164756,5478.095011,235,566,move,0,,38,18,P1_TARGET,1,{}
2026-02-27_164756,5478.111354,227,570,move,0,,38,18,P1_TARGET,1,{}
2026-02-27_164756,5478.127768,221,572,move,0,,38,18,P1_TARGET,1,{}
2026-02-27_164756,5478.143007,211,575,move,0,,38,18,P1_TARGET,1,{}
2026-02-27_164756,5478.158388,198,578,move,0,,38,18,P1_TARGET,1,{}
2026-02-27_164756,5478.173808,195,578,move,0,,38,18,P1_TARGET,1,{}
2026-02-27_164756,5478.189597,193,578,move,0,,38,18,P1_TARGET,1,{}
2026-02-27_164756,5478.205069,192,578,move,0,,38,18,P1_TARGET,1,{}
2026-02-27_164756,5478.213135,191,578,move,0,,38,18,P1_TARGET,1,{}
2026-02-27_164756,5478.221188,191,578,move,0,,38,18,P1_TARGET,1,{}
2026-02-27_164756,5478.229772,191,578,move,0,,38,18,P1_TARGET,1,{}
2026-02-27_164756,5478.244751,190,578,move,0,,38,18,P1_TARGET,1,{}
2026-02-27_164756,5478.253414,188,578,move,0,,38,18,P1_TARGET,1,{}
2026-02-27_164756,5478.261624,188,578,move,0,,38,18,P1_TARGET,1,{}
2026-02-27_164756,5478.279378,187,578,move,0,,38,18,P1_TARGET,1,{}
2026-02-27_164756,5478.295174,186,578,move,0,,38,18,P1_TARGET,1,{}
2026-02-27_164756,5478.311432,184,578,move,0,,38,18,P1_TARGET,1,{}
2026-02-27_164756,5478.328202,183,578,move,0,,38,18,P1_TARGET,1,{}
2026-02-27_164756,5478.33284,182,578,down,1,left,39,18,P1_TARGET,1,{}
2026-02-27_164756,5478.344683,182,578,move,1,,39,18,P1_TARGET,1,{}
2026-02-27_164756,5478.360263,182,578,move,1,,39,18,P1_TARGET,1,{}
2026-02-27_164756,5478.376272,181,578,move,1,,39,18,P1_TARGET,1,{}
2026-02-27_164756,5478.392366,181,578,move,1,,39,18,P1_TARGET,1,{}
2026-02-27_164756,5478.40784,181,578,move,1,,39,18,P1_TARGET,1,{}
2026-02-27_164756,5478.424127,181,578,move,1,,39,18,P1_TARGET,1,{}
2026-02-27_164756,5478.439856,181,578,move,1,,39,18,P1_TARGET,1,{}
2026-02-27_164756,5478.455565,181,578,move,1,,39,18,P1_TARGET,1,{}
2026-02-27_164756,5478.470803,181,578,move,1,,39,18,P1_TARGET,1,{}
2026-02-27_164756,5478.476474,181,578,target_end,1,,39,18,P1_TARGET,1,"{""outcome"": ""HIT""}"
2026-02-27_164756,5478.476637,181,578,up,1,left,39,18,P1_TARGET,1,"{""hold_ms"": 143.469}"
2026-02-27_164756,5478.482585,181,578,move,0,,39,,,,{}
2026-02-27_164756,5478.502515,181,578,move,0,,39,,,,{}
2026-02-27_164756,5478.51851,181,578,move,0,,39,,,,{}
2026-02-27_164756,5478.529344,181,578,move,0,,39,,,,{}
2026-02-27_164756,5478.545111,192,577,move,0,,39,,,,{}
2026-02-27_164756,5478.562003,203,574,move,0,,39,,,,{}
2026-02-27_164756,5478.577691,231,569,move,0,,39,,,,{}
2026-02-27_164756,5478.594594,274,561,move,0,,39,,,,{}
2026-02-27_164756,5478.611438,318,553,move,0,,39,,,,{}
2026-02-27_164756,5478.627448,418,534,move,0,,39,,,,{}
2026-02-27_164756,5478.642421,499,519,move,0,,39,,,,{}
2026-02-27_164756,5478.657906,587,506,move,0,,39,,,,{}
2026-02-27_164756,5478.673366,664,495,move,0,,39,,,,{}
2026-02-27_164756,5478.688958,694,489,move,0,,39,,,,{}
2026-02-27_164756,5478.704595,722,486,move,0,,39,,,,{}
2026-02-27_164756,5478.720368,732,484,move,0,,39,,,,{}
2026-02-27_164756,5478.728423,738,481,move,0,,39,,,,{}
2026-02-27_164756,5478.73647,738,481,move,0,,39,,,,{}
2026-02-27_164756,5478.746256,738,481,move,0,,39,,,,{}
2026-02-27_164756,5478.754313,743,478,move,0,,39,,,,{}
2026-02-27_164756,5478.763488,743,478,move,0,,39,,,,{}
2026-02-27_164756,5478.778418,745,477,move,0,,39,,,,{}
2026-02-27_164756,5478.79537,746,475,move,0,,39,,,,{}
2026-02-27_164756,5478.81267,749,473,move,0,,39,,,,{}
2026-02-27_164756,5478.829387,756,466,move,0,,39,,,,{}
2026-02-27_164756,5478.846522,758,463,move,0,,39,,,,{}
2026-02-27_164756,5478.861381,759,461,move,0,,39,,,,{}
2026-02-27_164756,5478.877561,759,460,move,0,,39,,,,{}
2026-02-27_164756,5478.893373,759,458,move,0,,39,,,,{}
2026-02-27_164756,5478.908878,755,451,move,0,,39,,,,{}
2026-02-27_164756,5478.924301,751,446,move,0,,39,,,,{}
2026-02-27_164756,5478.940223,746,443,move,0,,39,,,,{}
2026-02-27_164756,5478.95563,738,438,move,0,,39,,,,{}
2026-02-27_164756,5478.971363,731,435,move,0,,39,,,,{}
2026-02-27_164756,5478.979423,728,435,move,0,,39,,,,{}
2026-02-27_164756,5478.987469,728,435,move,0,,39,,,,{}
2026-02-27_164756,5478.995513,725,434,move,0,,39,,,,{}
2026-02-27_164756,5479.004753,725,434,move,0,,39,,,,{}
2026-02-27_164756,5479.009374,723,434,target_spawn,1,,40,19,P1_TARGET,1,"{""label"": ""P1_TARGET"", ""size"": 46}"
2026-02-27_164756,5479.009392,723,434,down,1,left,40,0,BASE,0,{}
2026-02-27_164756,5479.017862,723,434,move,1,,40,19,P1_TARGET,1,{}
2026-02-27_164756,5479.028227,723,434,move,1,,40,19,P1_TARGET,1,{}
2026-02-27_164756,5479.049463,721,434,move,1,,40,19,P1_TARGET,1,{}
2026-02-27_164756,5479.064617,721,434,move,1,,40,19,P1_TARGET,1,{}
2026-02-27_164756,5479.078943,721,434,move,1,,40,19,P1_TARGET,1,{}
2026-02-27_164756,5479.095419,720,434,move,1,,40,19,P1_TARGET,1,{}
2026-02-27_164756,5479.111795,720,434,move,1,,40,19,P1_TARGET,1,{}
2026-02-27_164756,5479.120435,718,434,up,1,left,40,,,,"{""hold_ms"": 111.163}"
2026-02-27_164756,5479.120483,718,434,move,0,,40,19,P1_TARGET,1,{}
2026-02-27_164756,5479.130136,717,434,move,0,,40,19,P1_TARGET,1,{}
2026-02-27_164756,5479.143085,717,434,move,0,,40,19,P1_TARGET,1,{}
2026-02-27_164756,5479.159065,717,434,move,0,,40,19,P1_TARGET,1,{}
2026-02-27_164756,5479.175122,717,434,move,0,,40,19,P1_TARGET,1,{}
2026-02-27_164756,5479.191197,717,434,move,0,,40,19,P1_TARGET,1,{}
2026-02-27_164756,5479.2065,717,434,move,0,,40,19,P1_TARGET,1,{}
2026-02-27_164756,5479.222376,717,434,move,0,,40,19,P1_TARGET,1,{}
2026-02-27_164756,5479.238616,717,434,move,0,,40,19,P1_TARGET,1,{}
2026-02-27_164756,5479.253909,717,433,move,0,,40,19,P1_TARGET,1,{}
2026-02-27_164756,5479.262873,717,433,move,0,,40,19,P1_TARGET,1,{}
2026-02-27_164756,5479.279588,717,431,move,0,,40,19,P1_TARGET,1,{}
2026-02-27_164756,5479.294757,717,429,move,0,,40,19,P1_TARGET,1,{}
2026-02-27_164756,5479.311097,717,427,move,0,,40,19,P1_TARGET,1,{}
2026-02-27_164756,5479.328334,714,425,move,0,,40,19,P1_TARGET,1,{}
2026-02-27_164756,5479.344593,701,425,move,0,,40,19,P1_TARGET,1,{}
2026-02-27_164756,5479.361471,659,428,move,0,,40,19,P1_TARGET,1,{}
2026-02-27_164756,5479.377729,614,436,move,0,,40,19,P1_TARGET,1,{}
2026-02-27_164756,5479.394248,557,447,move,0,,40,19,P1_TARGET,1,{}
2026-02-27_164756,5479.409929,481,461,move,0,,40,19,P1_TARGET,1,{}
2026-02-27_164756,5479.42556,405,476,move,0,,40,19,P1_TARGET,1,{}
2026-02-27_164756,5479.441007,346,491,move,0,,40,19,P1_TARGET,1,{}
2026-02-27_164756,5479.456568,331,494,move,0,,40,19,P1_TARGET,1,{}
2026-02-27_164756,5479.472207,330,495,move,0,,40,19,P1_TARGET,1,{}
2026-02-27_164756,5479.487402,330,495,move,0,,40,19,P1_TARGET,1,{}
2026-02-27_164756,5479.495614,330,495,move,0,,40,19,P1_TARGET,1,{}
2026-02-27_164756,5479.505161,330,496,move,0,,40,19,P1_TARGET,1,{}
2026-02-27_164756,5479.518791,330,496,move,0,,40,19,P1_TARGET,1,{}
2026-02-27_164756,5479.534544,330,496,move,0,,40,19,P1_TARGET,1,{}
2026-02-27_164756,5479.550035,330,496,move,0,,40,19,P1_TARGET,1,{}
2026-02-27_164756,5479.565265,330,496,move,0,,40,19,P1_TARGET,1,{}
2026-02-27_164756,5479.580556,330,496,move,0,,40,19,P1_TARGET,1,{}
2026-02-27_164756,5479.595701,330,496,move,0,,40,19,P1_TARGET,1,{}
2026-02-27_164756,5479.611359,330,496,move,0,,40,19,P1_TARGET,1,{}
2026-02-27_164756,5479.626692,330,496,move,0,,40,19,P1_TARGET,1,{}
2026-02-27_164756,5479.642202,330,496,move,0,,40,19,P1_TARGET,1,{}
2026-02-27_164756,5479.657958,330,496,move,0,,40,19,P1_TARGET,1,{}
2026-02-27_164756,5479.673045,330,496,move,0,,40,19,P1_TARGET,1,{}
2026-02-27_164756,5479.68861,330,496,move,0,,40,19,P1_TARGET,1,{}
2026-02-27_164756,5479.703819,332,496,move,0,,40,19,P1_TARGET,1,{}
2026-02-27_164756,5479.711923,340,496,move,0,,40,19,P1_TARGET,1,{}
2026-02-27_164756,5479.719978,340,496,move,0,,40,19,P1_TARGET,1,{}
2026-02-27_164756,5479.728025,349,494,move,0,,40,19,P1_TARGET,1,{}
2026-02-27_164756,5479.744371,349,494,move,0,,40,19,P1_TARGET,1,{}
2026-02-27_164756,5479.752742,359,493,move,0,,40,19,P1_TARGET,1,{}
2026-02-27_164756,5479.761042,359,493,move,0,,40,19,P1_TARGET,1,{}
2026-02-27_164756,5479.779094,368,492,move,0,,40,19,P1_TARGET,1,{}
2026-02-27_164756,5479.797721,378,491,move,0,,40,19,P1_TARGET,1,{}
2026-02-27_164756,5479.811648,387,489,move,0,,40,19,P1_TARGET,1,{}
2026-02-27_164756,5479.828566,388,488,move,0,,40,19,P1_TARGET,1,{}
2026-02-27_164756,5479.844589,388,488,move,0,,40,19,P1_TARGET,1,{}
2026-02-27_164756,5479.847725,388,488,down,1,left,41,19,P1_TARGET,1,{}
2026-02-27_164756,5479.860415,388,488,move,1,,41,19,P1_TARGET,1,{}
2026-02-27_164756,5479.876326,389,488,move,1,,41,19,P1_TARGET,1,{}
2026-02-27_164756,5479.892424,389,488,move,1,,41,19,P1_TARGET,1,{}
2026-02-27_164756,5479.908104,389,488,move,1,,41,19,P1_TARGET,1,{}
2026-02-27_164756,5479.923862,389,488,move,1,,41,19,P1_TARGET,1,{}
2026-02-27_164756,5479.939057,389,488,move,1,,41,19,P1_TARGET,1,{}
2026-02-27_164756,5479.954483,389,488,move,1,,41,19,P1_TARGET,1,{}
2026-02-27_164756,5479.96979,389,488,move,1,,41,19,P1_TARGET,1,{}
2026-02-27_164756,5479.985606,389,488,move,1,,41,19,P1_TARGET,1,{}
2026-02-27_164756,5479.991612,389,488,target_end,1,,41,19,P1_TARGET,1,"{""outcome"": ""HIT""}"
2026-02-27_164756,5479.991781,389,488,up,1,left,41,19,P1_TARGET,1,"{""hold_ms"": 143.704}"
2026-02-27_164756,5479.996596,389,488,move,0,,41,,,,{}
2026-02-27_164756,5480.016832,389,488,move,0,,41,,,,{}
2026-02-27_164756,5480.032978,389,488,move,0,,41,,,,{}
2026-02-27_164756,5480.048908,389,488,move,0,,41,,,,{}
2026-02-27_164756,5480.065023,389,488,move,0,,41,,,,{}
2026-02-27_164756,5480.080644,389,488,move,0,,41,,,,{}
2026-02-27_164756,5480.096077,389,488,move,0,,41,,,,{}
2026-02-27_164756,5480.112116,390,488,move,0,,41,,,,{}
2026-02-27_164756,5480.128161,393,488,move,0,,41,,,,{}
2026-02-27_164756,5480.142617,400,488,move,0,,41,,,,{}
2026-02-27_164756,5480.157878,417,487,move,0,,41,,,,{}
2026-02-27_164756,5480.173027,453,485,move,0,,41,,,,{}
2026-02-27_164756,5480.188652,471,483,move,0,,41,,,,{}
2026-02-27_164756,5480.204041,505,480,move,0,,41,,,,{}
2026-02-27_164756,5480.219381,540,476,move,0,,41,,,,{}
2026-02-27_164756,5480.227442,563,474,move,0,,41,,,,{}
2026-02-27_164756,5480.235546,563,474,move,0,,41,,,,{}
2026-02-27_164756,5480.244986,563,474,move,0,,41,,,,{}
2026-02-27_164756,5480.253837,604,469,move,0,,41,,,,{}
2026-02-27_164756,5480.262772,604,469,move,0,,41,,,,{}
2026-02-27_164756,5480.277399,622,465,move,0,,41,,,,{}
2026-02-27_164756,5480.294593,634,460,move,0,,41,,,,{}
2026-02-27_164756,5480.311655,640,459,move,0,,41,,,,{}
2026-02-27_164756,5480.327381,646,457,move,0,,41,,,,{}
2026-02-27_164756,5480.344298,652,455,move,0,,41,,,,{}
2026-02-27_164756,5480.361576,654,454,move,0,,41,,,,{}
2026-02-27_164756,5480.376753,654,453,move,0,,41,,,,{}
2026-02-27_164756,5480.392588,656,452,move,0,,41,,,,{}
2026-02-27_164756,5480.407911,662,449,move,0,,41,,,,{}
2026-02-27_164756,5480.423085,668,447,move,0,,41,,,,{}
2026-02-27_164756,5480.438359,675,445,move,0,,41,,,,{}
2026-02-27_164756,5480.453395,680,443,move,0,,41,,,,{}
2026-02-27_164756,5480.46145,683,441,move,0,,41,,,,{}
2026-02-27_164756,5480.477092,683,441,move,0,,41,,,,{}
2026-02-27_164756,5480.485149,688,439,move,0,,41,,,,{}
2026-02-27_164756,5480.493988,688,439,move,0,,41,,,,{}
2026-02-27_164756,5480.502045,692,438,move,0,,41,,,,{}
2026-02-27_164756,5480.510553,692,438,move,0,,41,,,,{}
2026-02-27_164756,5480.526959,693,437,move,0,,41,,,,{}
2026-02-27_164756,5480.537912,694,436,target_spawn,1,,42,20,P1_TARGET,1,"{""label"": ""P1_TARGET"", ""size"": 46}"
2026-02-27_164756,5480.537933,694,436,down,1,left,42,0,BASE,0,{}
2026-02-27_164756,5480.537969,694,436,move,1,,42,20,P1_TARGET,1,{}
2026-02-27_164756,5480.546059,694,436,move,1,,42,20,P1_TARGET,1,{}
2026-02-27_164756,5480.56071,694,436,move,1,,42,20,P1_TARGET,1,{}
2026-02-27_164756,5480.576567,695,436,move,1,,42,20,P1_TARGET,1,{}
2026-02-27_164756,5480.591628,696,436,move,1,,42,20,P1_TARGET,1,{}
2026-02-27_164756,5480.607848,696,436,move,1,,42,20,P1_TARGET,1,{}
2026-02-27_164756,5480.623145,696,436,move,1,,42,20,P1_TARGET,1,{}
2026-02-27_164756,5480.639229,696,436,move,1,,42,20,P1_TARGET,1,{}
2026-02-27_164756,5480.655386,696,436,move,1,,42,20,P1_TARGET,1,{}
2026-02-27_164756,5480.670888,696,436,move,1,,42,20,P1_TARGET,1,{}
2026-02-27_164756,5480.673305,696,436,up,1,left,42,,,,"{""hold_ms"": 135.53}"
2026-02-27_164756,5480.685983,696,436,move,0,,42,20,P1_TARGET,1,{}
2026-02-27_164756,5480.702377,696,436,move,0,,42,20,P1_TARGET,1,{}
2026-02-27_164756,5480.717553,696,436,move,0,,42,20,P1_TARGET,1,{}
2026-02-27_164756,5480.733343,696,436,move,0,,42,20,P1_TARGET,1,{}
2026-02-27_164756,5480.749183,696,436,move,0,,42,20,P1_TARGET,1,{}
2026-02-27_164756,5480.764537,696,436,move,0,,42,20,P1_TARGET,1,{}
2026-02-27_164756,5480.780666,696,436,move,0,,42,20,P1_TARGET,1,{}
2026-02-27_164756,5480.796688,696,436,move,0,,42,20,P1_TARGET,1,{}
2026-02-27_164756,5480.811921,696,436,move,0,,42,20,P1_TARGET,1,{}
2026-02-27_164756,5480.828046,696,436,move,0,,42,20,P1_TARGET,1,{}
2026-02-27_164756,5480.844197,696,435,move,0,,42,20,P1_TARGET,1,{}
2026-02-27_164756,5480.859313,696,434,move,0,,42,20,P1_TARGET,1,{}
2026-02-27_164756,5480.875138,695,432,move,0,,42,20,P1_TARGET,1,{}
2026-02-27_164756,5480.890186,692,425,move,0,,42,20,P1_TARGET,1,{}
2026-02-27_164756,5480.905019,685,414,move,0,,42,20,P1_TARGET,1,{}
2026-02-27_164756,5480.920844,675,400,move,0,,42,20,P1_TARGET,1,{}
2026-02-27_164756,5480.92892,658,377,move,0,,42,20,P1_TARGET,1,{}
2026-02-27_164756,5480.936979,658,377,move,0,,42,20,P1_TARGET,1,{}
2026-02-27_164756,5480.945031,648,357,move,0,,42,20,P1_TARGET,1,{}
2026-02-27_164756,5480.953084,648,357,move,0,,42,20,P1_TARGET,1,{}
2026-02-27_164756,5480.961923,648,357,move,0,,42,20,P1_TARGET,1,{}
2026-02-27_164756,5480.978877,641,341,move,0,,42,20,P1_TARGET,1,{}
2026-02-27_164756,5480.994674,638,324,move,0,,42,20,P1_TARGET,1,{}
2026-02-27_164756,5481.012754,637,315,move,0,,42,20,P1_TARGET,1,{}
2026-02-27_164756,5481.027344,636,298,move,0,,42,20,P1_TARGET,1,{}
2026-02-27_164756,5481.044362,635,289,move,0,,42,20,P1_TARGET,1,{}
2026-02-27_164756,5481.060709,635,284,move,0,,42,20,P1_TARGET,1,{}
2026-02-27_164756,5481.07575,635,279,move,0,,42,20,P1_TARGET,1,{}
2026-02-27_164756,5481.091411,634,275,move,0,,42,20,P1_TARGET,1,{}
2026-02-27_164756,5481.10664,634,272,move,0,,42,20,P1_TARGET,1,{}
2026-02-27_164756,5481.121741,634,270,move,0,,42,20,P1_TARGET,1,{}
2026-02-27_164756,5481.137064,634,268,move,0,,42,20,P1_TARGET,1,{}
2026-02-27_164756,5481.153193,634,268,move,0,,42,20,P1_TARGET,1,{}
2026-02-27_164756,5481.168843,634,268,move,0,,42,20,P1_TARGET,1,{}
2026-02-27_164756,5481.176177,634,268,down,1,left,43,20,P1_TARGET,1,{}
2026-02-27_164756,5481.176928,634,268,move,1,,43,20,P1_TARGET,1,{}
2026-02-27_164756,5481.184976,634,268,move,1,,43,20,P1_TARGET,1,{}
2026-02-27_164756,5481.199842,634,268,move,1,,43,20,P1_TARGET,1,{}
2026-02-27_164756,5481.215755,634,268,move,1,,43,20,P1_TARGET,1,{}
2026-02-27_164756,5481.227413,634,268,move,1,,43,20,P1_TARGET,1,{}
2026-02-27_164756,5481.246307,634,267,move,1,,43,20,P1_TARGET,1,{}
2026-02-27_164756,5481.26207,634,267,move,1,,43,20,P1_TARGET,1,{}
2026-02-27_164756,5481.27817,634,267,move,1,,43,20,P1_TARGET,1,{}
2026-02-27_164756,5481.288254,634,267,target_end,1,,43,20,P1_TARGET,1,"{""outcome"": ""HIT""}"
2026-02-27_164756,5481.288475,634,267,up,1,left,43,20,P1_TARGET,1,"{""hold_ms"": 111.919}"
2026-02-27_164756,5481.288518,634,267,move,0,,43,,,,{}
2026-02-27_164756,5481.310392,634,267,move,0,,43,,,,{}
2026-02-27_164756,5481.326492,634,267,move,0,,43,,,,{}
2026-02-27_164756,5481.342,634,267,move,0,,43,,,,{}
2026-02-27_164756,5481.357342,634,269,move,0,,43,,,,{}
2026-02-27_164756,5481.369328,634,269,move,0,,43,,,,{}
2026-02-27_164756,5481.388427,646,290,move,0,,43,,,,{}
2026-02-27_164756,5481.404176,659,320,move,0,,43,,,,{}
2026-02-27_164756,5481.419597,670,346,move,0,,43,,,,{}
2026-02-27_164756,5481.427693,676,360,move,0,,43,,,,{}
2026-02-27_164756,5481.435745,676,360,move,0,,43,,,,{}
2026-02-27_164756,5481.443886,676,360,move,0,,43,,,,{}
2026-02-27_164756,5481.451941,686,381,move,0,,43,,,,{}
2026-02-27_164756,5481.460031,686,381,move,0,,43,,,,{}
2026-02-27_164756,5481.46808,695,406,move,0,,43,,,,{}
2026-02-27_164756,5481.476687,695,406,move,0,,43,,,,{}
2026-02-27_164756,5481.493949,701,418,move,0,,43,,,,{}
2026-02-27_164756,5481.510458,704,426,move,0,,43,,,,{}
2026-02-27_164756,5481.526854,708,433,move,0,,43,,,,{}
2026-02-27_164756,5481.543171,709,436,move,0,,43,,,,{}
2026-02-27_164756,5481.560039,710,437,move,0,,43,,,,{}
2026-02-27_164756,5481.575553,710,438,move,0,,43,,,,{}
2026-02-27_164756,5481.590947,710,439,move,0,,43,,,,{}
2026-02-27_164756,5481.606323,710,439,move,0,,43,,,,{}
2026-02-27_164756,5481.611923,710,439,target_spawn,1,,44,21,P1_TARGET,1,"{""label"": ""P1_TARGET"", ""size"": 46}"
2026-02-27_164756,5481.61195,710,439,down,1,left,44,0,BASE,0,{}
2026-02-27_164756,5481.622248,710,439,move,1,,44,21,P1_TARGET,1,{}
2026-02-27_164756,5481.638205,710,439,move,1,,44,21,P1_TARGET,1,{}
2026-02-27_164756,5481.653418,710,439,move,1,,44,21,P1_TARGET,1,{}
2026-02-27_164756,5481.668626,710,439,move,1,,44,21,P1_TARGET,1,{}
2026-02-27_164756,5481.684683,710,439,move,1,,44,21,P1_TARGET,1,{}
2026-02-27_164756,5481.700667,710,439,move,1,,44,21,P1_TARGET,1,{}
2026-02-27_164756,5481.715777,710,439,move,1,,44,21,P1_TARGET,1,{}
2026-02-27_164756,5481.731623,710,439,move,1,,44,21,P1_TARGET,1,{}
2026-02-27_164756,5481.738084,710,439,up,1,left,44,,,,"{""hold_ms"": 126.296}"
2026-02-27_164756,5481.73968,710,439,move,0,,44,21,P1_TARGET,1,{}
2026-02-27_164756,5481.749235,710,439,move,0,,44,21,P1_TARGET,1,{}
2026-02-27_164756,5481.76205,710,439,move,0,,44,21,P1_TARGET,1,{}
2026-02-27_164756,5481.778116,710,439,move,0,,44,21,P1_TARGET,1,{}
2026-02-27_164756,5481.793502,710,439,move,0,,44,21,P1_TARGET,1,{}
2026-02-27_164756,5481.808415,710,439,move,0,,44,21,P1_TARGET,1,{}
2026-02-27_164756,5481.823894,710,439,move,0,,44,21,P1_TARGET,1,{}
2026-02-27_164756,5481.839452,710,439,move,0,,44,21,P1_TARGET,1,{}
2026-02-27_164756,5481.855392,710,439,move,0,,44,21,P1_TARGET,1,{}
2026-02-27_164756,5481.871381,710,439,move,0,,44,21,P1_TARGET,1,{}
2026-02-27_164756,5481.886618,710,437,move,0,,44,21,P1_TARGET,1,{}
2026-02-27_164756,5481.894699,710,434,move,0,,44,21,P1_TARGET,1,{}
2026-02-27_164756,5481.902771,710,434,move,0,,44,21,P1_TARGET,1,{}
2026-02-27_164756,5481.912162,710,434,move,0,,44,21,P1_TARGET,1,{}
2026-02-27_164756,5481.928289,709,432,move,0,,44,21,P1_TARGET,1,{}
2026-02-27_164756,5481.943122,708,429,move,0,,44,21,P1_TARGET,1,{}
2026-02-27_164756,5481.960138,706,426,move,0,,44,21,P1_TARGET,1,{}
2026-02-27_164756,5481.97681,704,425,move,0,,44,21,P1_TARGET,1,{}
2026-02-27_164756,5481.993752,702,422,move,0,,44,21,P1_TARGET,1,{}
2026-02-27_164756,5482.01116,701,421,move,0,,44,21,P1_TARGET,1,{}
2026-02-27_164756,5482.026433,701,421,move,0,,44,21,P1_TARGET,1,{}
2026-02-27_164756,5482.041852,700,420,move,0,,44,21,P1_TARGET,1,{}
2026-02-27_164756,5482.056976,699,419,move,0,,44,21,P1_TARGET,1,{}
2026-02-27_164756,5482.07271,698,417,move,0,,44,21,P1_TARGET,1,{}
2026-02-27_164756,5482.087846,698,415,move,0,,44,21,P1_TARGET,1,{}
2026-02-27_164756,5482.103336,697,414,move,0,,44,21,P1_TARGET,1,{}
2026-02-27_164756,5482.111398,697,411,move,0,,44,21,P1_TARGET,1,{}
2026-02-27_164756,5482.12036,697,411,move,0,,44,21,P1_TARGET,1,{}
2026-02-27_164756,5482.135064,696,407,move,0,,44,21,P1_TARGET,1,{}
2026-02-27_164756,5482.143432,696,407,move,0,,44,21,P1_TARGET,1,{}
2026-02-27_164756,5482.160865,694,402,move,0,,44,21,P1_TARGET,1,{}
2026-02-27_164756,5482.178766,690,393,move,0,,44,21,P1_TARGET,1,{}
2026-02-27_164756,5482.1952,687,388,move,0,,44,21,P1_TARGET,1,{}
2026-02-27_164756,5482.21255,682,378,move,0,,44,21,P1_TARGET,1,{}
2026-02-27_164756,5482.226981,680,372,move,0,,44,21,P1_TARGET,1,{}
2026-02-27_164756,5482.243017,678,366,move,0,,44,21,P1_TARGET,1,{}
2026-02-27_164756,5482.259116,676,361,move,0,,44,21,P1_TARGET,1,{}
2026-02-27_164756,5482.274264,673,353,move,0,,44,21,P1_TARGET,1,{}
2026-02-27_164756,5482.28982,669,348,move,0,,44,21,P1_TARGET,1,{}
2026-02-27_164756,5482.305291,667,345,move,0,,44,21,P1_TARGET,1,{}
2026-02-27_164756,5482.32081,664,341,move,0,,44,21,P1_TARGET,1,{}
2026-02-27_164756,5482.335988,660,339,move,0,,44,21,P1_TARGET,1,{}
2026-02-27_164756,5482.344065,660,338,move,0,,44,21,P1_TARGET,1,{}
2026-02-27_164756,5482.352121,660,338,move,0,,44,21,P1_TARGET,1,{}
2026-02-27_164756,5482.366666,660,338,move,0,,44,21,P1_TARGET,1,{}
2026-02-27_164756,5482.382349,660,338,move,0,,44,21,P1_TARGET,1,{}
2026-02-27_164756,5482.397716,660,338,move,0,,44,21,P1_TARGET,1,{}
2026-02-27_164756,5482.412818,660,338,move,0,,44,21,P1_TARGET,1,{}
2026-02-27_164756,5482.427953,660,338,move,0,,44,21,P1_TARGET,1,{}
2026-02-27_164756,5482.443113,660,338,move,0,,44,21,P1_TARGET,1,{}
2026-02-27_164756,5482.459263,660,338,move,0,,44,21,P1_TARGET,1,{}
2026-02-27_164756,5482.474725,660,338,move,0,,44,21,P1_TARGET,1,{}
2026-02-27_164756,5482.490204,660,338,move,0,,44,21,P1_TARGET,1,{}
2026-02-27_164756,5482.506642,660,338,move,0,,44,21,P1_TARGET,1,{}
2026-02-27_164756,5482.52116,660,342,move,0,,44,21,P1_TARGET,1,{}
2026-02-27_164756,5482.536391,657,349,move,0,,44,21,P1_TARGET,1,{}
2026-02-27_164756,5482.54446,652,353,move,0,,44,21,P1_TARGET,1,{}
2026-02-27_164756,5482.552553,652,353,move,0,,44,21,P1_TARGET,1,{}
2026-02-27_164756,5482.5606,649,355,move,0,,44,21,P1_TARGET,1,{}
2026-02-27_164756,5482.576825,649,355,move,0,,44,21,P1_TARGET,1,{}
2026-02-27_164756,5482.593439,637,360,move,0,,44,21,P1_TARGET,1,{}
2026-02-27_164756,5482.610438,629,361,move,0,,44,21,P1_TARGET,1,{}
2026-02-27_164756,5482.629851,626,361,move,0,,44,21,P1_TARGET,1,{}
2026-02-27_164756,5482.64585,626,361,move,0,,44,21,P1_TARGET,1,{}
2026-02-27_164756,5482.654081,626,361,move,0,,44,21,P1_TARGET,1,{}
2026-02-27_164756,5482.657013,626,362,down,1,left,45,21,P1_TARGET,1,{}
2026-02-27_164756,5482.676543,626,362,move,1,,45,21,P1_TARGET,1,{}
2026-02-27_164756,5482.692113,626,362,move,1,,45,21,P1_TARGET,1,{}
2026-02-27_164756,5482.70749,626,362,move,1,,45,21,P1_TARGET,1,{}
2026-02-27_164756,5482.72337,626,362,move,1,,45,21,P1_TARGET,1,{}
2026-02-27_164756,5482.738709,626,362,move,1,,45,21,P1_TARGET,1,{}
2026-02-27_164756,5482.754418,626,362,target_end,1,,45,21,P1_TARGET,1,"{""outcome"": ""HIT""}"
2026-02-27_164756,5482.754602,626,362,up,1,left,45,21,P1_TARGET,1,"{""hold_ms"": 97.111}"
2026-02-27_164756,5482.754644,626,362,move,0,,45,,,,{}
2026-02-27_164756,5482.769542,626,362,move,0,,45,,,,{}
2026-02-27_164756,5482.785132,626,362,move,0,,45,,,,{}
2026-02-27_164756,5482.800546,626,362,move,0,,45,,,,{}
2026-02-27_164756,5482.811086,626,362,move,0,,45,,,,{}
2026-02-27_164756,5482.827094,629,362,move,0,,45,,,,{}
2026-02-27_164756,5482.843577,633,362,move,0,,45,,,,{}
2026-02-27_164756,5482.861152,646,368,move,0,,45,,,,{}
2026-02-27_164756,5482.877127,657,372,move,0,,45,,,,{}
2026-02-27_164756,5482.893039,677,380,move,0,,45,,,,{}
2026-02-27_164756,5482.909676,697,389,move,0,,45,,,,{}
2026-02-27_164756,5482.924838,706,393,move,0,,45,,,,{}
2026-02-27_164756,5482.940128,712,398,move,0,,45,,,,{}
2026-02-27_164756,5482.955541,716,403,move,0,,45,,,,{}
2026-02-27_164756,5482.97139,720,408,move,0,,45,,,,{}
2026-02-27_164756,5482.986974,724,413,move,0,,45,,,,{}
2026-02-27_164756,5483.002333,725,416,move,0,,45,,,,{}
2026-02-27_164756,5483.011374,725,416,move,0,,45,,,,{}
2026-02-27_164756,5483.026072,726,418,move,0,,45,,,,{}
2026-02-27_164756,5483.034143,727,419,move,0,,45,,,,{}
2026-02-27_164756,5483.042706,727,419,move,0,,45,,,,{}
2026-02-27_164756,5483.064186,727,420,move,0,,45,,,,{}
2026-02-27_164756,5483.065773,727,420,target_spawn,1,,46,22,P1_TARGET,1,"{""label"": ""P1_TARGET"", ""size"": 46}"
2026-02-27_164756,5483.065798,727,420,down,1,left,46,0,BASE,0,{}
2026-02-27_164756,5483.080212,727,420,move,1,,46,22,P1_TARGET,1,{}
2026-02-27_164756,5483.095976,727,420,move,1,,46,22,P1_TARGET,1,{}
2026-02-27_164756,5483.111415,727,420,move,1,,46,22,P1_TARGET,1,{}
2026-02-27_164756,5483.126863,727,420,move,1,,46,22,P1_TARGET,1,{}
2026-02-27_164756,5483.143005,727,420,move,1,,46,22,P1_TARGET,1,{}
2026-02-27_164756,5483.158153,727,420,move,1,,46,22,P1_TARGET,1,{}
2026-02-27_164756,5483.173934,727,420,move,1,,46,22,P1_TARGET,1,{}
2026-02-27_164756,5483.179157,727,420,up,1,left,46,,,,"{""hold_ms"": 113.527}"
2026-02-27_164756,5483.18403,727,420,move,0,,46,22,P1_TARGET,1,{}
2026-02-27_164756,5483.205949,727,420,move,0,,46,22,P1_TARGET,1,{}
2026-02-27_164756,5483.221454,727,420,move,0,,46,22,P1_TARGET,1,{}
2026-02-27_164756,5483.237595,727,420,move,0,,46,22,P1_TARGET,1,{}
2026-02-27_164756,5483.252741,723,420,move,0,,46,22,P1_TARGET,1,{}
2026-02-27_164756,5483.261788,723,420,move,0,,46,22,P1_TARGET,1,{}
2026-02-27_164756,5483.277365,708,414,move,0,,46,22,P1_TARGET,1,{}
2026-02-27_164756,5483.295009,687,406,move,0,,46,22,P1_TARGET,1,{}
2026-02-27_164756,5483.313545,663,399,move,0,,46,22,P1_TARGET,1,{}
2026-02-27_164756,5483.328584,647,393,move,0,,46,22,P1_TARGET,1,{}
2026-02-27_164756,5483.343792,647,393,move,0,,46,22,P1_TARGET,1,{}
2026-02-27_164756,5483.359263,648,392,move,0,,46,22,P1_TARGET,1,{}
2026-02-27_164756,5483.375171,655,392,move,0,,46,22,P1_TARGET,1,{}
2026-02-27_164756,5483.39131,673,393,move,0,,46,22,P1_TARGET,1,{}
2026-02-27_164756,5483.406023,725,405,move,0,,46,22,P1_TARGET,1,{}
2026-02-27_164756,5483.42187,844,436,move,0,,46,22,P1_TARGET,1,{}
2026-02-27_164756,5483.437383,918,452,move,0,,46,22,P1_TARGET,1,{}
2026-02-27_164756,5483.453298,1000,472,move,0,,46,22,P1_TARGET,1,{}
2026-02-27_164756,5483.461465,1000,472,move,0,,46,22,P1_TARGET,1,{}
2026-02-27_164756,5483.469538,1053,483,move,0,,46,22,P1_TARGET,1,{}
2026-02-27_164756,5483.485281,1104,495,move,0,,46,22,P1_TARGET,1,{}
2026-02-27_164756,5483.493355,1148,502,move,0,,46,22,P1_TARGET,1,{}
2026-02-27_164756,5483.501452,1148,502,move,0,,46,22,P1_TARGET,1,{}
2026-02-27_164756,5483.510002,1148,502,move,0,,46,22,P1_TARGET,1,{}
2026-02-27_164756,5483.526177,1168,505,move,0,,46,22,P1_TARGET,1,{}
2026-02-27_164756,5483.544036,1179,506,move,0,,46,22,P1_TARGET,1,{}
2026-02-27_164756,5483.56172,1181,506,move,0,,46,22,P1_TARGET,1,{}
2026-02-27_164756,5483.577735,1181,506,move,0,,46,22,P1_TARGET,1,{}
2026-02-27_164756,5483.59372,1181,506,move,0,,46,22,P1_TARGET,1,{}
2026-02-27_164756,5483.609374,1181,506,move,0,,46,22,P1_TARGET,1,{}
2026-02-27_164756,5483.625197,1181,506,move,0,,46,22,P1_TARGET,1,{}
2026-02-27_164756,5483.640421,1181,506,move,0,,46,22,P1_TARGET,1,{}
2026-02-27_164756,5483.655949,1181,506,move,0,,46,22,P1_TARGET,1,{}
2026-02-27_164756,5483.671769,1181,506,move,0,,46,22,P1_TARGET,1,{}
2026-02-27_164756,5483.687077,1181,506,move,0,,46,22,P1_TARGET,1,{}
2026-02-27_164756,5483.702479,1181,506,move,0,,46,22,P1_TARGET,1,{}
2026-02-27_164756,5483.710825,1181,506,move,0,,46,22,P1_TARGET,1,{}
2026-02-27_164756,5483.72659,1181,507,move,0,,46,22,P1_TARGET,1,{}
2026-02-27_164756,5483.735666,1186,507,move,0,,46,22,P1_TARGET,1,{}
2026-02-27_164756,5483.743787,1186,507,move,0,,46,22,P1_TARGET,1,{}
2026-02-27_164756,5483.76253,1190,508,move,0,,46,22,P1_TARGET,1,{}
2026-02-27_164756,5483.77752,1193,508,move,0,,46,22,P1_TARGET,1,{}
2026-02-27_164756,5483.795854,1195,508,move,0,,46,22,P1_TARGET,1,{}
2026-02-27_164756,5483.811691,1195,508,move,0,,46,22,P1_TARGET,1,{}
2026-02-27_164756,5483.823513,1195,508,down,1,left,47,22,P1_TARGET,1,{}
2026-02-27_164756,5483.823536,1195,508,misclick,1,,47,22,P1_TARGET,1,{}
2026-02-27_164756,5483.823572,1195,508,move,1,,47,22,P1_TARGET,1,{}
2026-02-27_164756,5483.842924,1195,508,move,1,,47,22,P1_TARGET,1,{}
2026-02-27_164756,5483.858345,1195,508,move,1,,47,22,P1_TARGET,1,{}
2026-02-27_164756,5483.874105,1195,508,move,1,,47,22,P1_TARGET,1,{}
2026-02-27_164756,5483.889377,1195,508,move,1,,47,22,P1_TARGET,1,{}
2026-02-27_164756,5483.905231,1195,508,move,1,,47,22,P1_TARGET,1,{}
2026-02-27_164756,5483.906819,1196,508,up,1,left,47,,,,"{""hold_ms"": 83.46}"
2026-02-27_164756,5483.913299,1196,508,move,0,,47,22,P1_TARGET,1,{}
2026-02-27_164756,5483.921351,1196,508,move,0,,47,22,P1_TARGET,1,{}
2026-02-27_164756,5483.936776,1197,508,move,0,,47,22,P1_TARGET,1,{}
2026-02-27_164756,5483.944863,1203,508,move,0,,47,22,P1_TARGET,1,{}
2026-02-27_164756,5483.962258,1203,508,move,0,,47,22,P1_TARGET,1,{}
2026-02-27_164756,5483.975978,1207,508,move,0,,47,22,P1_TARGET,1,{}
2026-02-27_164756,5483.985454,1211,508,move,0,,47,22,P1_TARGET,1,{}
2026-02-27_164756,5483.99415,1211,508,move,0,,47,22,P1_TARGET,1,{}
2026-02-27_164756,5484.009848,1218,508,move,0,,47,22,P1_TARGET,1,{}
2026-02-27_164756,5484.026705,1227,510,move,0,,47,22,P1_TARGET,1,{}
2026-02-27_164756,5484.042817,1229,510,move,0,,47,22,P1_TARGET,1,{}
2026-02-27_164756,5484.059742,1230,510,move,0,,47,22,P1_TARGET,1,{}
2026-02-27_164756,5484.06254,1231,510,down,1,left,48,22,P1_TARGET,1,{}
2026-02-27_164756,5484.076624,1231,510,move,1,,48,22,P1_TARGET,1,{}
2026-02-27_164756,5484.092425,1231,510,move,1,,48,22,P1_TARGET,1,{}
2026-02-27_164756,5484.108313,1231,510,move,1,,48,22,P1_TARGET,1,{}
2026-02-27_164756,5484.123449,1231,510,move,1,,48,22,P1_TARGET,1,{}
2026-02-27_164756,5484.138691,1231,510,move,1,,48,22,P1_TARGET,1,{}
2026-02-27_164756,5484.15374,1231,510,target_end,1,,48,22,P1_TARGET,1,"{""outcome"": ""HIT""}"
2026-02-27_164756,5484.153929,1231,510,up,1,left,48,22,P1_TARGET,1,"{""hold_ms"": 91.005}"
2026-02-27_164756,5484.153969,1231,510,move,0,,48,,,,{}
2026-02-27_164756,5484.169302,1231,510,move,0,,48,,,,{}
2026-02-27_164756,5484.184556,1231,510,move,0,,48,,,,{}
2026-02-27_164756,5484.199729,1231,510,move,0,,48,,,,{}
2026-02-27_164756,5484.215449,1231,510,move,0,,48,,,,{}
2026-02-27_164756,5484.231365,1231,510,move,0,,48,,,,{}
2026-02-27_164756,5484.245671,1231,510,move,0,,48,,,,{}
2026-02-27_164756,5484.259841,1231,509,move,0,,48,,,,{}
2026-02-27_164756,5484.278012,1231,508,move,0,,48,,,,{}
2026-02-27_164756,5484.29334,1231,508,move,0,,48,,,,{}
2026-02-27_164756,5484.308758,1231,506,move,0,,48,,,,{}
2026-02-27_164756,5484.324594,1229,505,move,0,,48,,,,{}
2026-02-27_164756,5484.33994,1225,503,move,0,,48,,,,{}
2026-02-27_164756,5484.355914,1216,500,move,0,,48,,,,{}
2026-02-27_164756,5484.371192,1208,498,move,0,,48,,,,{}
2026-02-27_164756,5484.387081,1168,491,move,0,,48,,,,{}
2026-02-27_164756,5484.402252,1108,480,move,0,,48,,,,{}
2026-02-27_164756,5484.410329,1071,475,move,0,,48,,,,{}
2026-02-27_164756,5484.418384,1071,475,move,0,,48,,,,{}
2026-02-27_164756,5484.426426,1010,468,move,0,,48,,,,{}
2026-02-27_164756,5484.44474,1010,468,move,0,,48,,,,{}
2026-02-27_164756,5484.459581,962,464,move,0,,48,,,,{}
2026-02-27_164756,5484.476304,910,455,move,0,,48,,,,{}
2026-02-27_164756,5484.493493,882,450,move,0,,48,,,,{}
2026-02-27_164756,5484.509504,865,447,move,0,,48,,,,{}
2026-02-27_164756,5484.526427,859,447,move,0,,48,,,,{}
2026-02-27_164756,5484.541841,854,447,move,0,,48,,,,{}
2026-02-27_164756,5484.557241,849,447,move,0,,48,,,,{}
2026-02-27_164756,5484.572416,843,447,move,0,,48,,,,{}
2026-02-27_164756,5484.588028,838,447,move,0,,48,,,,{}
2026-02-27_164756,5484.603362,828,449,move,0,,48,,,,{}
2026-02-27_164756,5484.618756,811,450,move,0,,48,,,,{}
2026-02-27_164756,5484.626821,793,453,move,0,,48,,,,{}
2026-02-27_164756,5484.634881,793,453,move,0,,48,,,,{}
2026-02-27_164756,5484.643021,780,456,move,0,,48,,,,{}
2026-02-27_164756,5484.659297,780,456,move,0,,48,,,,{}
2026-02-27_164756,5484.676673,774,457,move,0,,48,,,,{}
2026-02-27_164756,5484.692927,771,458,move,0,,48,,,,{}
2026-02-27_164756,5484.709666,762,459,move,0,,48,,,,{}
2026-02-27_164756,5484.725396,760,459,move,0,,48,,,,{}
2026-02-27_164756,5484.741388,760,459,move,0,,48,,,,{}
2026-02-27_164756,5484.757147,760,459,move,0,,48,,,,{}
2026-02-27_164756,5484.772534,760,459,move,0,,48,,,,{}
2026-02-27_164756,5484.787797,760,459,move,0,,48,,,,{}
2026-02-27_164756,5484.803202,760,459,move,0,,48,,,,{}
2026-02-27_164756,5484.818691,760,459,move,0,,48,,,,{}
2026-02-27_164756,5484.826744,760,460,move,0,,48,,,,{}
2026-02-27_164756,5484.834787,760,460,move,0,,48,,,,{}
2026-02-27_164756,5484.849583,760,460,move,0,,48,,,,{}
2026-02-27_164756,5484.864669,760,460,move,0,,48,,,,{}
2026-02-27_164756,5484.88013,760,460,move,0,,48,,,,{}
2026-02-27_164756,5484.896022,760,460,move,0,,48,,,,{}
2026-02-27_164756,5484.910633,758,460,move,0,,48,,,,{}
2026-02-27_164756,5484.927036,744,455,move,0,,48,,,,{}
2026-02-27_164756,5484.943221,736,448,move,0,,48,,,,{}
2026-02-27_164756,5484.958505,731,445,move,0,,48,,,,{}
2026-02-27_164756,5484.974429,727,440,move,0,,48,,,,{}
2026-02-27_164756,5484.989599,724,435,move,0,,48,,,,{}
2026-02-27_164756,5485.00518,723,431,move,0,,48,,,,{}
2026-02-27_164756,5485.00875,722,430,target_spawn,1,,49,23,P1_TARGET,1,"{""label"": ""P1_TARGET"", ""size"": 46}"
2026-02-27_164756,5485.00877,722,430,down,1,left,49,0,BASE,0,{}
2026-02-27_164756,5485.02113,722,430,move,1,,49,23,P1_TARGET,1,{}
2026-02-27_164756,5485.036247,722,430,move,1,,49,23,P1_TARGET,1,{}
2026-02-27_164756,5485.052401,722,430,move,1,,49,23,P1_TARGET,1,{}
2026-02-27_164756,5485.067696,722,430,move,1,,49,23,P1_TARGET,1,{}
2026-02-27_164756,5485.083258,722,430,move,1,,49,23,P1_TARGET,1,{}
2026-02-27_164756,5485.099231,722,430,move,1,,49,23,P1_TARGET,1,{}
2026-02-27_164756,5485.114206,722,430,move,1,,49,23,P1_TARGET,1,{}
2026-02-27_164756,5485.130133,722,430,move,1,,49,23,P1_TARGET,1,{}
2026-02-27_164756,5485.135634,722,430,up,1,left,49,,,,"{""hold_ms"": 127.013}"
2026-02-27_164756,5485.142317,722,430,move,0,,49,23,P1_TARGET,1,{}
2026-02-27_164756,5485.160996,722,430,move,0,,49,23,P1_TARGET,1,{}
2026-02-27_164756,5485.177027,722,430,move,0,,49,23,P1_TARGET,1,{}
2026-02-27_164756,5485.193099,722,430,move,0,,49,23,P1_TARGET,1,{}
2026-02-27_164756,5485.208714,722,430,move,0,,49,23,P1_TARGET,1,{}
2026-02-27_164756,5485.224086,722,430,move,0,,49,23,P1_TARGET,1,{}
2026-02-27_164756,5485.238819,722,430,move,0,,49,23,P1_TARGET,1,{}
2026-02-27_164756,5485.254149,722,430,move,0,,49,23,P1_TARGET,1,{}
2026-02-27_164756,5485.269855,722,430,move,0,,49,23,P1_TARGET,1,{}
2026-02-27_164756,5485.277921,726,430,move,0,,49,23,P1_TARGET,1,{}
2026-02-27_164756,5485.285975,726,430,move,0,,49,23,P1_TARGET,1,{}
2026-02-27_164756,5485.295982,726,430,move,0,,49,23,P1_TARGET,1,{}
2026-02-27_164756,5485.310164,729,430,move,0,,49,23,P1_TARGET,1,{}
2026-02-27_164756,5485.327727,734,430,move,0,,49,23,P1_TARGET,1,{}
2026-02-27_164756,5485.344233,738,430,move,0,,49,23,P1_TARGET,1,{}
2026-02-27_164756,5485.360215,744,433,move,0,,49,23,P1_TARGET,1,{}
2026-02-27_164756,5485.37791,760,449,move,0,,49,23,P1_TARGET,1,{}
2026-02-27_164756,5485.392588,766,459,move,0,,49,23,P1_TARGET,1,{}
2026-02-27_164756,5485.40968,775,475,move,0,,49,23,P1_TARGET,1,{}
2026-02-27_164756,5485.424989,779,491,move,0,,49,23,P1_TARGET,1,{}
2026-02-27_164756,5485.441045,788,512,move,0,,49,23,P1_TARGET,1,{}
2026-02-27_164756,5485.456487,800,537,move,0,,49,23,P1_TARGET,1,{}
2026-02-27_164756,5485.472089,814,558,move,0,,49,23,P1_TARGET,1,{}
2026-02-27_164756,5485.488019,824,570,move,0,,49,23,P1_TARGET,1,{}
2026-02-27_164756,5485.504206,833,578,move,0,,49,23,P1_TARGET,1,{}
2026-02-27_164756,5485.519475,841,585,move,0,,49,23,P1_TARGET,1,{}
2026-02-27_164756,5485.527635,845,588,move,0,,49,23,P1_TARGET,1,{}
2026-02-27_164756,5485.535707,845,588,move,0,,49,23,P1_TARGET,1,{}
2026-02-27_164756,5485.551491,846,588,move,0,,49,23,P1_TARGET,1,{}
2026-02-27_164756,5485.567108,846,588,move,0,,49,23,P1_TARGET,1,{}
2026-02-27_164756,5485.582573,846,588,move,0,,49,23,P1_TARGET,1,{}
2026-02-27_164756,5485.598392,846,588,move,0,,49,23,P1_TARGET,1,{}
2026-02-27_164756,5485.614317,846,588,move,0,,49,23,P1_TARGET,1,{}
2026-02-27_164756,5485.630181,846,588,move,0,,49,23,P1_TARGET,1,{}
2026-02-27_164756,5485.645627,846,588,move,0,,49,23,P1_TARGET,1,{}
2026-02-27_164756,5485.661884,846,588,down,1,left,50,23,P1_TARGET,1,{}
2026-02-27_164756,5485.661905,846,588,misclick,1,,50,23,P1_TARGET,1,{}
2026-02-27_164756,5485.661941,846,588,move,1,,50,23,P1_TARGET,1,{}
2026-02-27_164756,5485.677324,846,588,move,1,,50,23,P1_TARGET,1,{}
2026-02-27_164756,5485.69305,846,588,move,1,,50,23,P1_TARGET,1,{}
2026-02-27_164756,5485.708312,846,588,move,1,,50,23,P1_TARGET,1,{}
2026-02-27_164756,5485.724057,846,588,move,1,,50,23,P1_TARGET,1,{}
2026-02-27_164756,5485.739251,846,588,move,1,,50,23,P1_TARGET,1,{}
2026-02-27_164756,5485.754625,846,588,move,1,,50,23,P1_TARGET,1,{}
2026-02-27_164756,5485.764865,846,588,move,1,,50,23,P1_TARGET,1,{}
2026-02-27_164756,5485.766251,846,591,up,1,left,50,,,,"{""hold_ms"": 104.521}"
2026-02-27_164756,5485.776108,846,591,move,0,,50,23,P1_TARGET,1,{}
2026-02-27_164756,5485.785722,846,592,move,0,,50,23,P1_TARGET,1,{}
2026-02-27_164756,5485.800788,847,598,move,0,,50,23,P1_TARGET,1,{}
2026-02-27_164756,5485.809507,847,598,move,0,,50,23,P1_TARGET,1,{}
2026-02-27_164756,5485.817603,847,602,move,0,,50,23,P1_TARGET,1,{}
2026-02-27_164756,5485.825891,847,602,move,0,,50,23,P1_TARGET,1,{}
2026-02-27_164756,5485.842061,848,607,move,0,,50,23,P1_TARGET,1,{}
2026-02-27_164756,5485.850801,848,613,move,0,,50,23,P1_TARGET,1,{}
2026-02-27_164756,5485.859788,848,613,move,0,,50,23,P1_TARGET,1,{}
2026-02-27_164756,5485.87687,848,616,move,0,,50,23,P1_TARGET,1,{}
2026-02-27_164756,5485.895034,848,618,move,0,,50,23,P1_TARGET,1,{}
2026-02-27_164756,5485.908051,848,618,down,1,left,51,23,P1_TARGET,1,{}
2026-02-27_164756,5485.908099,848,618,move,1,,51,23,P1_TARGET,1,{}
2026-02-27_164756,5485.925992,848,618,move,1,,51,23,P1_TARGET,1,{}
2026-02-27_164756,5485.941938,848,618,move,1,,51,23,P1_TARGET,1,{}
2026-02-27_164756,5485.957953,848,618,move,1,,51,23,P1_TARGET,1,{}
2026-02-27_164756,5485.969229,848,618,target_end,1,,51,23,P1_TARGET,1,"{""outcome"": ""HIT""}"
2026-02-27_164756,5485.969396,848,618,up,1,left,51,23,P1_TARGET,1,"{""hold_ms"": 60.997}"
2026-02-27_164756,5485.969433,848,618,move,0,,51,,,,{}
2026-02-27_164756,5485.989984,848,618,move,0,,51,,,,{}
2026-02-27_164756,5486.005981,848,618,move,0,,51,,,,{}
2026-02-27_164756,5486.021856,847,617,move,0,,51,,,,{}
2026-02-27_164756,5486.037841,845,614,move,0,,51,,,,{}
2026-02-27_164756,5486.045917,843,608,move,0,,51,,,,{}
2026-02-27_164756,5486.053974,843,608,move,0,,51,,,,{}
2026-02-27_164756,5486.068642,837,597,move,0,,51,,,,{}
2026-02-27_164756,5486.076707,832,588,move,0,,51,,,,{}
2026-02-27_164756,5486.084763,832,588,move,0,,51,,,,{}
2026-02-27_164756,5486.093988,824,572,move,0,,51,,,,{}
2026-02-27_164756,5486.108597,824,572,move,0,,51,,,,{}
2026-02-27_164756,5486.125581,814,556,move,0,,51,,,,{}
2026-02-27_164756,5486.14258,790,514,move,0,,51,,,,{}
2026-02-27_164756,5486.159743,785,506,move,0,,51,,,,{}
2026-02-27_164756,5486.175265,781,495,move,0,,51,,,,{}
2026-02-27_164756,5486.191982,778,489,move,0,,51,,,,{}
2026-02-27_164756,5486.208474,776,483,move,0,,51,,,,{}
2026-02-27_164756,5486.224123,775,482,move,0,,51,,,,{}
2026-02-27_164756,5486.239092,775,481,move,0,,51,,,,{}
2026-02-27_164756,5486.255202,773,480,move,0,,51,,,,{}
2026-02-27_164756,5486.270357,771,478,move,0,,51,,,,{}
2026-02-27_164756,5486.285664,765,474,move,0,,51,,,,{}
2026-02-27_164756,5486.301413,757,462,move,0,,51,,,,{}
2026-02-27_164756,5486.309473,752,458,move,0,,51,,,,{}
2026-02-27_164756,5486.31752,752,458,move,0,,51,,,,{}
2026-02-27_164756,5486.32659,752,458,move,0,,51,,,,{}
2026-02-27_164756,5486.342522,747,453,move,0,,51,,,,{}
2026-02-27_164756,5486.350628,743,449,move,0,,51,,,,{}
2026-02-27_164756,5486.358708,738,446,move,0,,51,,,,{}
2026-02-27_164756,5486.375337,738,446,move,0,,51,,,,{}
2026-02-27_164756,5486.391727,736,445,move,0,,51,,,,{}
2026-02-27_164756,5486.408922,732,443,move,0,,51,,,,{}
2026-02-27_164756,5486.425265,726,439,move,0,,51,,,,{}
2026-02-27_164756,5486.440712,718,436,move,0,,51,,,,{}
2026-02-27_164756,5486.455986,710,434,move,0,,51,,,,{}
2026-02-27_164756,5486.47209,706,432,move,0,,51,,,,{}
2026-02-27_164756,5486.4787,706,432,target_spawn,1,,52,24,P1_TARGET,1,"{""label"": ""P1_TARGET"", ""size"": 46}"
2026-02-27_164756,5486.478731,706,432,down,1,left,52,0,BASE,0,{}
2026-02-27_164756,5486.487244,706,432,move,1,,52,24,P1_TARGET,1,{}
2026-02-27_164756,5486.502993,706,432,move,1,,52,24,P1_TARGET,1,{}
2026-02-27_164756,5486.518555,706,432,move,1,,52,24,P1_TARGET,1,{}
2026-02-27_164756,5486.533972,706,431,move,1,,52,24,P1_TARGET,1,{}
2026-02-27_164756,5486.549521,706,431,move,1,,52,24,P1_TARGET,1,{}
2026-02-27_164756,5486.564696,706,431,move,1,,52,24,P1_TARGET,1,{}
2026-02-27_164756,5486.580617,706,431,move,1,,52,24,P1_TARGET,1,{}
2026-02-27_164756,5486.582825,706,431,up,1,left,52,,,,"{""hold_ms"": 104.268}"
2026-02-27_164756,5486.596414,706,431,move,0,,52,24,P1_TARGET,1,{}
2026-02-27_164756,5486.608717,706,431,move,0,,52,24,P1_TARGET,1,{}
2026-02-27_164756,5486.626345,713,435,move,0,,52,24,P1_TARGET,1,{}
2026-02-27_164756,5486.641658,720,440,move,0,,52,24,P1_TARGET,1,{}
2026-02-27_164756,5486.658625,735,452,move,0,,52,24,P1_TARGET,1,{}
2026-02-27_164756,5486.673861,762,473,move,0,,52,24,P1_TARGET,1,{}
2026-02-27_164756,5486.689466,787,493,move,0,,52,24,P1_TARGET,1,{}
2026-02-27_164756,5486.704597,796,499,move,0,,52,24,P1_TARGET,1,{}
2026-02-27_164756,5486.720659,815,508,move,0,,52,24,P1_TARGET,1,{}
2026-02-27_164756,5486.736232,832,518,move,0,,52,24,P1_TARGET,1,{}
2026-02-27_164756,5486.751609,833,520,move,0,,52,24,P1_TARGET,1,{}
2026-02-27_164756,5486.767655,833,522,move,0,,52,24,P1_TARGET,1,{}
2026-02-27_164756,5486.775728,831,522,move,0,,52,24,P1_TARGET,1,{}
2026-02-27_164756,5486.783804,831,522,move,0,,52,24,P1_TARGET,1,{}
2026-02-27_164756,5486.792515,831,522,move,0,,52,24,P1_TARGET,1,{}
2026-02-27_164756,5486.808508,807,522,move,0,,52,24,P1_TARGET,1,{}
2026-02-27_164756,5486.825358,755,516,move,0,,52,24,P1_TARGET,1,{}
2026-02-27_164756,5486.842154,687,499,move,0,,52,24,P1_TARGET,1,{}
2026-02-27_164756,5486.860126,608,485,move,0,,52,24,P1_TARGET,1,{}
2026-02-27_164756,5486.876181,411,457,move,0,,52,24,P1_TARGET,1,{}
2026-02-27_164756,5486.891824,332,447,move,0,,52,24,P1_TARGET,1,{}
2026-02-27_164756,5486.909396,228,439,move,0,,52,24,P1_TARGET,1,{}
2026-02-27_164756,5486.925567,193,437,move,0,,52,24,P1_TARGET,1,{}
2026-02-27_164756,5486.940427,164,435,move,0,,52,24,P1_TARGET,1,{}
2026-02-27_164756,5486.956008,150,435,move,0,,52,24,P1_TARGET,1,{}
2026-02-27_164756,5486.972269,150,435,move,0,,52,24,P1_TARGET,1,{}
2026-02-27_164756,5486.987379,150,435,move,0,,52,24,P1_TARGET,1,{}
2026-02-27_164756,5487.002762,148,435,move,0,,52,24,P1_TARGET,1,{}
2026-02-27_164756,5487.010847,145,435,move,0,,52,24,P1_TARGET,1,{}
2026-02-27_164756,5487.018909,145,435,move,0,,52,24,P1_TARGET,1,{}
2026-02-27_164756,5487.026961,143,434,move,0,,52,24,P1_TARGET,1,{}
2026-02-27_164756,5487.041443,143,434,move,0,,52,24,P1_TARGET,1,{}
2026-02-27_164756,5487.049508,143,433,move,0,,52,24,P1_TARGET,1,{}
2026-02-27_164756,5487.065539,143,433,move,0,,52,24,P1_TARGET,1,{}
2026-02-27_164756,5487.081062,143,433,move,0,,52,24,P1_TARGET,1,{}
2026-02-27_164756,5487.094231,143,433,move,0,,52,24,P1_TARGET,1,{}
2026-02-27_164756,5487.111951,142,433,move,0,,52,24,P1_TARGET,1,{}
2026-02-27_164756,5487.12598,140,433,move,0,,52,24,P1_TARGET,1,{}
2026-02-27_164756,5487.14321,138,433,move,0,,52,24,P1_TARGET,1,{}
2026-02-27_164756,5487.160273,135,433,move,0,,52,24,P1_TARGET,1,{}
2026-02-27_164756,5487.175615,135,433,move,0,,52,24,P1_TARGET,1,{}
2026-02-27_164756,5487.190895,135,433,move,0,,52,24,P1_TARGET,1,{}
2026-02-27_164756,5487.206544,135,433,move,0,,52,24,P1_TARGET,1,{}
2026-02-27_164756,5487.222083,135,435,move,0,,52,24,P1_TARGET,1,{}
2026-02-27_164756,5487.237592,135,438,move,0,,52,24,P1_TARGET,1,{}
2026-02-27_164756,5487.253198,135,441,move,0,,52,24,P1_TARGET,1,{}
2026-02-27_164756,5487.259385,135,442,down,1,left,53,24,P1_TARGET,1,{}
2026-02-27_164756,5487.269002,135,442,move,1,,53,24,P1_TARGET,1,{}
2026-02-27_164756,5487.284876,135,444,move,1,,53,24,P1_TARGET,1,{}
2026-02-27_164756,5487.300758,135,444,move,1,,53,24,P1_TARGET,1,{}
2026-02-27_164756,5487.316684,135,444,move,1,,53,24,P1_TARGET,1,{}
2026-02-27_164756,5487.325955,135,444,move,1,,53,24,P1_TARGET,1,{}
2026-02-27_164756,5487.347496,135,445,move,1,,53,24,P1_TARGET,1,{}
2026-02-27_164756,5487.364166,135,445,target_end,1,,53,24,P1_TARGET,1,"{""outcome"": ""HIT""}"
2026-02-27_164756,5487.364338,135,445,up,1,left,53,24,P1_TARGET,1,"{""hold_ms"": 104.604}"
2026-02-27_164756,5487.364381,135,445,move,0,,53,,,,{}
2026-02-27_164756,5487.379246,135,445,move,0,,53,,,,{}
2026-02-27_164756,5487.394265,135,445,move,0,,53,,,,{}
2026-02-27_164756,5487.409946,135,445,move,0,,53,,,,{}
2026-02-27_164756,5487.42497,135,445,move,0,,53,,,,{}
2026-02-27_164756,5487.440038,135,445,move,0,,53,,,,{}
2026-02-27_164756,5487.45616,135,445,move,0,,53,,,,{}
2026-02-27_164756,5487.471428,135,445,move,0,,53,,,,{}
2026-02-27_164756,5487.48214,135,445,move,0,,53,,,,{}
2026-02-27_164756,5487.497844,144,445,move,0,,53,,,,{}
2026-02-27_164756,5487.511211,174,447,move,0,,53,,,,{}
2026-02-27_164756,5487.519302,192,447,move,0,,53,,,,{}
2026-02-27_164756,5487.527367,240,447,move,0,,53,,,,{}
2026-02-27_164756,5487.542414,240,447,move,0,,53,,,,{}
2026-02-27_164756,5487.550479,305,447,move,0,,53,,,,{}
2026-02-27_164756,5487.558524,406,447,move,0,,53,,,,{}
2026-02-27_164756,5487.574708,406,447,move,0,,53,,,,{}
2026-02-27_164756,5487.591522,499,447,move,0,,53,,,,{}
2026-02-27_164756,5487.608965,579,449,move,0,,53,,,,{}
2026-02-27_164756,5487.624949,612,450,move,0,,53,,,,{}
2026-02-27_164756,5487.644004,637,450,move,0,,53,,,,{}
2026-02-27_164756,5487.65894,639,450,move,0,,53,,,,{}
2026-02-27_164756,5487.674235,639,450,move,0,,53,,,,{}
2026-02-27_164756,5487.689468,639,450,move,0,,53,,,,{}
2026-02-27_164756,5487.705576,639,450,move,0,,53,,,,{}
2026-02-27_164756,5487.722144,639,450,move,0,,53,,,,{}
2026-02-27_164756,5487.73752,639,450,move,0,,53,,,,{}
2026-02-27_164756,5487.752717,639,450,move,0,,53,,,,{}
2026-02-27_164756,5487.768075,639,450,move,0,,53,,,,{}
2026-02-27_164756,5487.784059,639,450,move,0,,53,,,,{}
2026-02-27_164756,5487.799944,639,450,move,0,,53,,,,{}
2026-02-27_164756,5487.80803,639,449,move,0,,53,,,,{}
2026-02-27_164756,5487.81608,639,449,move,0,,53,,,,{}
2026-02-27_164756,5487.825202,639,449,move,0,,53,,,,{}
2026-02-27_164756,5487.842033,641,448,move,0,,53,,,,{}
2026-02-27_164756,5487.859503,648,444,move,0,,53,,,,{}
2026-02-27_164756,5487.875327,676,438,move,0,,53,,,,{}
2026-02-27_164756,5487.891126,691,437,move,0,,53,,,,{}
2026-02-27_164756,5487.908533,708,434,move,0,,53,,,,{}
2026-02-27_164756,5487.9245,714,433,move,0,,53,,,,{}
2026-02-27_164756,5487.94,715,432,move,0,,53,,,,{}
2026-02-27_164756,5487.94887,715,432,target_spawn,1,,54,25,P1_TARGET,1,"{""label"": ""P1_TARGET"", ""size"": 46}"
2026-02-27_164756,5487.948892,715,432,down,1,left,54,0,BASE,0,{}
2026-02-27_164756,5487.948925,715,432,move,1,,54,25,P1_TARGET,1,{}
2026-02-27_164756,5487.971504,715,432,move,1,,54,25,P1_TARGET,1,{}
2026-02-27_164756,5487.986635,715,432,move,1,,54,25,P1_TARGET,1,{}
2026-02-27_164756,5488.002702,715,432,move,1,,54,25,P1_TARGET,1,{}
2026-02-27_164756,5488.018061,715,432,move,1,,54,25,P1_TARGET,1,{}
2026-02-27_164756,5488.032893,715,432,move,1,,54,25,P1_TARGET,1,{}
2026-02-27_164756,5488.048718,715,432,move,1,,54,25,P1_TARGET,1,{}
2026-02-27_164756,5488.064016,715,432,move,1,,54,25,P1_TARGET,1,{}
2026-02-27_164756,5488.076188,715,432,up,1,left,54,,,,"{""hold_ms"": 127.452}"
2026-02-27_164756,5488.076228,715,432,move,0,,54,25,P1_TARGET,1,{}
2026-02-27_164756,5488.09496,715,432,move,0,,54,25,P1_TARGET,1,{}
2026-02-27_164756,5488.110652,715,432,move,0,,54,25,P1_TARGET,1,{}
2026-02-27_164756,5488.126714,715,432,move,0,,54,25,P1_TARGET,1,{}
2026-02-27_164756,5488.142517,715,432,move,0,,54,25,P1_TARGET,1,{}
2026-02-27_164756,5488.158124,715,432,move,0,,54,25,P1_TARGET,1,{}
2026-02-27_164756,5488.173457,715,431,move,0,,54,25,P1_TARGET,1,{}
2026-02-27_164756,5488.188803,712,431,move,0,,54,25,P1_TARGET,1,{}
2026-02-27_164756,5488.204903,707,431,move,0,,54,25,P1_TARGET,1,{}
2026-02-27_164756,5488.2201,704,431,move,0,,54,25,P1_TARGET,1,{}
2026-02-27_164756,5488.236,696,431,move,0,,54,25,P1_TARGET,1,{}
2026-02-27_164756,5488.25186,691,429,move,0,,54,25,P1_TARGET,1,{}
2026-02-27_164756,5488.267547,686,426,move,0,,54,25,P1_TARGET,1,{}
2026-02-27_164756,5488.275605,682,415,move,0,,54,25,P1_TARGET,1,{}
2026-02-27_164756,5488.283663,682,415,move,0,,54,25,P1_TARGET,1,{}
2026-02-27_164756,5488.293785,682,415,move,0,,54,25,P1_TARGET,1,{}
2026-02-27_164756,5488.309229,681,398,move,0,,54,25,P1_TARGET,1,{}
2026-02-27_164756,5488.324678,682,385,move,0,,54,25,P1_TARGET,1,{}
2026-02-27_164756,5488.343954,690,368,move,0,,54,25,P1_TARGET,1,{}
2026-02-27_164756,5488.360091,699,352,move,0,,54,25,P1_TARGET,1,{}
2026-02-27_164756,5488.375182,706,342,move,0,,54,25,P1_TARGET,1,{}
2026-02-27_164756,5488.391877,713,335,move,0,,54,25,P1_TARGET,1,{}
2026-02-27_164756,5488.408612,717,331,move,0,,54,25,P1_TARGET,1,{}
2026-02-27_164756,5488.424912,719,330,move,0,,54,25,P1_TARGET,1,{}
2026-02-27_164756,5488.440654,719,330,move,0,,54,25,P1_TARGET,1,{}
2026-02-27_164756,5488.456623,719,330,move,0,,54,25,P1_TARGET,1,{}
2026-02-27_164756,5488.472609,719,330,move,0,,54,25,P1_TARGET,1,{}
2026-02-27_164756,5488.487961,719,330,move,0,,54,25,P1_TARGET,1,{}
2026-02-27_164756,5488.503761,720,330,move,0,,54,25,P1_TARGET,1,{}
2026-02-27_164756,5488.510485,720,330,down,1,left,55,25,P1_TARGET,1,{}
2026-02-27_164756,5488.518825,720,330,move,1,,55,25,P1_TARGET,1,{}
2026-02-27_164756,5488.534901,720,330,move,1,,55,25,P1_TARGET,1,{}
2026-02-27_164756,5488.550637,720,330,move,1,,55,25,P1_TARGET,1,{}
2026-02-27_164756,5488.566628,720,330,move,1,,55,25,P1_TARGET,1,{}
2026-02-27_164756,5488.582201,720,330,move,1,,55,25,P1_TARGET,1,{}
2026-02-27_164756,5488.591661,720,330,move,1,,55,25,P1_TARGET,1,{}
2026-02-27_164756,5488.600782,720,329,target_end,1,,55,25,P1_TARGET,1,"{""outcome"": ""HIT""}"
2026-02-27_164756,5488.600955,720,329,up,1,left,55,25,P1_TARGET,1,"{""hold_ms"": 90.156}"
2026-02-27_164756,5488.600996,720,329,move,0,,55,,,,{}
2026-02-27_164756,5488.613317,720,329,move,0,,55,,,,{}
2026-02-27_164756,5488.625162,720,329,move,0,,55,,,,{}
2026-02-27_164756,5488.641406,721,329,move,0,,55,,,,{}
2026-02-27_164756,5488.659609,722,329,move,0,,55,,,,{}
2026-02-27_164756,5488.675568,722,329,move,0,,55,,,,{}
2026-02-27_164756,5488.690517,723,329,move,0,,55,,,,{}
2026-02-27_164756,5488.705516,723,329,move,0,,55,,,,{}
2026-02-27_164756,5488.721728,723,329,move,0,,55,,,,{}
2026-02-27_164756,5488.736462,723,329,move,0,,55,,,,{}
2026-02-27_164756,5488.752576,725,331,move,0,,55,,,,{}
2026-02-27_164756,5488.768218,729,343,move,0,,55,,,,{}
2026-02-27_164756,5488.776287,731,358,move,0,,55,,,,{}
2026-02-27_164756,5488.784347,731,358,move,0,,55,,,,{}
2026-02-27_164756,5488.798849,735,388,move,0,,55,,,,{}
2026-02-27_164756,5488.807516,735,388,move,0,,55,,,,{}
2026-02-27_164756,5488.824143,735,399,move,0,,55,,,,{}
2026-02-27_164756,5488.840832,735,434,move,0,,55,,,,{}
2026-02-27_164756,5488.857855,734,450,move,0,,55,,,,{}
2026-02-27_164756,5488.874134,732,454,move,0,,55,,,,{}
2026-02-27_164756,5488.891393,730,455,move,0,,55,,,,{}
2026-02-27_164756,5488.908944,730,456,move,0,,55,,,,{}
2026-02-27_164756,5488.924397,730,456,move,0,,55,,,,{}
2026-02-27_164756,5488.939698,730,456,move,0,,55,,,,{}
2026-02-27_164756,5488.954723,729,456,move,0,,55,,,,{}
2026-02-27_164756,5488.97138,729,456,move,0,,55,,,,{}
2026-02-27_164756,5488.975676,729,456,target_spawn,1,,56,26,P1_TARGET,1,"{""label"": ""P1_TARGET"", ""size"": 46}"
2026-02-27_164756,5488.975697,729,456,down,1,left,56,0,BASE,0,{}
2026-02-27_164756,5488.986287,729,456,move,1,,56,26,P1_TARGET,1,{}
2026-02-27_164756,5489.002382,729,456,move,1,,56,26,P1_TARGET,1,{}
2026-02-27_164756,5489.018001,729,456,move,1,,56,26,P1_TARGET,1,{}
2026-02-27_164756,5489.033731,729,456,move,1,,56,26,P1_TARGET,1,{}
2026-02-27_164756,5489.049182,729,456,move,1,,56,26,P1_TARGET,1,{}
2026-02-27_164756,5489.058501,729,456,up,1,left,56,,,,"{""hold_ms"": 82.96}"
2026-02-27_164756,5489.05854,729,456,move,0,,56,26,P1_TARGET,1,{}
2026-02-27_164756,5489.080265,729,456,move,0,,56,26,P1_TARGET,1,{}
2026-02-27_164756,5489.096215,729,456,move,0,,56,26,P1_TARGET,1,{}
2026-02-27_164756,5489.108779,729,456,move,0,,56,26,P1_TARGET,1,{}
2026-02-27_164756,5489.124101,728,455,move,0,,56,26,P1_TARGET,1,{}
2026-02-27_164756,5489.140834,728,452,move,0,,56,26,P1_TARGET,1,{}
2026-02-27_164756,5489.158809,728,451,move,0,,56,26,P1_TARGET,1,{}
2026-02-27_164756,5489.174797,727,451,move,0,,56,26,P1_TARGET,1,{}
2026-02-27_164756,5489.190662,727,451,move,0,,56,26,P1_TARGET,1,{}
2026-02-27_164756,5489.206501,727,451,move,0,,56,26,P1_TARGET,1,{}
2026-02-27_164756,5489.221797,727,451,move,0,,56,26,P1_TARGET,1,{}
2026-02-27_164756,5489.237233,728,449,move,0,,56,26,P1_TARGET,1,{}
2026-02-27_164756,5489.253642,734,446,move,0,,56,26,P1_TARGET,1,{}
2026-02-27_164756,5489.269095,753,441,move,0,,56,26,P1_TARGET,1,{}
2026-02-27_164756,5489.28452,782,434,move,0,,56,26,P1_TARGET,1,{}
2026-02-27_164756,5489.300164,817,424,move,0,,56,26,P1_TARGET,1,{}
2026-02-27_164756,5489.308239,854,413,move,0,,56,26,P1_TARGET,1,{}
2026-02-27_164756,5489.31631,854,413,move,0,,56,26,P1_TARGET,1,{}
2026-02-27_164756,5489.326736,854,413,move,0,,56,26,P1_TARGET,1,{}
2026-02-27_164756,5489.340931,889,402,move,0,,56,26,P1_TARGET,1,{}
2026-02-27_164756,5489.349421,903,394,move,0,,56,26,P1_TARGET,1,{}
2026-02-27_164756,5489.35751,933,381,move,0,,56,26,P1_TARGET,1,{}
2026-02-27_164756,5489.374279,933,381,move,0,,56,26,P1_TARGET,1,{}
2026-02-27_164756,5489.390807,944,376,move,0,,56,26,P1_TARGET,1,{}
2026-02-27_164756,5489.408975,951,372,move,0,,56,26,P1_TARGET,1,{}
2026-02-27_164756,5489.424351,957,368,move,0,,56,26,P1_TARGET,1,{}
2026-02-27_164756,5489.4409,963,362,move,0,,56,26,P1_TARGET,1,{}
2026-02-27_164756,5489.456571,970,358,move,0,,56,26,P1_TARGET,1,{}
2026-02-27_164756,5489.472408,978,354,move,0,,56,26,P1_TARGET,1,{}
2026-02-27_164756,5489.487622,989,350,move,0,,56,26,P1_TARGET,1,{}
2026-02-27_164756,5489.502992,1002,347,move,0,,56,26,P1_TARGET,1,{}
2026-02-27_164756,5489.51856,1019,344,move,0,,56,26,P1_TARGET,1,{}
2026-02-27_164756,5489.534139,1028,342,move,0,,56,26,P1_TARGET,1,{}
2026-02-27_164756,5489.54924,1031,342,move,0,,56,26,P1_TARGET,1,{}
2026-02-27_164756,5489.557644,1031,342,move,0,,56,26,P1_TARGET,1,{}
2026-02-27_164756,5489.5657,1032,341,move,0,,56,26,P1_TARGET,1,{}
2026-02-27_164756,5489.575143,1032,341,move,0,,56,26,P1_TARGET,1,{}
2026-02-27_164756,5489.59539,1033,341,move,0,,56,26,P1_TARGET,1,{}
2026-02-27_164756,5489.609738,1033,341,move,0,,56,26,P1_TARGET,1,{}
2026-02-27_164756,5489.625488,1034,340,move,0,,56,26,P1_TARGET,1,{}
2026-02-27_164756,5489.642198,1036,340,move,0,,56,26,P1_TARGET,1,{}
2026-02-27_164756,5489.657922,1043,339,move,0,,56,26,P1_TARGET,1,{}
2026-02-27_164756,5489.673857,1048,337,move,0,,56,26,P1_TARGET,1,{}
2026-02-27_164756,5489.688925,1051,337,move,0,,56,26,P1_TARGET,1,{}
2026-02-27_164756,5489.704718,1058,335,move,0,,56,26,P1_TARGET,1,{}
2026-02-27_164756,5489.711009,1062,334,down,1,left,57,26,P1_TARGET,1,{}
2026-02-27_164756,5489.720153,1062,334,move,1,,57,26,P1_TARGET,1,{}
2026-02-27_164756,5489.735392,1064,334,move,1,,57,26,P1_TARGET,1,{}
2026-02-27_164756,5489.750256,1065,333,move,1,,57,26,P1_TARGET,1,{}
2026-02-27_164756,5489.758411,1065,333,move,1,,57,26,P1_TARGET,1,{}
2026-02-27_164756,5489.774827,1066,333,move,1,,57,26,P1_TARGET,1,{}
2026-02-27_164756,5489.796892,1067,333,move,1,,57,26,P1_TARGET,1,{}
2026-02-27_164756,5489.812272,1067,333,move,1,,57,26,P1_TARGET,1,{}
2026-02-27_164756,5489.828333,1067,333,move,1,,57,26,P1_TARGET,1,{}
2026-02-27_164756,5489.844413,1067,333,move,1,,57,26,P1_TARGET,1,{}
2026-02-27_164756,5489.84858,1067,333,target_end,1,,57,26,P1_TARGET,1,"{""outcome"": ""HIT""}"
2026-02-27_164756,5489.848715,1067,333,up,1,left,57,26,P1_TARGET,1,"{""hold_ms"": 137.418}"
2026-02-27_164756,5489.859595,1067,333,move,0,,57,,,,{}
2026-02-27_164756,5489.87499,1067,333,move,0,,57,,,,{}
2026-02-27_164756,5489.890547,1067,333,move,0,,57,,,,{}
2026-02-27_164756,5489.905888,1067,333,move,0,,57,,,,{}
2026-02-27_164756,5489.921066,1067,333,move,0,,57,,,,{}
2026-02-27_164756,5489.936784,1067,333,move,0,,57,,,,{}
2026-02-27_164756,5489.951888,1067,333,move,0,,57,,,,{}
2026-02-27_164756,5489.967066,1058,337,move,0,,57,,,,{}
2026-02-27_164756,5489.975129,1047,341,move,0,,57,,,,{}
2026-02-27_164756,5489.983292,1047,341,move,0,,57,,,,{}
2026-02-27_164756,5489.995952,1047,341,move,0,,57,,,,{}
2026-02-27_164756,5490.008222,1028,348,move,0,,57,,,,{}
2026-02-27_164756,5490.024144,1023,349,move,0,,57,,,,{}
2026-02-27_164756,5490.041204,1002,356,move,0,,57,,,,{}
2026-02-27_164756,5490.059935,962,366,move,0,,57,,,,{}
2026-02-27_164756,5490.073958,929,376,move,0,,57,,,,{}
2026-02-27_164756,5490.090546,872,396,move,0,,57,,,,{}
2026-02-27_164756,5490.107781,839,407,move,0,,57,,,,{}
2026-02-27_164756,5490.123637,810,417,move,0,,57,,,,{}
2026-02-27_164756,5490.139085,798,421,move,0,,57,,,,{}
2026-02-27_164756,5490.155147,794,422,move,0,,57,,,,{}
2026-02-27_164756,5490.170798,792,423,move,0,,57,,,,{}
2026-02-27_164756,5490.186669,789,424,move,0,,57,,,,{}
2026-02-27_164756,5490.202136,787,424,move,0,,57,,,,{}
2026-02-27_164756,5490.217906,784,425,move,0,,57,,,,{}
2026-02-27_164756,5490.233657,777,426,move,0,,57,,,,{}
2026-02-27_164756,5490.241744,768,426,move,0,,57,,,,{}
2026-02-27_164756,5490.249793,768,426,move,0,,57,,,,{}
2026-02-27_164756,5490.258361,768,426,move,0,,57,,,,{}
2026-02-27_164756,5490.273802,763,426,move,0,,57,,,,{}
2026-02-27_164756,5490.290187,757,426,move,0,,57,,,,{}
2026-02-27_164756,5490.307301,753,426,move,0,,57,,,,{}
2026-02-27_164756,5490.324507,747,426,move,0,,57,,,,{}
2026-02-27_164756,5490.340155,744,426,move,0,,57,,,,{}
2026-02-27_164756,5490.357181,742,426,move,0,,57,,,,{}
2026-02-27_164756,5490.374325,741,426,move,0,,57,,,,{}
2026-02-27_164756,5490.390159,741,426,move,0,,57,,,,{}
2026-02-27_164756,5490.405515,741,426,move,0,,57,,,,{}
2026-02-27_164756,5490.421026,740,426,move,0,,57,,,,{}
2026-02-27_164756,5490.436233,739,426,move,0,,57,,,,{}
2026-02-27_164756,5490.452051,735,426,move,0,,57,,,,{}
2026-02-27_164756,5490.467401,726,427,move,0,,57,,,,{}
2026-02-27_164756,5490.483317,717,427,move,0,,57,,,,{}
2026-02-27_164756,5490.491386,708,428,move,0,,57,,,,{}
2026-02-27_164756,5490.507366,708,428,move,0,,57,,,,{}
2026-02-27_164756,5490.524351,700,429,move,0,,57,,,,{}
2026-02-27_164756,5490.542783,696,431,move,0,,57,,,,{}
2026-02-27_164756,5490.544582,692,433,target_spawn,1,,58,27,P1_TARGET,1,"{""label"": ""P1_TARGET"", ""size"": 46}"
2026-02-27_164756,5490.544599,692,433,down,1,left,58,0,BASE,0,{}
2026-02-27_164756,5490.557567,692,433,move,1,,58,27,P1_TARGET,1,{}
2026-02-27_164756,5490.57671,691,433,move,1,,58,27,P1_TARGET,1,{}
2026-02-27_164756,5490.591953,691,433,move,1,,58,27,P1_TARGET,1,{}
2026-02-27_164756,5490.607348,691,433,move,1,,58,27,P1_TARGET,1,{}
2026-02-27_164756,5490.623203,691,433,move,1,,58,27,P1_TARGET,1,{}
2026-02-27_164756,5490.638319,691,433,move,1,,58,27,P1_TARGET,1,{}
2026-02-27_164756,5490.64852,691,433,up,1,left,58,,,,"{""hold_ms"": 104.065}"
2026-02-27_164756,5490.648592,691,433,move,0,,58,27,P1_TARGET,1,{}
2026-02-27_164756,5490.657147,691,433,move,0,,58,27,P1_TARGET,1,{}
2026-02-27_164756,5490.669065,691,432,move,0,,58,27,P1_TARGET,1,{}
2026-02-27_164756,5490.684968,694,429,move,0,,58,27,P1_TARGET,1,{}
2026-02-27_164756,5490.700665,698,424,move,0,,58,27,P1_TARGET,1,{}
2026-02-27_164756,5490.708732,705,419,move,0,,58,27,P1_TARGET,1,{}
2026-02-27_164756,5490.718043,705,419,move,0,,58,27,P1_TARGET,1,{}
2026-02-27_164756,5490.726099,720,413,move,0,,58,27,P1_TARGET,1,{}
2026-02-27_164756,5490.740505,720,413,move,0,,58,27,P1_TARGET,1,{}
2026-02-27_164756,5490.757564,737,410,move,0,,58,27,P1_TARGET,1,{}
2026-02-27_164756,5490.774314,750,409,move,0,,58,27,P1_TARGET,1,{}
2026-02-27_164756,5490.791232,780,405,move,0,,58,27,P1_TARGET,1,{}
2026-02-27_164756,5490.807853,815,398,move,0,,58,27,P1_TARGET,1,{}
2026-02-27_164756,5490.823912,834,395,move,0,,58,27,P1_TARGET,1,{}
2026-02-27_164756,5490.840296,866,390,move,0,,58,27,P1_TARGET,1,{}
2026-02-27_164756,5490.855573,901,381,move,0,,58,27,P1_TARGET,1,{}
2026-02-27_164756,5490.871056,962,363,move,0,,58,27,P1_TARGET,1,{}
2026-02-27_164756,5490.886567,1007,348,move,0,,58,27,P1_TARGET,1,{}
2026-02-27_164756,5490.902098,1062,331,move,0,,58,27,P1_TARGET,1,{}
2026-02-27_164756,5490.917437,1164,299,move,0,,58,27,P1_TARGET,1,{}
2026-02-27_164756,5490.932747,1193,291,move,0,,58,27,P1_TARGET,1,{}
2026-02-27_164756,5490.940825,1244,270,move,0,,58,27,P1_TARGET,1,{}
2026-02-27_164756,5490.948888,1244,270,move,0,,58,27,P1_TARGET,1,{}
2026-02-27_164756,5490.956939,1256,262,move,0,,58,27,P1_TARGET,1,{}
2026-02-27_164756,5490.966171,1256,262,move,0,,58,27,P1_TARGET,1,{}
2026-02-27_164756,5490.974328,1258,258,move,0,,58,27,P1_TARGET,1,{}
2026-02-27_164756,5490.990154,1258,258,move,0,,58,27,P1_TARGET,1,{}
2026-02-27_164756,5491.006615,1260,253,move,0,,58,27,P1_TARGET,1,{}
2026-02-27_164756,5491.023509,1259,245,move,0,,58,27,P1_TARGET,1,{}
2026-02-27_164756,5491.040174,1258,242,move,0,,58,27,P1_TARGET,1,{}
2026-02-27_164756,5491.056692,1255,237,move,0,,58,27,P1_TARGET,1,{}
2026-02-27_164756,5491.072542,1252,234,move,0,,58,27,P1_TARGET,1,{}
2026-02-27_164756,5491.087959,1248,232,move,0,,58,27,P1_TARGET,1,{}
2026-02-27_164756,5491.103539,1238,228,move,0,,58,27,P1_TARGET,1,{}
2026-02-27_164756,5491.118924,1228,228,move,0,,58,27,P1_TARGET,1,{}
2026-02-27_164756,5491.134257,1208,228,move,0,,58,27,P1_TARGET,1,{}
2026-02-27_164756,5491.150217,1199,229,move,0,,58,27,P1_TARGET,1,{}
2026-02-27_164756,5491.158292,1166,233,move,0,,58,27,P1_TARGET,1,{}
2026-02-27_164756,5491.166355,1166,233,move,0,,58,27,P1_TARGET,1,{}
2026-02-27_164756,5491.174408,1151,236,move,0,,58,27,P1_TARGET,1,{}
2026-02-27_164756,5491.190047,1151,236,move,0,,58,27,P1_TARGET,1,{}
2026-02-27_164756,5491.207509,1145,240,move,0,,58,27,P1_TARGET,1,{}
2026-02-27_164756,5491.215581,1142,241,move,0,,58,27,P1_TARGET,1,{}
2026-02-27_164756,5491.224373,1142,241,move,0,,58,27,P1_TARGET,1,{}
2026-02-27_164756,5491.244312,1141,243,move,0,,58,27,P1_TARGET,1,{}
2026-02-27_164756,5491.260064,1141,243,move,0,,58,27,P1_TARGET,1,{}
2026-02-27_164756,5491.273779,1141,243,move,0,,58,27,P1_TARGET,1,{}
2026-02-27_164756,5491.291073,1141,244,move,0,,58,27,P1_TARGET,1,{}
2026-02-27_164756,5491.307071,1141,244,move,0,,58,27,P1_TARGET,1,{}
2026-02-27_164756,5491.322154,1141,244,move,0,,58,27,P1_TARGET,1,{}
2026-02-27_164756,5491.337526,1141,244,move,0,,58,27,P1_TARGET,1,{}
2026-02-27_164756,5491.342126,1140,245,down,1,left,59,27,P1_TARGET,1,{}
2026-02-27_164756,5491.353409,1140,245,move,1,,59,27,P1_TARGET,1,{}
2026-02-27_164756,5491.368811,1140,245,move,1,,59,27,P1_TARGET,1,{}
2026-02-27_164756,5491.38414,1140,246,move,1,,59,27,P1_TARGET,1,{}
2026-02-27_164756,5491.399705,1140,246,move,1,,59,27,P1_TARGET,1,{}
2026-02-27_164756,5491.416125,1140,246,move,1,,59,27,P1_TARGET,1,{}
2026-02-27_164756,5491.431304,1140,246,move,1,,59,27,P1_TARGET,1,{}
2026-02-27_164756,5491.447342,1140,246,move,1,,59,27,P1_TARGET,1,{}
2026-02-27_164756,5491.458892,1140,246,move,1,,59,27,P1_TARGET,1,{}
2026-02-27_164756,5491.460962,1140,247,target_end,1,,59,27,P1_TARGET,1,"{""outcome"": ""HIT""}"
2026-02-27_164756,5491.461051,1140,247,up,1,left,59,27,P1_TARGET,1,"{""hold_ms"": 118.652}"
2026-02-27_164756,5491.478745,1140,247,move,0,,59,,,,{}
2026-02-27_164756,5491.493922,1140,247,move,0,,59,,,,{}
2026-02-27_164756,5491.506959,1140,247,move,0,,59,,,,{}
2026-02-27_164756,5491.525091,1141,248,move,0,,59,,,,{}
2026-02-27_164756,5491.540863,1141,248,move,0,,59,,,,{}
2026-02-27_164756,5491.556894,1141,248,move,0,,59,,,,{}
2026-02-27_164756,5491.572247,1141,248,move,0,,59,,,,{}
2026-02-27_164756,5491.588149,1141,248,move,0,,59,,,,{}
2026-02-27_164756,5491.603487,1141,248,move,0,,59,,,,{}
2026-02-27_164756,5491.619362,1141,248,move,0,,59,,,,{}
2026-02-27_164756,5491.63474,1141,249,move,0,,59,,,,{}
2026-02-27_164756,5491.650078,1140,249,move,0,,59,,,,{}
2026-02-27_164756,5491.658303,1140,249,move,0,,59,,,,{}
2026-02-27_164756,5491.666376,1130,250,move,0,,59,,,,{}
2026-02-27_164756,5491.674428,1099,255,move,0,,59,,,,{}
2026-02-27_164756,5491.690291,1099,255,move,0,,59,,,,{}
2026-02-27_164756,5491.706774,1063,259,move,0,,59,,,,{}
2026-02-27_164756,5491.71484,1007,267,move,0,,59,,,,{}
2026-02-27_164756,5491.724596,1007,267,move,0,,59,,,,{}
2026-02-27_164756,5491.740329,962,273,move,0,,59,,,,{}
2026-02-27_164756,5491.756442,894,282,move,0,,59,,,,{}
2026-02-27_164756,5491.773605,834,297,move,0,,59,,,,{}
2026-02-27_164756,5491.79001,786,324,move,0,,59,,,,{}
2026-02-27_164756,5491.805946,766,340,move,0,,59,,,,{}
2026-02-27_164756,5491.820734,757,355,move,0,,59,,,,{}
2026-02-27_164756,5491.836534,754,369,move,0,,59,,,,{}
2026-02-27_164756,5491.852521,754,380,move,0,,59,,,,{}
2026-02-27_164756,5491.868258,754,387,move,0,,59,,,,{}
2026-02-27_164756,5491.8843,757,397,move,0,,59,,,,{}
2026-02-27_164756,5491.899773,759,403,move,0,,59,,,,{}
2026-02-27_164756,5491.915826,765,411,move,0,,59,,,,{}
2026-02-27_164756,5491.923885,766,412,move,0,,59,,,,{}
2026-02-27_164756,5491.93194,766,412,move,0,,59,,,,{}
2026-02-27_164756,5491.940191,766,412,move,0,,59,,,,{}
2026-02-27_164756,5491.961446,766,413,move,0,,59,,,,{}
2026-02-27_164756,5491.976557,766,413,move,0,,59,,,,{}
2026-02-27_164756,5491.991543,766,413,move,0,,59,,,,{}
2026-02-27_164756,5492.006846,766,413,move,0,,59,,,,{}
2026-02-27_164756,5492.022588,766,413,move,0,,59,,,,{}
2026-02-27_164756,5492.037876,766,413,move,0,,59,,,,{}
2026-02-27_164756,5492.053768,766,414,move,0,,59,,,,{}
2026-02-27_164756,5492.068839,764,416,move,0,,59,,,,{}
2026-02-27_164756,5492.084581,760,418,move,0,,59,,,,{}
2026-02-27_164756,5492.099574,754,420,move,0,,59,,,,{}
2026-02-27_164756,5492.107655,747,420,move,0,,59,,,,{}
2026-02-27_164756,5492.115701,747,420,move,0,,59,,,,{}
2026-02-27_164756,5492.124464,747,420,move,0,,59,,,,{}
2026-02-27_164756,5492.140452,733,420,move,0,,59,,,,{}
2026-02-27_164756,5492.157607,727,420,move,0,,59,,,,{}
2026-02-27_164756,5492.174222,725,420,move,0,,59,,,,{}
2026-02-27_164756,5492.193618,723,420,move,0,,59,,,,{}
2026-02-27_164756,5492.201622,723,420,target_spawn,1,,60,28,P1_TARGET,1,"{""label"": ""P1_TARGET"", ""size"": 46}"
2026-02-27_164756,5492.201646,723,420,down,1,left,60,0,BASE,0,{}
2026-02-27_164756,5492.201697,723,420,move,1,,60,28,P1_TARGET,1,{}
2026-02-27_164756,5492.209752,722,420,move,1,,60,28,P1_TARGET,1,{}
2026-02-27_164756,5492.225647,722,420,move,1,,60,28,P1_TARGET,1,{}
2026-02-27_164756,5492.241473,722,420,move,1,,60,28,P1_TARGET,1,{}
2026-02-27_164756,5492.257706,722,420,move,1,,60,28,P1_TARGET,1,{}
2026-02-27_164756,5492.27313,722,420,move,1,,60,28,P1_TARGET,1,{}
2026-02-27_164756,5492.288913,722,420,move,1,,60,28,P1_TARGET,1,{}
2026-02-27_164756,5492.304811,722,420,move,1,,60,28,P1_TARGET,1,{}
2026-02-27_164756,5492.313138,722,420,up,1,left,60,,,,"{""hold_ms"": 111.658}"
2026-02-27_164756,5492.313178,722,420,move,0,,60,28,P1_TARGET,1,{}
2026-02-27_164756,5492.336216,722,420,move,0,,60,28,P1_TARGET,1,{}
2026-02-27_164756,5492.351389,722,420,move,0,,60,28,P1_TARGET,1,{}
2026-02-27_164756,5492.367361,722,420,move,0,,60,28,P1_TARGET,1,{}
2026-02-27_164756,5492.382622,729,417,move,0,,60,28,P1_TARGET,1,{}
2026-02-27_164756,5492.390748,744,411,move,0,,60,28,P1_TARGET,1,{}
2026-02-27_164756,5492.398813,744,411,move,0,,60,28,P1_TARGET,1,{}
2026-02-27_164756,5492.40806,744,411,move,0,,60,28,P1_TARGET,1,{}
2026-02-27_164756,5492.423479,773,401,move,0,,60,28,P1_TARGET,1,{}
2026-02-27_164756,5492.439873,815,385,move,0,,60,28,P1_TARGET,1,{}
2026-02-27_164756,5492.459571,887,366,move,0,,60,28,P1_TARGET,1,{}
2026-02-27_164756,5492.474544,954,349,move,0,,60,28,P1_TARGET,1,{}
2026-02-27_164756,5492.489518,1041,328,move,0,,60,28,P1_TARGET,1,{}
2026-02-27_164756,5492.506138,1073,319,move,0,,60,28,P1_TARGET,1,{}
2026-02-27_164756,5492.521441,1121,304,move,0,,60,28,P1_TARGET,1,{}
2026-02-27_164756,5492.536935,1143,299,move,0,,60,28,P1_TARGET,1,{}
2026-02-27_164756,5492.55293,1144,299,move,0,,60,28,P1_TARGET,1,{}
2026-02-27_164756,5492.568259,1145,304,move,0,,60,28,P1_TARGET,1,{}
2026-02-27_164756,5492.5838,1146,318,move,0,,60,28,P1_TARGET,1,{}
2026-02-27_164756,5492.598973,1146,336,move,0,,60,28,P1_TARGET,1,{}
2026-02-27_164756,5492.60704,1139,364,move,0,,60,28,P1_TARGET,1,{}
2026-02-27_164756,5492.6151,1139,364,move,0,,60,28,P1_TARGET,1,{}
2026-02-27_164756,5492.624682,1139,364,move,0,,60,28,P1_TARGET,1,{}
2026-02-27_164756,5492.63951,1132,399,move,0,,60,28,P1_TARGET,1,{}
2026-02-27_164756,5492.657615,1125,428,move,0,,60,28,P1_TARGET,1,{}
2026-02-27_164756,5492.673167,1115,453,move,0,,60,28,P1_TARGET,1,{}
2026-02-27_164756,5492.689515,1105,471,move,0,,60,28,P1_TARGET,1,{}
2026-02-27_164756,5492.706108,1092,487,move,0,,60,28,P1_TARGET,1,{}
2026-02-27_164756,5492.722537,1085,493,move,0,,60,28,P1_TARGET,1,{}
2026-02-27_164756,5492.737533,1080,500,move,0,,60,28,P1_TARGET,1,{}
2026-02-27_164756,5492.753572,1079,503,move,0,,60,28,P1_TARGET,1,{}
2026-02-27_164756,5492.769509,1079,503,move,0,,60,28,P1_TARGET,1,{}
2026-02-27_164756,5492.784928,1078,504,move,0,,60,28,P1_TARGET,1,{}
2026-02-27_164756,5492.800808,1077,506,move,0,,60,28,P1_TARGET,1,{}
2026-02-27_164756,5492.816717,1072,509,move,0,,60,28,P1_TARGET,1,{}
2026-02-27_164756,5492.824777,1066,515,move,0,,60,28,P1_TARGET,1,{}
2026-02-27_164756,5492.834263,1066,515,move,0,,60,28,P1_TARGET,1,{}
2026-02-27_164756,5492.846988,1060,519,move,0,,60,28,P1_TARGET,1,{}
2026-02-27_164756,5492.856836,1060,519,move,0,,60,28,P1_TARGET,1,{}
2026-02-27_164756,5492.873413,1053,523,move,0,,60,28,P1_TARGET,1,{}
2026-02-27_164756,5492.890296,1050,524,move,0,,60,28,P1_TARGET,1,{}
2026-02-27_164756,5492.907251,1048,524,move,0,,60,28,P1_TARGET,1,{}
2026-02-27_164756,5492.923736,1047,524,move,0,,60,28,P1_TARGET,1,{}
2026-02-27_164756,5492.940968,1046,524,move,0,,60,28,P1_TARGET,1,{}
2026-02-27_164756,5492.956516,1045,524,move,0,,60,28,P1_TARGET,1,{}
2026-02-27_164756,5492.97191,1042,524,move,0,,60,28,P1_TARGET,1,{}
2026-02-27_164756,5492.987305,1040,524,move,0,,60,28,P1_TARGET,1,{}
2026-02-27_164756,5493.003562,1040,524,down,1,left,61,28,P1_TARGET,1,{}
2026-02-27_164756,5493.00361,1040,524,move,1,,61,28,P1_TARGET,1,{}
2026-02-27_164756,5493.018037,1040,524,move,1,,61,28,P1_TARGET,1,{}
2026-02-27_164756,5493.033924,1040,524,move,1,,61,28,P1_TARGET,1,{}
2026-02-27_164756,5493.049684,1040,524,move,1,,61,28,P1_TARGET,1,{}
2026-02-27_164756,5493.065742,1040,524,move,1,,61,28,P1_TARGET,1,{}
2026-02-27_164756,5493.081587,1040,524,move,1,,61,28,P1_TARGET,1,{}
2026-02-27_164756,5493.096777,1040,524,move,1,,61,28,P1_TARGET,1,{}
2026-02-27_164756,5493.101942,1040,524,target_end,1,,61,28,P1_TARGET,1,"{""outcome"": ""HIT""}"
2026-02-27_164756,5493.102112,1040,524,up,1,left,61,28,P1_TARGET,1,"{""hold_ms"": 98.212}"
2026-02-27_164756,5493.107725,1040,524,move,0,,61,,,,{}
2026-02-27_164756,5493.122971,1040,524,move,0,,61,,,,{}
2026-02-27_164756,5493.139667,1039,525,move,0,,61,,,,{}
2026-02-27_164756,5493.160129,1038,525,move,0,,61,,,,{}
2026-02-27_164756,5493.173686,1038,525,move,0,,61,,,,{}
2026-02-27_164756,5493.191419,1036,525,move,0,,61,,,,{}
2026-02-27_164756,5493.206143,1029,522,move,0,,61,,,,{}
2026-02-27_164756,5493.222962,1014,515,move,0,,61,,,,{}
2026-02-27_164756,5493.238087,989,505,move,0,,61,,,,{}
2026-02-27_164756,5493.25368,952,494,move,0,,61,,,,{}
2026-02-27_164756,5493.26958,930,485,move,0,,61,,,,{}
2026-02-27_164756,5493.284968,875,465,move,0,,61,,,,{}
2026-02-27_164756,5493.301011,829,453,move,0,,61,,,,{}
2026-02-27_164756,5493.316727,811,448,move,0,,61,,,,{}
2026-02-27_164756,5493.332586,793,446,move,0,,61,,,,{}
2026-02-27_164756,5493.347722,792,446,move,0,,61,,,,{}
2026-02-27_164756,5493.363302,792,446,move,0,,61,,,,{}
2026-02-27_164756,5493.379197,792,446,move,0,,61,,,,{}
2026-02-27_164756,5493.391161,792,446,move,0,,61,,,,{}
2026-02-27_164756,5493.407743,791,446,move,0,,61,,,,{}
2026-02-27_164756,5493.424153,789,446,move,0,,61,,,,{}
2026-02-27_164756,5493.440939,788,445,move,0,,61,,,,{}
2026-02-27_164756,5493.456571,787,444,move,0,,61,,,,{}
2026-02-27_164756,5493.472471,787,444,move,0,,61,,,,{}
2026-02-27_164756,5493.488277,787,444,move,0,,61,,,,{}
2026-02-27_164756,5493.504136,787,444,move,0,,61,,,,{}
2026-02-27_164756,5493.520239,787,444,move,0,,61,,,,{}
2026-02-27_164756,5493.535979,786,444,move,0,,61,,,,{}
2026-02-27_164756,5493.55134,773,444,move,0,,61,,,,{}
2026-02-27_164756,5493.566631,743,443,move,0,,61,,,,{}
2026-02-27_164756,5493.574685,724,441,move,0,,61,,,,{}
2026-02-27_164756,5493.583233,724,441,move,0,,61,,,,{}
2026-02-27_164756,5493.59128,696,439,move,0,,61,,,,{}
2026-02-27_164756,5493.606382,696,439,move,0,,61,,,,{}
2026-02-27_164756,5493.614459,684,438,move,0,,61,,,,{}
2026-02-27_164756,5493.62428,684,438,move,0,,61,,,,{}
2026-02-27_164756,5493.640898,678,437,move,0,,61,,,,{}
2026-02-27_164756,5493.659947,676,437,move,0,,61,,,,{}
2026-02-27_164756,5493.675153,676,437,move,0,,61,,,,{}
2026-02-27_164756,5493.679131,676,437,down,1,left,62,,,,{}
2026-02-27_164756,5493.679149,676,437,misclick,1,,62,,,,{}
2026-02-27_164756,5493.690686,676,437,move,1,,62,,,,{}
2026-02-27_164756,5493.706208,676,437,move,1,,62,,,,{}
2026-02-27_164756,5493.721579,676,437,move,1,,62,,,,{}
2026-02-27_164756,5493.737699,676,437,move,1,,62,,,,{}
2026-02-27_164756,5493.753152,676,437,move,1,,62,,,,{}
2026-02-27_164756,5493.768789,676,437,move,1,,62,,,,{}
2026-02-27_164756,5493.784039,676,437,move,1,,62,,,,{}
2026-02-27_164756,5493.79088,676,437,up,1,left,62,,,,"{""hold_ms"": 111.741}"
2026-02-27_164756,5493.795694,676,437,move,0,,62,,,,{}
2026-02-27_164756,5493.814905,676,437,move,0,,62,,,,{}
2026-02-27_164756,5493.82403,676,437,move,0,,62,,,,{}
2026-02-27_164756,5493.832402,677,437,move,0,,62,,,,{}
2026-02-27_164756,5493.840451,682,437,move,0,,62,,,,{}
2026-02-27_164756,5493.856063,682,437,move,0,,62,,,,{}
2026-02-27_164756,5493.872825,688,437,move,0,,62,,,,{}
2026-02-27_164756,5493.889912,692,436,move,0,,62,,,,{}
2026-02-27_164756,5493.909,695,436,move,0,,62,,,,{}
2026-02-27_164756,5493.924178,695,436,move,0,,62,,,,{}
2026-02-27_164756,5493.940094,695,435,move,0,,62,,,,{}
2026-02-27_164756,5493.95517,696,435,move,0,,62,,,,{}
2026-02-27_164756,5493.970465,696,435,move,0,,62,,,,{}
2026-02-27_164756,5493.986426,697,435,move,0,,62,,,,{}
2026-02-27_164756,5494.002436,697,435,move,0,,62,,,,{}
2026-02-27_164756,5494.018404,698,435,move,0,,62,,,,{}
2026-02-27_164756,5494.033138,698,436,move,0,,62,,,,{}
2026-02-27_164756,5494.045796,698,436,target_spawn,1,,63,29,P1_TARGET,1,"{""label"": ""P1_TARGET"", ""size"": 46}"
2026-02-27_164756,5494.04582,698,436,down,1,left,63,0,BASE,0,{}
2026-02-27_164756,5494.045869,698,436,move,1,,63,29,P1_TARGET,1,{}
2026-02-27_164756,5494.064272,698,436,move,1,,63,29,P1_TARGET,1,{}
2026-02-27_164756,5494.080362,698,436,move,1,,63,29,P1_TARGET,1,{}
2026-02-27_164756,5494.095582,698,436,move,1,,63,29,P1_TARGET,1,{}
2026-02-27_164756,5494.111299,698,436,move,1,,63,29,P1_TARGET,1,{}
2026-02-27_164756,5494.121989,698,436,up,1,left,63,,,,"{""hold_ms"": 76.326}"
2026-02-27_164756,5494.122037,698,436,move,0,,63,29,P1_TARGET,1,{}
2026-02-27_164756,5494.142546,698,436,move,0,,63,29,P1_TARGET,1,{}
2026-02-27_164756,5494.157941,698,436,move,0,,63,29,P1_TARGET,1,{}
2026-02-27_164756,5494.173424,698,436,move,0,,63,29,P1_TARGET,1,{}
2026-02-27_164756,5494.188656,697,436,move,0,,63,29,P1_TARGET,1,{}
2026-02-27_164756,5494.204269,696,436,move,0,,63,29,P1_TARGET,1,{}
2026-02-27_164756,5494.219469,696,436,move,0,,63,29,P1_TARGET,1,{}
2026-02-27_164756,5494.234547,696,436,move,0,,63,29,P1_TARGET,1,{}
2026-02-27_164756,5494.249953,698,436,move,0,,63,29,P1_TARGET,1,{}
2026-02-27_164756,5494.258028,718,432,move,0,,63,29,P1_TARGET,1,{}
2026-02-27_164756,5494.266088,718,432,move,0,,63,29,P1_TARGET,1,{}
2026-02-27_164756,5494.27414,738,429,move,0,,63,29,P1_TARGET,1,{}
2026-02-27_164756,5494.292656,738,429,move,0,,63,29,P1_TARGET,1,{}
2026-02-27_164756,5494.309923,770,422,move,0,,63,29,P1_TARGET,1,{}
2026-02-27_164756,5494.325237,845,403,move,0,,63,29,P1_TARGET,1,{}
2026-02-27_164756,5494.341063,882,394,move,0,,63,29,P1_TARGET,1,{}
2026-02-27_164756,5494.357147,928,384,move,0,,63,29,P1_TARGET,1,{}
2026-02-27_164756,5494.37367,961,377,move,0,,63,29,P1_TARGET,1,{}
2026-02-27_164756,5494.389122,965,376,move,0,,63,29,P1_TARGET,1,{}
2026-02-27_164756,5494.404121,965,376,move,0,,63,29,P1_TARGET,1,{}
2026-02-27_164756,5494.419717,942,378,move,0,,63,29,P1_TARGET,1,{}
2026-02-27_164756,5494.434909,890,386,move,0,,63,29,P1_TARGET,1,{}
2026-02-27_164756,5494.450154,839,392,move,0,,63,29,P1_TARGET,1,{}
2026-02-27_164756,5494.458369,839,392,move,0,,63,29,P1_TARGET,1,{}
2026-02-27_164756,5494.472677,683,413,move,0,,63,29,P1_TARGET,1,{}
2026-02-27_164756,5494.480907,558,434,move,0,,63,29,P1_TARGET,1,{}
2026-02-27_164756,5494.489182,558,434,move,0,,63,29,P1_TARGET,1,{}
2026-02-27_164756,5494.497261,481,448,move,0,,63,29,P1_TARGET,1,{}
2026-02-27_164756,5494.50571,481,448,move,0,,63,29,P1_TARGET,1,{}
2026-02-27_164756,5494.523028,420,463,move,0,,63,29,P1_TARGET,1,{}
2026-02-27_164756,5494.539016,383,471,move,0,,63,29,P1_TARGET,1,{}
2026-02-27_164756,5494.555739,370,475,move,0,,63,29,P1_TARGET,1,{}
2026-02-27_164756,5494.574618,367,479,move,0,,63,29,P1_TARGET,1,{}
2026-02-27_164756,5494.589189,367,479,move,0,,63,29,P1_TARGET,1,{}
2026-02-27_164756,5494.605429,367,480,move,0,,63,29,P1_TARGET,1,{}
2026-02-27_164756,5494.62123,367,480,move,0,,63,29,P1_TARGET,1,{}
2026-02-27_164756,5494.637217,366,481,move,0,,63,29,P1_TARGET,1,{}
2026-02-27_164756,5494.652768,365,481,move,0,,63,29,P1_TARGET,1,{}
2026-02-27_164756,5494.668453,365,481,move,0,,63,29,P1_TARGET,1,{}
2026-02-27_164756,5494.683514,364,482,move,0,,63,29,P1_TARGET,1,{}
2026-02-27_164756,5494.698655,362,486,move,0,,63,29,P1_TARGET,1,{}
2026-02-27_164756,5494.706727,361,488,move,0,,63,29,P1_TARGET,1,{}
2026-02-27_164756,5494.714794,361,488,move,0,,63,29,P1_TARGET,1,{}
2026-02-27_164756,5494.723177,361,488,move,0,,63,29,P1_TARGET,1,{}
2026-02-27_164756,5494.739623,359,493,move,0,,63,29,P1_TARGET,1,{}
2026-02-27_164756,5494.757503,357,496,move,0,,63,29,P1_TARGET,1,{}
2026-02-27_164756,5494.773464,353,502,move,0,,63,29,P1_TARGET,1,{}
2026-02-27_164756,5494.789145,347,507,move,0,,63,29,P1_TARGET,1,{}
2026-02-27_164756,5494.805997,341,510,move,0,,63,29,P1_TARGET,1,{}
2026-02-27_164756,5494.821543,335,510,move,0,,63,29,P1_TARGET,1,{}
2026-02-27_164756,5494.836997,331,510,move,0,,63,29,P1_TARGET,1,{}
2026-02-27_164756,5494.852305,324,510,move,0,,63,29,P1_TARGET,1,{}
2026-02-27_164756,5494.868177,316,510,move,0,,63,29,P1_TARGET,1,{}
2026-02-27_164756,5494.883643,311,510,move,0,,63,29,P1_TARGET,1,{}
2026-02-27_164756,5494.89172,309,510,move,0,,63,29,P1_TARGET,1,{}
2026-02-27_164756,5494.899782,309,510,move,0,,63,29,P1_TARGET,1,{}
2026-02-27_164756,5494.907832,307,510,move,0,,63,29,P1_TARGET,1,{}
2026-02-27_164756,5494.925872,307,510,move,0,,63,29,P1_TARGET,1,{}
2026-02-27_164756,5494.93911,304,510,move,0,,63,29,P1_TARGET,1,{}
2026-02-27_164756,5494.948141,302,510,move,0,,63,29,P1_TARGET,1,{}
2026-02-27_164756,5494.956192,301,510,move,0,,63,29,P1_TARGET,1,{}
2026-02-27_164756,5494.977375,301,510,move,0,,63,29,P1_TARGET,1,{}
2026-02-27_164756,5494.993245,301,510,move,0,,63,29,P1_TARGET,1,{}
2026-02-27_164756,5495.009208,301,510,move,0,,63,29,P1_TARGET,1,{}
2026-02-27_164756,5495.024665,301,510,move,0,,63,29,P1_TARGET,1,{}
2026-02-27_164756,5495.040223,301,510,move,0,,63,29,P1_TARGET,1,{}
2026-02-27_164756,5495.055868,301,510,move,0,,63,29,P1_TARGET,1,{}
2026-02-27_164756,5495.071167,299,510,move,0,,63,29,P1_TARGET,1,{}
2026-02-27_164756,5495.086277,294,510,move,0,,63,29,P1_TARGET,1,{}
2026-02-27_164756,5495.101392,291,510,move,0,,63,29,P1_TARGET,1,{}
2026-02-27_164756,5495.117388,286,511,move,0,,63,29,P1_TARGET,1,{}
2026-02-27_164756,5495.133186,283,511,move,0,,63,29,P1_TARGET,1,{}
2026-02-27_164756,5495.148733,282,511,move,0,,63,29,P1_TARGET,1,{}
2026-02-27_164756,5495.163868,282,511,move,0,,63,29,P1_TARGET,1,{}
2026-02-27_164756,5495.180053,282,511,move,0,,63,29,P1_TARGET,1,{}
2026-02-27_164756,5495.195928,282,511,move,0,,63,29,P1_TARGET,1,{}
2026-02-27_164756,5495.202039,281,511,down,1,left,64,29,P1_TARGET,1,{}
2026-02-27_164756,5495.211387,281,511,move,1,,64,29,P1_TARGET,1,{}
2026-02-27_164756,5495.22756,281,511,move,1,,64,29,P1_TARGET,1,{}
2026-02-27_164756,5495.242706,281,511,move,1,,64,29,P1_TARGET,1,{}
2026-02-27_164756,5495.258119,281,511,move,1,,64,29,P1_TARGET,1,{}
2026-02-27_164756,5495.273823,281,511,move,1,,64,29,P1_TARGET,1,{}
2026-02-27_164756,5495.275687,281,511,target_end,1,,64,29,P1_TARGET,1,"{""outcome"": ""HIT""}"
2026-02-27_164756,5495.275892,281,511,up,1,left,64,29,P1_TARGET,1,"{""hold_ms"": 73.44}"
2026-02-27_164756,5495.281879,281,511,move,0,,64,,,,{}
2026-02-27_164756,5495.304855,281,511,move,0,,64,,,,{}
2026-02-27_164756,5495.320353,281,511,move,0,,64,,,,{}
2026-02-27_164756,5495.335842,281,511,move,0,,64,,,,{}
2026-02-27_164756,5495.351062,281,511,move,0,,64,,,,{}
2026-02-27_164756,5495.366518,281,511,move,0,,64,,,,{}
2026-02-27_164756,5495.374585,288,511,move,0,,64,,,,{}
2026-02-27_164756,5495.382641,288,511,move,0,,64,,,,{}
2026-02-27_164756,5495.397176,305,509,move,0,,64,,,,{}
2026-02-27_164756,5495.405384,305,509,move,0,,64,,,,{}
2026-02-27_164756,5495.413467,340,502,move,0,,64,,,,{}
2026-02-27_164756,5495.421961,340,502,move,0,,64,,,,{}
2026-02-27_164756,5495.438965,381,496,move,0,,64,,,,{}
2026-02-27_164756,5495.447023,478,483,move,0,,64,,,,{}
2026-02-27_164756,5495.45561,478,483,move,0,,64,,,,{}
2026-02-27_164756,5495.472826,660,459,move,0,,64,,,,{}
2026-02-27_164756,5495.490534,710,453,move,0,,64,,,,{}
2026-02-27_164756,5495.505058,777,449,move,0,,64,,,,{}
2026-02-27_164756,5495.522105,818,447,move,0,,64,,,,{}
2026-02-27_164756,5495.536842,850,443,move,0,,64,,,,{}
2026-02-27_164756,5495.552124,857,441,move,0,,64,,,,{}
2026-02-27_164756,5495.567673,858,441,move,0,,64,,,,{}
2026-02-27_164756,5495.582813,858,441,move,0,,64,,,,{}
2026-02-27_164756,5495.598179,858,439,move,0,,64,,,,{}
2026-02-27_164756,5495.606495,858,439,move,0,,64,,,,{}
2026-02-27_164756,5495.623209,858,437,move,0,,64,,,,{}
2026-02-27_164756,5495.638571,858,436,move,0,,64,,,,{}
2026-02-27_164756,5495.656234,858,434,move,0,,64,,,,{}
2026-02-27_164756,5495.67237,858,433,move,0,,64,,,,{}
2026-02-27_164756,5495.690268,857,433,move,0,,64,,,,{}
2026-02-27_164756,5495.705845,854,433,move,0,,64,,,,{}
2026-02-27_164756,5495.721767,845,433,move,0,,64,,,,{}
2026-02-27_164756,5495.737009,831,433,move,0,,64,,,,{}
2026-02-27_164756,5495.752104,814,434,move,0,,64,,,,{}
2026-02-27_164756,5495.767461,800,435,move,0,,64,,,,{}
2026-02-27_164756,5495.782986,788,435,move,0,,64,,,,{}
2026-02-27_164756,5495.791052,772,435,move,0,,64,,,,{}
2026-02-27_164756,5495.799136,772,435,move,0,,64,,,,{}
2026-02-27_164756,5495.814211,772,435,move,0,,64,,,,{}
2026-02-27_164756,5495.829627,749,435,move,0,,64,,,,{}
2026-02-27_164756,5495.839748,749,435,move,0,,64,,,,{}
2026-02-27_164756,5495.855155,741,435,move,0,,64,,,,{}
2026-02-27_164756,5495.877262,740,435,move,0,,64,,,,{}
2026-02-27_164756,5495.889579,740,435,move,0,,64,,,,{}
2026-02-27_164756,5495.906376,737,435,move,0,,64,,,,{}
2026-02-27_164756,5495.922263,735,435,move,0,,64,,,,{}
2026-02-27_164756,5495.939124,733,435,move,0,,64,,,,{}
2026-02-27_164756,5495.954732,733,435,move,0,,64,,,,{}
2026-02-27_164756,5495.965575,733,435,target_spawn,1,,65,30,P1_TARGET,1,"{""label"": ""P1_TARGET"", ""size"": 46}"
2026-02-27_164756,5495.9656,733,435,down,1,left,65,0,BASE,0,{}
2026-02-27_164756,5495.965637,733,435,move,1,,65,30,P1_TARGET,1,{}
2026-02-27_164756,5495.986006,733,435,move,1,,65,30,P1_TARGET,1,{}
2026-02-27_164756,5496.002154,733,435,move,1,,65,30,P1_TARGET,1,{}
2026-02-27_164756,5496.017529,731,435,move,1,,65,30,P1_TARGET,1,{}
2026-02-27_164756,5496.033046,729,435,move,1,,65,30,P1_TARGET,1,{}
2026-02-27_164756,5496.048931,725,435,move,1,,65,30,P1_TARGET,1,{}
2026-02-27_164756,5496.064658,724,435,move,1,,65,30,P1_TARGET,1,{}
2026-02-27_164756,5496.077838,724,435,up,1,left,65,,,,"{""hold_ms"": 112.399}"
2026-02-27_164756,5496.077887,724,435,move,0,,65,30,P1_TARGET,1,{}
2026-02-27_164756,5496.096547,724,435,move,0,,65,30,P1_TARGET,1,{}
2026-02-27_164756,5496.112456,724,435,move,0,,65,30,P1_TARGET,1,{}
2026-02-27_164756,5496.128138,724,435,move,0,,65,30,P1_TARGET,1,{}
2026-02-27_164756,5496.144082,724,435,move,0,,65,30,P1_TARGET,1,{}
2026-02-27_164756,5496.159274,724,435,move,0,,65,30,P1_TARGET,1,{}
2026-02-27_164756,5496.172384,724,435,move,0,,65,30,P1_TARGET,1,{}
2026-02-27_164756,5496.19029,725,435,move,0,,65,30,P1_TARGET,1,{}
2026-02-27_164756,5496.205584,727,435,move,0,,65,30,P1_TARGET,1,{}
2026-02-27_164756,5496.220749,728,435,move,0,,65,30,P1_TARGET,1,{}
2026-02-27_164756,5496.236361,731,435,move,0,,65,30,P1_TARGET,1,{}
2026-02-27_164756,5496.251722,734,435,move,0,,65,30,P1_TARGET,1,{}
2026-02-27_164756,5496.267039,740,433,move,0,,65,30,P1_TARGET,1,{}
2026-02-27_164756,5496.283006,767,431,move,0,,65,30,P1_TARGET,1,{}
2026-02-27_164756,5496.29855,788,431,move,0,,65,30,P1_TARGET,1,{}
2026-02-27_164756,5496.307572,788,431,move,0,,65,30,P1_TARGET,1,{}
2026-02-27_164756,5496.316484,827,434,move,0,,65,30,P1_TARGET,1,{}
2026-02-27_164756,5496.330243,850,439,move,0,,65,30,P1_TARGET,1,{}
2026-02-27_164756,5496.339133,850,439,move,0,,65,30,P1_TARGET,1,{}
2026-02-27_164756,5496.347239,908,464,move,0,,65,30,P1_TARGET,1,{}
2026-02-27_164756,5496.355482,908,464,move,0,,65,30,P1_TARGET,1,{}
2026-02-27_164756,5496.372876,938,478,move,0,,65,30,P1_TARGET,1,{}
2026-02-27_164756,5496.388844,963,492,move,0,,65,30,P1_TARGET,1,{}
2026-02-27_164756,5496.405472,978,499,move,0,,65,30,P1_TARGET,1,{}
2026-02-27_164756,5496.42314,993,506,move,0,,65,30,P1_TARGET,1,{}
2026-02-27_164756,5496.438367,1005,510,move,0,,65,30,P1_TARGET,1,{}
2026-02-27_164756,5496.454997,1007,511,move,0,,65,30,P1_TARGET,1,{}
2026-02-27_164756,5496.471633,1010,512,move,0,,65,30,P1_TARGET,1,{}
2026-02-27_164756,5496.487486,1013,513,move,0,,65,30,P1_TARGET,1,{}
2026-02-27_164756,5496.50313,1016,515,move,0,,65,30,P1_TARGET,1,{}
2026-02-27_164756,5496.518715,1021,517,move,0,,65,30,P1_TARGET,1,{}
2026-02-27_164756,5496.533982,1027,518,move,0,,65,30,P1_TARGET,1,{}
2026-02-27_164756,5496.549129,1034,518,move,0,,65,30,P1_TARGET,1,{}
2026-02-27_164756,5496.565104,1040,518,move,0,,65,30,P1_TARGET,1,{}
2026-02-27_164756,5496.573183,1052,518,move,0,,65,30,P1_TARGET,1,{}
2026-02-27_164756,5496.581253,1052,518,move,0,,65,30,P1_TARGET,1,{}
2026-02-27_164756,5496.58948,1052,518,move,0,,65,30,P1_TARGET,1,{}
2026-02-27_164756,5496.604733,1075,518,move,0,,65,30,P1_TARGET,1,{}
2026-02-27_164756,5496.622295,1090,520,move,0,,65,30,P1_TARGET,1,{}
2026-02-27_164756,5496.638457,1102,520,move,0,,65,30,P1_TARGET,1,{}
2026-02-27_164756,5496.655308,1108,520,move,0,,65,30,P1_TARGET,1,{}
2026-02-27_164756,5496.672721,1113,520,move,0,,65,30,P1_TARGET,1,{}
2026-02-27_164756,5496.689044,1115,520,move,0,,65,30,P1_TARGET,1,{}
2026-02-27_164756,5496.706763,1117,520,move,0,,65,30,P1_TARGET,1,{}
2026-02-27_164756,5496.721675,1120,521,move,0,,65,30,P1_TARGET,1,{}
2026-02-27_164756,5496.736705,1123,521,move,0,,65,30,P1_TARGET,1,{}
2026-02-27_164756,5496.738122,1125,521,down,1,left,66,30,P1_TARGET,1,{}
2026-02-27_164756,5496.752272,1125,521,move,1,,66,30,P1_TARGET,1,{}
2026-02-27_164756,5496.768085,1125,521,move,1,,66,30,P1_TARGET,1,{}
2026-02-27_164756,5496.783252,1126,521,move,1,,66,30,P1_TARGET,1,{}
2026-02-27_164756,5496.799327,1126,521,move,1,,66,30,P1_TARGET,1,{}
2026-02-27_164756,5496.815351,1126,521,move,1,,66,30,P1_TARGET,1,{}
2026-02-27_164756,5496.830592,1126,521,move,1,,66,30,P1_TARGET,1,{}
2026-02-27_164756,5496.84646,1126,521,move,1,,66,30,P1_TARGET,1,{}
2026-02-27_164756,5496.862057,1126,521,move,1,,66,30,P1_TARGET,1,{}
2026-02-27_164756,5496.873892,1126,521,target_end,1,,66,30,P1_TARGET,1,"{""outcome"": ""HIT""}"
2026-02-27_164756,5496.874065,1126,521,up,1,left,66,30,P1_TARGET,1,"{""hold_ms"": 135.614}"
2026-02-27_164756,5496.874101,1126,521,move,0,,66,,,,{}
2026-02-27_164756,5496.893049,1126,521,move,0,,66,,,,{}
2026-02-27_164756,5496.908567,1126,521,move,0,,66,,,,{}
2026-02-27_164756,5496.924135,1126,521,move,0,,66,,,,{}
2026-02-27_164756,5496.939839,1126,521,move,0,,66,,,,{}
2026-02-27_164756,5496.960286,1126,521,move,0,,66,,,,{}
2026-02-27_164756,5496.968939,1126,521,move,0,,66,,,,{}
2026-02-27_164756,5496.985797,1125,521,move,0,,66,,,,{}
2026-02-27_164756,5497.00102,1124,521,move,0,,66,,,,{}
2026-02-27_164756,5497.016608,1121,521,move,0,,66,,,,{}
2026-02-27_164756,5497.032003,1111,516,move,0,,66,,,,{}
2026-02-27_164756,5497.047467,1100,512,move,0,,66,,,,{}
2026-02-27_164756,5497.05555,1100,512,move,0,,66,,,,{}
2026-02-27_164756,5497.063608,1075,505,move,0,,66,,,,{}
2026-02-27_164756,5497.072117,1075,505,move,0,,66,,,,{}
2026-02-27_164756,5497.08855,1026,487,move,0,,66,,,,{}
2026-02-27_164756,5497.10493,946,461,move,0,,66,,,,{}
2026-02-27_164756,5497.122413,862,442,move,0,,66,,,,{}
2026-02-27_164756,5497.138556,791,427,move,0,,66,,,,{}
2026-02-27_164756,5497.155937,729,416,move,0,,66,,,,{}
2026-02-27_164756,5497.172034,704,414,move,0,,66,,,,{}
2026-02-27_164756,5497.187709,676,411,move,0,,66,,,,{}
2026-02-27_164756,5497.20319,675,411,move,0,,66,,,,{}
2026-02-27_164756,5497.219036,675,411,move,0,,66,,,,{}
2026-02-27_164756,5497.23374,675,411,move,0,,66,,,,{}
2026-02-27_164756,5497.248918,675,411,move,0,,66,,,,{}
2026-02-27_164756,5497.264214,675,411,move,0,,66,,,,{}
2026-02-27_164756,5497.279298,675,411,move,0,,66,,,,{}
2026-02-27_164756,5497.294829,675,411,move,0,,66,,,,{}
2026-02-27_164756,5497.310764,675,411,move,0,,66,,,,{}
2026-02-27_164756,5497.325937,675,411,move,0,,66,,,,{}
2026-02-27_164756,5497.341083,675,411,move,0,,66,,,,{}
2026-02-27_164756,5497.356743,675,411,move,0,,66,,,,{}
2026-02-27_164756,5497.372544,675,411,move,0,,66,,,,{}
2026-02-27_164756,5497.38822,675,411,move,0,,66,,,,{}
2026-02-27_164756,5497.404143,675,411,move,0,,66,,,,{}
2026-02-27_164756,5497.41951,686,418,move,0,,66,,,,{}
2026-02-27_164756,5497.4346,693,422,move,0,,66,,,,{}
2026-02-27_164756,5497.450157,700,425,move,0,,66,,,,{}
2026-02-27_164756,5497.465739,705,428,move,0,,66,,,,{}
2026-02-27_164756,5497.480964,708,429,move,0,,66,,,,{}
2026-02-27_164756,5497.489024,709,430,move,0,,66,,,,{}
2026-02-27_164756,5497.511205,709,430,move,0,,66,,,,{}
2026-02-27_164756,5497.527017,709,430,move,0,,66,,,,{}
2026-02-27_164756,5497.542153,709,430,move,0,,66,,,,{}
2026-02-27_164756,5497.557889,709,430,move,0,,66,,,,{}
2026-02-27_164756,5497.573646,709,430,move,0,,66,,,,{}
2026-02-27_164756,5497.589621,709,430,move,0,,66,,,,{}
2026-02-27_164756,5497.60453,709,430,move,0,,66,,,,{}
2026-02-27_164756,5497.619825,709,430,move,0,,66,,,,{}
2026-02-27_164756,5497.634969,709,430,move,0,,66,,,,{}
2026-02-27_164756,5497.650562,709,430,target_spawn,1,,67,31,P2_SWEEP,2,"{""label"": ""P2_SWEEP"", ""size"": 46}"
2026-02-27_164756,5497.650593,709,430,down,1,left,67,0,BASE,0,{}
2026-02-27_164756,5497.650641,709,430,move,1,,67,31,P2_SWEEP,2,{}
2026-02-27_164756,5497.666152,709,430,move,1,,67,31,P2_SWEEP,2,{}
2026-02-27_164756,5497.681862,709,430,move,1,,67,31,P2_SWEEP,2,{}
2026-02-27_164756,5497.697103,709,430,move,1,,67,31,P2_SWEEP,2,{}
2026-02-27_164756,5497.712551,709,430,move,1,,67,31,P2_SWEEP,2,{}
2026-02-27_164756,5497.727828,709,430,move,1,,67,31,P2_SWEEP,2,{}
2026-02-27_164756,5497.743023,709,430,up,1,left,67,,,,"{""hold_ms"": 92.676}"
2026-02-27_164756,5497.743072,709,430,move,0,,67,31,P2_SWEEP,2,{}
2026-02-27_164756,5497.759644,709,430,move,0,,67,31,P2_SWEEP,2,{}
2026-02-27_164756,5497.775024,709,430,move,0,,67,31,P2_SWEEP,2,{}
2026-02-27_164756,5497.790827,709,430,move,0,,67,31,P2_SWEEP,2,{}
2026-02-27_164756,5497.806157,709,430,move,0,,67,31,P2_SWEEP,2,{}
2026-02-27_164756,5497.822214,709,430,move,0,,67,31,P2_SWEEP,2,{}
2026-02-27_164756,5497.837481,709,430,move,0,,67,31,P2_SWEEP,2,{}
2026-02-27_164756,5497.853336,707,430,move,0,,67,31,P2_SWEEP,2,{}
2026-02-27_164756,5497.8693,706,429,move,0,,67,31,P2_SWEEP,2,{}
2026-02-27_164756,5497.884749,706,428,move,0,,67,31,P2_SWEEP,2,{}
2026-02-27_164756,5497.900351,706,427,move,0,,67,31,P2_SWEEP,2,{}
2026-02-27_164756,5497.915674,706,426,move,0,,67,31,P2_SWEEP,2,{}
2026-02-27_164756,5497.931352,706,426,move,0,,67,31,P2_SWEEP,2,{}
2026-02-27_164756,5497.939424,705,425,move,0,,67,31,P2_SWEEP,2,{}
2026-02-27_164756,5497.947591,705,425,move,0,,67,31,P2_SWEEP,2,{}
2026-02-27_164756,5497.957424,705,425,move,0,,67,31,P2_SWEEP,2,{}
2026-02-27_164756,5497.965491,693,424,move,0,,67,31,P2_SWEEP,2,{}
2026-02-27_164756,5497.978457,681,424,move,0,,67,31,P2_SWEEP,2,{}
2026-02-27_164756,5497.989383,681,424,move,0,,67,31,P2_SWEEP,2,{}
2026-02-27_164756,5498.006035,640,424,move,0,,67,31,P2_SWEEP,2,{}
2026-02-27_164756,5498.021951,526,425,move,0,,67,31,P2_SWEEP,2,{}
2026-02-27_164756,5498.03818,455,428,move,0,,67,31,P2_SWEEP,2,{}
2026-02-27_164756,5498.054747,330,431,move,0,,67,31,P2_SWEEP,2,{}
2026-02-27_164756,5498.071527,231,436,move,0,,67,31,P2_SWEEP,2,{}
2026-02-27_164756,5498.08652,152,436,move,0,,67,31,P2_SWEEP,2,{}
2026-02-27_164756,5498.102409,116,436,move,0,,67,31,P2_SWEEP,2,{}
2026-02-27_164756,5498.117611,114,436,move,0,,67,31,P2_SWEEP,2,{}
2026-02-27_164756,5498.133644,114,436,move,0,,67,31,P2_SWEEP,2,{}
2026-02-27_164756,5498.14962,114,436,move,0,,67,31,P2_SWEEP,2,{}
2026-02-27_164756,5498.164904,114,436,move,0,,67,31,P2_SWEEP,2,{}
2026-02-27_164756,5498.180718,113,436,move,0,,67,31,P2_SWEEP,2,{}
2026-02-27_164756,5498.188778,110,434,move,0,,67,31,P2_SWEEP,2,{}
2026-02-27_164756,5498.196854,110,434,move,0,,67,31,P2_SWEEP,2,{}
2026-02-27_164756,5498.206806,110,434,move,0,,67,31,P2_SWEEP,2,{}
2026-02-27_164756,5498.221844,107,432,move,0,,67,31,P2_SWEEP,2,{}
2026-02-27_164756,5498.237938,105,431,move,0,,67,31,P2_SWEEP,2,{}
2026-02-27_164756,5498.25585,104,429,move,0,,67,31,P2_SWEEP,2,{}
2026-02-27_164756,5498.27174,101,427,move,0,,67,31,P2_SWEEP,2,{}
2026-02-27_164756,5498.290571,100,427,move,0,,67,31,P2_SWEEP,2,{}
2026-02-27_164756,5498.305879,100,427,move,0,,67,31,P2_SWEEP,2,{}
2026-02-27_164756,5498.321886,100,427,move,0,,67,31,P2_SWEEP,2,{}
2026-02-27_164756,5498.338624,100,427,move,0,,67,31,P2_SWEEP,2,{}
2026-02-27_164756,5498.353568,99,427,move,0,,67,31,P2_SWEEP,2,{}
2026-02-27_164756,5498.368462,98,427,move,0,,67,31,P2_SWEEP,2,{}
2026-02-27_164756,5498.38385,93,427,move,0,,67,31,P2_SWEEP,2,{}
2026-02-27_164756,5498.398978,89,427,move,0,,67,31,P2_SWEEP,2,{}
2026-02-27_164756,5498.414771,84,427,move,0,,67,31,P2_SWEEP,2,{}
2026-02-27_164756,5498.419448,81,427,down,1,left,68,31,P2_SWEEP,2,{}
2026-02-27_164756,5498.430392,81,427,move,1,,68,31,P2_SWEEP,2,{}
2026-02-27_164756,5498.446365,81,427,move,1,,68,31,P2_SWEEP,2,{}
2026-02-27_164756,5498.461565,81,427,move,1,,68,31,P2_SWEEP,2,{}
2026-02-27_164756,5498.476822,81,427,move,1,,68,31,P2_SWEEP,2,{}
2026-02-27_164756,5498.492628,81,427,move,1,,68,31,P2_SWEEP,2,{}
2026-02-27_164756,5498.508345,81,427,move,1,,68,31,P2_SWEEP,2,{}
2026-02-27_164756,5498.515847,80,427,target_end,1,,68,31,P2_SWEEP,2,"{""outcome"": ""HIT""}"
2026-02-27_164756,5498.516017,80,427,up,1,left,68,31,P2_SWEEP,2,"{""hold_ms"": 96.243}"
2026-02-27_164756,5498.516406,80,427,move,0,,68,,,,{}
2026-02-27_164756,5498.524472,80,427,move,0,,68,,,,{}
2026-02-27_164756,5498.53759,80,427,move,0,,68,,,,{}
2026-02-27_164756,5498.554802,79,427,move,0,,68,,,,{}
2026-02-27_164756,5498.570144,79,427,move,0,,68,,,,{}
2026-02-27_164756,5498.585934,79,427,move,0,,68,,,,{}
2026-02-27_164756,5498.601465,80,427,move,0,,68,,,,{}
2026-02-27_164756,5498.617498,83,428,move,0,,68,,,,{}
2026-02-27_164756,5498.633,103,431,move,0,,68,,,,{}
2026-02-27_164756,5498.648617,144,435,move,0,,68,,,,{}
2026-02-27_164756,5498.664319,185,436,move,0,,68,,,,{}
2026-02-27_164756,5498.672386,241,439,move,0,,68,,,,{}
2026-02-27_164756,5498.680436,241,439,move,0,,68,,,,{}
2026-02-27_164756,5498.688524,241,439,move,0,,68,,,,{}
2026-02-27_164756,5498.696573,360,439,move,0,,68,,,,{}
2026-02-27_164756,5498.704616,490,442,move,0,,68,,,,{}
2026-02-27_164756,5498.713687,490,442,move,0,,68,,,,{}
2026-02-27_164756,5498.721775,490,442,move,0,,68,,,,{}
2026-02-27_164756,5498.739043,545,442,move,0,,68,,,,{}
2026-02-27_164756,5498.754397,601,444,move,0,,68,,,,{}
2026-02-27_164756,5498.771037,653,444,move,0,,68,,,,{}
2026-02-27_164756,5498.787751,680,446,move,0,,68,,,,{}
2026-02-27_164756,5498.804204,699,446,move,0,,68,,,,{}
2026-02-27_164756,5498.821567,713,446,move,0,,68,,,,{}
2026-02-27_164756,5498.836564,722,445,move,0,,68,,,,{}
2026-02-27_164756,5498.851693,727,445,move,0,,68,,,,{}
2026-02-27_164756,5498.867314,734,444,move,0,,68,,,,{}
2026-02-27_164756,5498.883082,740,444,move,0,,68,,,,{}
2026-02-27_164756,5498.898479,744,444,move,0,,68,,,,{}
2026-02-27_164756,5498.913912,754,444,move,0,,68,,,,{}
2026-02-27_164756,5498.921995,758,444,move,0,,68,,,,{}
2026-02-27_164756,5498.930053,758,444,move,0,,68,,,,{}
2026-02-27_164756,5498.938096,764,444,move,0,,68,,,,{}
2026-02-27_164756,5498.954336,764,444,move,0,,68,,,,{}
2026-02-27_164756,5498.963159,768,444,move,0,,68,,,,{}
2026-02-27_164756,5498.971454,768,444,move,0,,68,,,,{}
2026-02-27_164756,5498.992316,775,444,move,0,,68,,,,{}
2026-02-27_164756,5499.00819,775,444,move,0,,68,,,,{}
2026-02-27_164756,5499.024014,775,444,move,0,,68,,,,{}
2026-02-27_164756,5499.039894,775,444,move,0,,68,,,,{}
2026-02-27_164756,5499.055323,775,444,move,0,,68,,,,{}
2026-02-27_164756,5499.070672,775,443,move,0,,68,,,,{}
2026-02-27_164756,5499.086529,772,443,move,0,,68,,,,{}
2026-02-27_164756,5499.101916,761,442,move,0,,68,,,,{}
2026-02-27_164756,5499.117277,757,442,move,0,,68,,,,{}
2026-02-27_164756,5499.132799,747,441,move,0,,68,,,,{}
2026-02-27_164756,5499.14869,731,439,move,0,,68,,,,{}
2026-02-27_164756,5499.163876,722,438,move,0,,68,,,,{}
2026-02-27_164756,5499.17197,716,437,move,0,,68,,,,{}
2026-02-27_164756,5499.18002,716,437,move,0,,68,,,,{}
2026-02-27_164756,5499.188549,716,437,move,0,,68,,,,{}
2026-02-27_164756,5499.197953,711,436,target_spawn,1,,69,32,P2_SWEEP,2,"{""label"": ""P2_SWEEP"", ""size"": 46}"
2026-02-27_164756,5499.197974,711,436,down,1,left,69,0,BASE,0,{}
2026-02-27_164756,5499.198009,711,436,move,1,,69,32,P2_SWEEP,2,{}
2026-02-27_164756,5499.210409,711,436,move,1,,69,32,P2_SWEEP,2,{}
2026-02-27_164756,5499.226875,711,436,move,1,,69,32,P2_SWEEP,2,{}
2026-02-27_164756,5499.242353,711,436,move,1,,69,32,P2_SWEEP,2,{}
2026-02-27_164756,5499.258013,711,436,move,1,,69,32,P2_SWEEP,2,{}
2026-02-27_164756,5499.273343,711,436,move,1,,69,32,P2_SWEEP,2,{}
2026-02-27_164756,5499.288956,711,436,move,1,,69,32,P2_SWEEP,2,{}
2026-02-27_164756,5499.304222,711,436,move,1,,69,32,P2_SWEEP,2,{}
2026-02-27_164756,5499.319956,711,436,move,1,,69,32,P2_SWEEP,2,{}
2026-02-27_164756,5499.325867,711,436,up,1,left,69,,,,"{""hold_ms"": 128.062}"
2026-02-27_164756,5499.329895,711,436,move,0,,69,32,P2_SWEEP,2,{}
2026-02-27_164756,5499.338252,711,436,move,0,,69,32,P2_SWEEP,2,{}
2026-02-27_164756,5499.350934,711,436,move,0,,69,32,P2_SWEEP,2,{}
2026-02-27_164756,5499.366346,711,436,move,0,,69,32,P2_SWEEP,2,{}
2026-02-27_164756,5499.381257,713,436,move,0,,69,32,P2_SWEEP,2,{}
2026-02-27_164756,5499.389341,720,436,move,0,,69,32,P2_SWEEP,2,{}
2026-02-27_164756,5499.406045,720,436,move,0,,69,32,P2_SWEEP,2,{}
2026-02-27_164756,5499.421481,728,436,move,0,,69,32,P2_SWEEP,2,{}
2026-02-27_164756,5499.437528,741,436,move,0,,69,32,P2_SWEEP,2,{}
2026-02-27_164756,5499.454162,752,436,move,0,,69,32,P2_SWEEP,2,{}
2026-02-27_164756,5499.471458,759,434,move,0,,69,32,P2_SWEEP,2,{}
2026-02-27_164756,5499.487113,777,434,move,0,,69,32,P2_SWEEP,2,{}
2026-02-27_164756,5499.504095,789,434,move,0,,69,32,P2_SWEEP,2,{}
2026-02-27_164756,5499.520508,825,434,move,0,,69,32,P2_SWEEP,2,{}
2026-02-27_164756,5499.536606,893,439,move,0,,69,32,P2_SWEEP,2,{}
2026-02-27_164756,5499.551769,929,439,move,0,,69,32,P2_SWEEP,2,{}
2026-02-27_164756,5499.567724,981,441,move,0,,69,32,P2_SWEEP,2,{}
2026-02-27_164756,5499.582559,1036,441,move,0,,69,32,P2_SWEEP,2,{}
2026-02-27_164756,5499.598621,1081,441,move,0,,69,32,P2_SWEEP,2,{}
2026-02-27_164756,5499.614288,1130,440,move,0,,69,32,P2_SWEEP,2,{}
2026-02-27_164756,5499.622384,1160,438,move,0,,69,32,P2_SWEEP,2,{}
2026-02-27_164756,5499.630445,1160,438,move,0,,69,32,P2_SWEEP,2,{}
2026-02-27_164756,5499.64574,1188,433,move,0,,69,32,P2_SWEEP,2,{}
2026-02-27_164756,5499.653874,1208,428,move,0,,69,32,P2_SWEEP,2,{}
2026-02-27_164756,5499.661943,1208,428,move,0,,69,32,P2_SWEEP,2,{}
2026-02-27_164756,5499.670846,1208,428,move,0,,69,32,P2_SWEEP,2,{}
2026-02-27_164756,5499.687491,1218,427,move,0,,69,32,P2_SWEEP,2,{}
2026-02-27_164756,5499.704331,1228,426,move,0,,69,32,P2_SWEEP,2,{}
2026-02-27_164756,5499.722193,1231,425,move,0,,69,32,P2_SWEEP,2,{}
2026-02-27_164756,5499.737291,1233,424,move,0,,69,32,P2_SWEEP,2,{}
2026-02-27_164756,5499.753959,1235,424,move,0,,69,32,P2_SWEEP,2,{}
2026-02-27_164756,5499.77022,1237,423,move,0,,69,32,P2_SWEEP,2,{}
2026-02-27_164756,5499.785415,1240,422,move,0,,69,32,P2_SWEEP,2,{}
2026-02-27_164756,5499.801088,1249,420,move,0,,69,32,P2_SWEEP,2,{}
2026-02-27_164756,5499.817072,1255,419,move,0,,69,32,P2_SWEEP,2,{}
2026-02-27_164756,5499.83349,1257,419,move,0,,69,32,P2_SWEEP,2,{}
2026-02-27_164756,5499.848205,1260,419,move,0,,69,32,P2_SWEEP,2,{}
2026-02-27_164756,5499.863794,1263,419,move,0,,69,32,P2_SWEEP,2,{}
2026-02-27_164756,5499.871884,1267,419,move,0,,69,32,P2_SWEEP,2,{}
2026-02-27_164756,5499.879944,1267,419,move,0,,69,32,P2_SWEEP,2,{}
2026-02-27_164756,5499.887993,1284,419,move,0,,69,32,P2_SWEEP,2,{}
2026-02-27_164756,5499.90371,1284,419,move,0,,69,32,P2_SWEEP,2,{}
2026-02-27_164756,5499.920322,1305,419,move,0,,69,32,P2_SWEEP,2,{}
2026-02-27_164756,5499.936811,1317,419,move,0,,69,32,P2_SWEEP,2,{}
2026-02-27_164756,5499.953746,1326,419,move,0,,69,32,P2_SWEEP,2,{}
2026-02-27_164756,5499.970335,1340,419,move,0,,69,32,P2_SWEEP,2,{}
2026-02-27_164756,5499.987225,1348,419,move,0,,69,32,P2_SWEEP,2,{}
2026-02-27_164756,5500.003924,1351,419,move,0,,69,32,P2_SWEEP,2,{}
2026-02-27_164756,5500.020064,1352,419,move,0,,69,32,P2_SWEEP,2,{}
2026-02-27_164756,5500.036048,1352,419,move,0,,69,32,P2_SWEEP,2,{}
2026-02-27_164756,5500.038381,1352,419,down,1,left,70,32,P2_SWEEP,2,{}
2026-02-27_164756,5500.051972,1352,419,move,1,,70,32,P2_SWEEP,2,{}
2026-02-27_164756,5500.067097,1352,419,move,1,,70,32,P2_SWEEP,2,{}
2026-02-27_164756,5500.083442,1353,419,move,1,,70,32,P2_SWEEP,2,{}
2026-02-27_164756,5500.098706,1353,419,move,1,,70,32,P2_SWEEP,2,{}
2026-02-27_164756,5500.113942,1353,419,move,1,,70,32,P2_SWEEP,2,{}
2026-02-27_164756,5500.130021,1353,419,move,1,,70,32,P2_SWEEP,2,{}
2026-02-27_164756,5500.145088,1353,419,move,1,,70,32,P2_SWEEP,2,{}
2026-02-27_164756,5500.161115,1353,419,move,1,,70,32,P2_SWEEP,2,{}
2026-02-27_164756,5500.166491,1353,419,target_end,1,,70,32,P2_SWEEP,2,"{""outcome"": ""HIT""}"
2026-02-27_164756,5500.166656,1353,419,up,1,left,70,32,P2_SWEEP,2,"{""hold_ms"": 127.951}"
2026-02-27_164756,5500.170204,1353,419,move,0,,70,,,,{}
2026-02-27_164756,5500.190987,1353,419,move,0,,70,,,,{}
2026-02-27_164756,5500.206077,1353,419,move,0,,70,,,,{}
2026-02-27_164756,5500.22179,1353,419,move,0,,70,,,,{}
2026-02-27_164756,5500.237345,1351,419,move,0,,70,,,,{}
2026-02-27_164756,5500.253547,1347,419,move,0,,70,,,,{}
2026-02-27_164756,5500.269073,1316,421,move,0,,70,,,,{}
2026-02-27_164756,5500.284987,1248,421,move,0,,70,,,,{}
2026-02-27_164756,5500.301055,1132,421,move,0,,70,,,,{}
2026-02-27_164756,5500.316468,1062,423,move,0,,70,,,,{}
2026-02-27_164756,5500.331629,909,426,move,0,,70,,,,{}
2026-02-27_164756,5500.34756,723,430,move,0,,70,,,,{}
2026-02-27_164756,5500.363075,684,430,move,0,,70,,,,{}
2026-02-27_164756,5500.371467,684,430,move,0,,70,,,,{}
2026-02-27_164756,5500.379545,634,430,move,0,,70,,,,{}
2026-02-27_164756,5500.387956,634,430,move,0,,70,,,,{}
2026-02-27_164756,5500.403956,605,430,move,0,,70,,,,{}
2026-02-27_164756,5500.420063,593,430,move,0,,70,,,,{}
2026-02-27_164756,5500.439953,592,430,move,0,,70,,,,{}
2026-02-27_164756,5500.455973,592,430,move,0,,70,,,,{}
2026-02-27_164756,5500.472145,592,430,move,0,,70,,,,{}
2026-02-27_164756,5500.48807,592,430,move,0,,70,,,,{}
2026-02-27_164756,5500.503224,592,430,move,0,,70,,,,{}
2026-02-27_164756,5500.519166,592,430,move,0,,70,,,,{}
2026-02-27_164756,5500.535204,592,430,move,0,,70,,,,{}
2026-02-27_164756,5500.550578,592,430,move,0,,70,,,,{}
2026-02-27_164756,5500.566285,592,430,move,0,,70,,,,{}
2026-02-27_164756,5500.581559,592,430,move,0,,70,,,,{}
2026-02-27_164756,5500.596505,592,430,move,0,,70,,,,{}
2026-02-27_164756,5500.612126,592,430,move,0,,70,,,,{}
2026-02-27_164756,5500.627665,592,430,move,0,,70,,,,{}
2026-02-27_164756,5500.638563,592,430,move,0,,70,,,,{}
2026-02-27_164756,5500.653872,602,430,move,0,,70,,,,{}
2026-02-27_164756,5500.670375,619,430,move,0,,70,,,,{}
2026-02-27_164756,5500.687525,649,432,move,0,,70,,,,{}
2026-02-27_164756,5500.705603,669,433,move,0,,70,,,,{}
2026-02-27_164756,5500.720639,721,439,move,0,,70,,,,{}
2026-02-27_164756,5500.735904,742,440,move,0,,70,,,,{}
2026-02-27_164756,5500.751129,749,440,move,0,,70,,,,{}
2026-02-27_164756,5500.766262,751,440,move,0,,70,,,,{}
2026-02-27_164756,5500.782232,751,440,move,0,,70,,,,{}
2026-02-27_164756,5500.797971,751,440,move,0,,70,,,,{}
2026-02-27_164756,5500.81385,751,440,move,0,,70,,,,{}
2026-02-27_164756,5500.829373,751,440,move,0,,70,,,,{}
2026-02-27_164756,5500.845051,751,440,move,0,,70,,,,{}
2026-02-27_164756,5500.860787,751,440,move,0,,70,,,,{}
2026-02-27_164756,5500.876898,751,440,move,0,,70,,,,{}
2026-02-27_164756,5500.886381,751,440,down,1,left,71,,,,{}
2026-02-27_164756,5500.886397,751,440,misclick,1,,71,,,,{}
2026-02-27_164756,5500.886424,751,440,move,1,,71,,,,{}
2026-02-27_164756,5500.907973,751,440,move,1,,71,,,,{}
2026-02-27_164756,5500.922522,751,440,move,1,,71,,,,{}
2026-02-27_164756,5500.938236,751,439,move,1,,71,,,,{}
2026-02-27_164756,5500.94088,748,438,up,1,left,71,,,,"{""hold_ms"": 54.499}"
2026-02-27_164756,5500.948048,748,438,move,0,,71,,,,{}
2026-02-27_164756,5500.956194,745,438,move,0,,71,,,,{}
2026-02-27_164756,5500.970087,745,438,move,0,,71,,,,{}
2026-02-27_164756,5500.985781,740,436,move,0,,71,,,,{}
2026-02-27_164756,5501.00122,734,435,move,0,,71,,,,{}
2026-02-27_164756,5501.017305,730,434,move,0,,71,,,,{}
2026-02-27_164756,5501.033367,727,433,move,0,,71,,,,{}
2026-02-27_164756,5501.048883,726,433,move,0,,71,,,,{}
2026-02-27_164756,5501.064319,725,433,move,0,,71,,,,{}
2026-02-27_164756,5501.080278,724,433,move,0,,71,,,,{}
2026-02-27_164756,5501.095647,724,433,target_spawn,1,,72,33,P2_SWEEP,2,"{""label"": ""P2_SWEEP"", ""size"": 46}"
2026-02-27_164756,5501.095676,724,433,down,1,left,72,0,BASE,0,{}
2026-02-27_164756,5501.095712,724,433,move,1,,72,33,P2_SWEEP,2,{}
2026-02-27_164756,5501.110185,724,433,move,1,,72,33,P2_SWEEP,2,{}
2026-02-27_164756,5501.125235,724,433,move,1,,72,33,P2_SWEEP,2,{}
2026-02-27_164756,5501.140991,724,433,move,1,,72,33,P2_SWEEP,2,{}
2026-02-27_164756,5501.15728,724,433,move,1,,72,33,P2_SWEEP,2,{}
2026-02-27_164756,5501.172974,724,433,move,1,,72,33,P2_SWEEP,2,{}
2026-02-27_164756,5501.185522,724,433,up,1,left,72,,,,"{""hold_ms"": 90.01}"
2026-02-27_164756,5501.185567,724,433,move,0,,72,33,P2_SWEEP,2,{}
2026-02-27_164756,5501.203916,724,433,move,0,,72,33,P2_SWEEP,2,{}
2026-02-27_164756,5501.21912,724,433,move,0,,72,33,P2_SWEEP,2,{}
2026-02-27_164756,5501.234401,724,433,move,0,,72,33,P2_SWEEP,2,{}
2026-02-27_164756,5501.250469,724,433,move,0,,72,33,P2_SWEEP,2,{}
2026-02-27_164756,5501.265909,724,433,move,0,,72,33,P2_SWEEP,2,{}
2026-02-27_164756,5501.282019,724,433,move,0,,72,33,P2_SWEEP,2,{}
2026-02-27_164756,5501.297648,724,433,move,0,,72,33,P2_SWEEP,2,{}
2026-02-27_164756,5501.313424,724,433,move,0,,72,33,P2_SWEEP,2,{}
2026-02-27_164756,5501.328944,724,433,move,0,,72,33,P2_SWEEP,2,{}
2026-02-27_164756,5501.345078,724,433,move,0,,72,33,P2_SWEEP,2,{}
2026-02-27_164756,5501.360784,724,433,move,0,,72,33,P2_SWEEP,2,{}
2026-02-27_164756,5501.376649,724,433,move,0,,72,33,P2_SWEEP,2,{}
2026-02-27_164756,5501.387158,724,433,move,0,,72,33,P2_SWEEP,2,{}
2026-02-27_164756,5501.404073,723,431,move,0,,72,33,P2_SWEEP,2,{}
2026-02-27_164756,5501.420223,717,421,move,0,,72,33,P2_SWEEP,2,{}
2026-02-27_164756,5501.436496,712,410,move,0,,72,33,P2_SWEEP,2,{}
2026-02-27_164756,5501.45364,712,392,move,0,,72,33,P2_SWEEP,2,{}
2026-02-27_164756,5501.470774,712,363,move,0,,72,33,P2_SWEEP,2,{}
2026-02-27_164756,5501.485212,712,319,move,0,,72,33,P2_SWEEP,2,{}
2026-02-27_164756,5501.500372,713,302,move,0,,72,33,P2_SWEEP,2,{}
2026-02-27_164756,5501.515711,718,279,move,0,,72,33,P2_SWEEP,2,{}
2026-02-27_164756,5501.530783,724,266,move,0,,72,33,P2_SWEEP,2,{}
2026-02-27_164756,5501.539583,724,266,move,0,,72,33,P2_SWEEP,2,{}
2026-02-27_164756,5501.554369,731,253,move,0,,72,33,P2_SWEEP,2,{}
2026-02-27_164756,5501.562442,733,245,move,0,,72,33,P2_SWEEP,2,{}
2026-02-27_164756,5501.571878,733,245,move,0,,72,33,P2_SWEEP,2,{}
2026-02-27_164756,5501.579945,733,239,move,0,,72,33,P2_SWEEP,2,{}
2026-02-27_164756,5501.588006,734,233,move,0,,72,33,P2_SWEEP,2,{}
2026-02-27_164756,5501.603974,734,233,move,0,,72,33,P2_SWEEP,2,{}
2026-02-27_164756,5501.619703,735,230,move,0,,72,33,P2_SWEEP,2,{}
2026-02-27_164756,5501.637799,735,225,move,0,,72,33,P2_SWEEP,2,{}
2026-02-27_164756,5501.653198,735,222,move,0,,72,33,P2_SWEEP,2,{}
2026-02-27_164756,5501.669651,735,220,move,0,,72,33,P2_SWEEP,2,{}
2026-02-27_164756,5501.685742,734,216,move,0,,72,33,P2_SWEEP,2,{}
2026-02-27_164756,5501.701342,731,209,move,0,,72,33,P2_SWEEP,2,{}
2026-02-27_164756,5501.716931,728,205,move,0,,72,33,P2_SWEEP,2,{}
2026-02-27_164756,5501.732756,727,202,move,0,,72,33,P2_SWEEP,2,{}
2026-02-27_164756,5501.74825,725,198,move,0,,72,33,P2_SWEEP,2,{}
2026-02-27_164756,5501.764166,722,197,move,0,,72,33,P2_SWEEP,2,{}
2026-02-27_164756,5501.780029,720,195,move,0,,72,33,P2_SWEEP,2,{}
2026-02-27_164756,5501.795712,718,193,move,0,,72,33,P2_SWEEP,2,{}
2026-02-27_164756,5501.810801,718,193,move,0,,72,33,P2_SWEEP,2,{}
2026-02-27_164756,5501.825879,715,188,move,0,,72,33,P2_SWEEP,2,{}
2026-02-27_164756,5501.836781,715,188,move,0,,72,33,P2_SWEEP,2,{}
2026-02-27_164756,5501.852979,714,185,move,0,,72,33,P2_SWEEP,2,{}
2026-02-27_164756,5501.872266,713,184,move,0,,72,33,P2_SWEEP,2,{}
2026-02-27_164756,5501.875135,713,184,down,1,left,73,33,P2_SWEEP,2,{}
2026-02-27_164756,5501.887841,713,184,move,1,,73,33,P2_SWEEP,2,{}
2026-02-27_164756,5501.90386,713,184,move,1,,73,33,P2_SWEEP,2,{}
2026-02-27_164756,5501.919491,713,184,move,1,,73,33,P2_SWEEP,2,{}
2026-02-27_164756,5501.935008,713,184,move,1,,73,33,P2_SWEEP,2,{}
2026-02-27_164756,5501.950816,713,184,move,1,,73,33,P2_SWEEP,2,{}
2026-02-27_164756,5501.966815,713,184,move,1,,73,33,P2_SWEEP,2,{}
2026-02-27_164756,5501.98159,713,184,move,1,,73,33,P2_SWEEP,2,{}
2026-02-27_164756,5501.989975,713,184,target_end,1,,73,33,P2_SWEEP,2,"{""outcome"": ""HIT""}"
2026-02-27_164756,5501.990141,713,184,up,1,left,73,33,P2_SWEEP,2,"{""hold_ms"": 114.679}"
2026-02-27_164756,5501.990179,713,184,move,0,,73,,,,{}
2026-02-27_164756,5501.998217,713,184,move,0,,73,,,,{}
2026-02-27_164756,5502.012889,713,184,move,0,,73,,,,{}
2026-02-27_164756,5502.028237,713,184,move,0,,73,,,,{}
2026-02-27_164756,5502.043879,713,184,move,0,,73,,,,{}
2026-02-27_164756,5502.05429,713,184,move,0,,73,,,,{}
2026-02-27_164756,5502.069807,713,185,move,0,,73,,,,{}
2026-02-27_164756,5502.078059,717,199,move,0,,73,,,,{}
2026-02-27_164756,5502.086189,717,199,move,0,,73,,,,{}
2026-02-27_164756,5502.103022,720,220,move,0,,73,,,,{}
2026-02-27_164756,5502.119701,722,250,move,0,,73,,,,{}
2026-02-27_164756,5502.136936,723,276,move,0,,73,,,,{}
2026-02-27_164756,5502.152954,723,325,move,0,,73,,,,{}
2026-02-27_164756,5502.169675,718,383,move,0,,73,,,,{}
2026-02-27_164756,5502.185764,715,418,move,0,,73,,,,{}
2026-02-27_164756,5502.201616,715,449,move,0,,73,,,,{}
2026-02-27_164756,5502.216931,714,460,move,0,,73,,,,{}
2026-02-27_164756,5502.23235,713,465,move,0,,73,,,,{}
2026-02-27_164756,5502.248228,712,465,move,0,,73,,,,{}
2026-02-27_164756,5502.264174,711,466,move,0,,73,,,,{}
2026-02-27_164756,5502.279043,709,466,move,0,,73,,,,{}
2026-02-27_164756,5502.287433,709,466,move,0,,73,,,,{}
2026-02-27_164756,5502.29549,707,467,move,0,,73,,,,{}
2026-02-27_164756,5502.309874,707,467,move,0,,73,,,,{}
2026-02-27_164756,5502.325859,707,467,move,0,,73,,,,{}
2026-02-27_164756,5502.336857,707,467,move,0,,73,,,,{}
2026-02-27_164756,5502.357218,706,467,move,0,,73,,,,{}
2026-02-27_164756,5502.373072,706,467,move,0,,73,,,,{}
2026-02-27_164756,5502.37894,706,467,down,1,left,74,,,,{}
2026-02-27_164756,5502.378956,706,467,misclick,1,,74,,,,{}
2026-02-27_164756,5502.38816,706,467,move,1,,74,,,,{}
2026-02-27_164756,5502.404021,706,467,move,1,,74,,,,{}
2026-02-27_164756,5502.419777,706,467,move,1,,74,,,,{}
2026-02-27_164756,5502.435287,706,467,move,1,,74,,,,{}
2026-02-27_164756,5502.442793,706,466,up,1,left,74,,,,"{""hold_ms"": 63.852}"
2026-02-27_164756,5502.443352,706,466,move,0,,74,,,,{}
2026-02-27_164756,5502.451404,706,466,move,0,,74,,,,{}
2026-02-27_164756,5502.466467,705,463,move,0,,74,,,,{}
2026-02-27_164756,5502.481625,705,461,move,0,,74,,,,{}
2026-02-27_164756,5502.497056,705,461,move,0,,74,,,,{}
2026-02-27_164756,5502.512447,705,460,move,0,,74,,,,{}
2026-02-27_164756,5502.52789,705,460,move,0,,74,,,,{}
2026-02-27_164756,5502.543887,705,460,move,0,,74,,,,{}
2026-02-27_164756,5502.559097,705,460,move,0,,74,,,,{}
2026-02-27_164756,5502.571631,705,460,move,0,,74,,,,{}
2026-02-27_164756,5502.586881,705,459,move,0,,74,,,,{}
2026-02-27_164756,5502.603716,705,457,move,0,,74,,,,{}
2026-02-27_164756,5502.619742,704,451,move,0,,74,,,,{}
2026-02-27_164756,5502.636128,704,450,move,0,,74,,,,{}
2026-02-27_164756,5502.652435,704,448,move,0,,74,,,,{}
2026-02-27_164756,5502.663798,704,446,target_spawn,1,,75,34,P2_SWEEP,2,"{""label"": ""P2_SWEEP"", ""size"": 46}"
2026-02-27_164756,5502.663822,704,446,down,1,left,75,0,BASE,0,{}
2026-02-27_164756,5502.663859,704,446,move,1,,75,34,P2_SWEEP,2,{}
2026-02-27_164756,5502.683752,704,446,move,1,,75,34,P2_SWEEP,2,{}
2026-02-27_164756,5502.698983,704,446,move,1,,75,34,P2_SWEEP,2,{}
2026-02-27_164756,5502.71468,704,446,move,1,,75,34,P2_SWEEP,2,{}
2026-02-27_164756,5502.729966,704,446,move,1,,75,34,P2_SWEEP,2,{}
2026-02-27_164756,5502.745296,704,446,move,1,,75,34,P2_SWEEP,2,{}
2026-02-27_164756,5502.753594,704,446,up,1,left,75,,,,"{""hold_ms"": 89.941}"
2026-02-27_164756,5502.753638,704,446,move,0,,75,34,P2_SWEEP,2,{}
2026-02-27_164756,5502.761684,704,446,move,0,,75,34,P2_SWEEP,2,{}
2026-02-27_164756,5502.776045,704,446,move,0,,75,34,P2_SWEEP,2,{}
2026-02-27_164756,5502.792135,704,446,move,0,,75,34,P2_SWEEP,2,{}
2026-02-27_164756,5502.807831,704,446,move,0,,75,34,P2_SWEEP,2,{}
2026-02-27_164756,5502.823871,704,446,move,0,,75,34,P2_SWEEP,2,{}
2026-02-27_164756,5502.839925,704,446,move,0,,75,34,P2_SWEEP,2,{}
2026-02-27_164756,5502.855251,704,446,move,0,,75,34,P2_SWEEP,2,{}
2026-02-27_164756,5502.871526,704,446,move,0,,75,34,P2_SWEEP,2,{}
2026-02-27_164756,5502.887,704,444,move,0,,75,34,P2_SWEEP,2,{}
2026-02-27_164756,5502.902289,704,442,move,0,,75,34,P2_SWEEP,2,{}
2026-02-27_164756,5502.91758,704,442,move,0,,75,34,P2_SWEEP,2,{}
2026-02-27_164756,5502.933188,704,442,move,0,,75,34,P2_SWEEP,2,{}
2026-02-27_164756,5502.948686,704,442,move,0,,75,34,P2_SWEEP,2,{}
2026-02-27_164756,5502.964625,705,442,move,0,,75,34,P2_SWEEP,2,{}
2026-02-27_164756,5502.979722,710,452,move,0,,75,34,P2_SWEEP,2,{}
2026-02-27_164756,5502.98779,713,469,move,0,,75,34,P2_SWEEP,2,{}
2026-02-27_164756,5502.995843,713,469,move,0,,75,34,P2_SWEEP,2,{}
2026-02-27_164756,5503.003896,713,496,move,0,,75,34,P2_SWEEP,2,{}
2026-02-27_164756,5503.021614,713,496,move,0,,75,34,P2_SWEEP,2,{}
2026-02-27_164756,5503.0372,713,514,move,0,,75,34,P2_SWEEP,2,{}
2026-02-27_164756,5503.053708,710,567,move,0,,75,34,P2_SWEEP,2,{}
2026-02-27_164756,5503.07216,708,599,move,0,,75,34,P2_SWEEP,2,{}
2026-02-27_164756,5503.087937,707,613,move,0,,75,34,P2_SWEEP,2,{}
2026-02-27_164756,5503.103961,707,625,move,0,,75,34,P2_SWEEP,2,{}
2026-02-27_164756,5503.119972,706,631,move,0,,75,34,P2_SWEEP,2,{}
2026-02-27_164756,5503.135125,706,635,move,0,,75,34,P2_SWEEP,2,{}
2026-02-27_164756,5503.150924,706,637,move,0,,75,34,P2_SWEEP,2,{}
2026-02-27_164756,5503.166853,706,638,move,0,,75,34,P2_SWEEP,2,{}
2026-02-27_164756,5503.182815,706,638,move,0,,75,34,P2_SWEEP,2,{}
2026-02-27_164756,5503.198653,706,638,move,0,,75,34,P2_SWEEP,2,{}
2026-02-27_164756,5503.214761,706,638,move,0,,75,34,P2_SWEEP,2,{}
2026-02-27_164756,5503.230456,706,638,move,0,,75,34,P2_SWEEP,2,{}
2026-02-27_164756,5503.246003,706,640,move,0,,75,34,P2_SWEEP,2,{}
2026-02-27_164756,5503.254659,706,640,move,0,,75,34,P2_SWEEP,2,{}
2026-02-27_164756,5503.271279,706,643,move,0,,75,34,P2_SWEEP,2,{}
2026-02-27_164756,5503.286568,706,645,move,0,,75,34,P2_SWEEP,2,{}
2026-02-27_164756,5503.304502,706,647,move,0,,75,34,P2_SWEEP,2,{}
2026-02-27_164756,5503.321128,706,650,move,0,,75,34,P2_SWEEP,2,{}
2026-02-27_164756,5503.336632,706,652,move,0,,75,34,P2_SWEEP,2,{}
2026-02-27_164756,5503.352807,707,655,move,0,,75,34,P2_SWEEP,2,{}
2026-02-27_164756,5503.369669,707,661,move,0,,75,34,P2_SWEEP,2,{}
2026-02-27_164756,5503.386345,708,663,move,0,,75,34,P2_SWEEP,2,{}
2026-02-27_164756,5503.402184,708,665,move,0,,75,34,P2_SWEEP,2,{}
2026-02-27_164756,5503.417858,709,667,move,0,,75,34,P2_SWEEP,2,{}
2026-02-27_164756,5503.43313,709,669,move,0,,75,34,P2_SWEEP,2,{}
2026-02-27_164756,5503.43678,710,669,down,1,left,76,34,P2_SWEEP,2,{}
2026-02-27_164756,5503.448935,710,669,move,1,,76,34,P2_SWEEP,2,{}
2026-02-27_164756,5503.464037,710,670,move,1,,76,34,P2_SWEEP,2,{}
2026-02-27_164756,5503.48008,710,670,move,1,,76,34,P2_SWEEP,2,{}
2026-02-27_164756,5503.495404,710,670,move,1,,76,34,P2_SWEEP,2,{}
2026-02-27_164756,5503.511499,710,670,move,1,,76,34,P2_SWEEP,2,{}
2026-02-27_164756,5503.518333,710,670,target_end,1,,76,34,P2_SWEEP,2,"{""outcome"": ""HIT""}"
2026-02-27_164756,5503.518501,710,670,up,1,left,76,34,P2_SWEEP,2,"{""hold_ms"": 81.398}"
2026-02-27_164756,5503.519563,710,670,move,0,,76,,,,{}
2026-02-27_164756,5503.527618,710,670,move,0,,76,,,,{}
2026-02-27_164756,5503.542812,710,670,move,0,,76,,,,{}
2026-02-27_164756,5503.558889,710,670,move,0,,76,,,,{}
2026-02-27_164756,5503.566979,710,670,move,0,,76,,,,{}
2026-02-27_164756,5503.575267,710,670,move,0,,76,,,,{}
2026-02-27_164756,5503.589724,710,670,move,0,,76,,,,{}
2026-02-27_164756,5503.605254,710,670,move,0,,76,,,,{}
2026-02-27_164756,5503.620427,710,670,move,0,,76,,,,{}
2026-02-27_164756,5503.636171,710,670,move,0,,76,,,,{}
2026-02-27_164756,5503.651414,710,670,move,0,,76,,,,{}
2026-02-27_164756,5503.666801,710,670,move,0,,76,,,,{}
2026-02-27_164756,5503.682236,709,670,move,0,,76,,,,{}
2026-02-27_164756,5503.697611,707,669,move,0,,76,,,,{}
2026-02-27_164756,5503.712852,704,666,move,0,,76,,,,{}
2026-02-27_164756,5503.720925,700,662,move,0,,76,,,,{}
2026-02-27_164756,5503.728976,700,662,move,0,,76,,,,{}
2026-02-27_164756,5503.743281,700,661,move,0,,76,,,,{}
2026-02-27_164756,5503.759108,700,661,move,0,,76,,,,{}
2026-02-27_164756,5503.774355,700,661,move,0,,76,,,,{}
2026-02-27_164756,5503.7875,700,661,move,0,,76,,,,{}
2026-02-27_164756,5503.804285,699,661,move,0,,76,,,,{}
2026-02-27_164756,5503.820744,698,657,move,0,,76,,,,{}
2026-02-27_164756,5503.828916,698,657,move,0,,76,,,,{}
2026-02-27_164756,5503.844681,697,648,move,0,,76,,,,{}
2026-02-27_164756,5503.856385,697,638,move,0,,76,,,,{}
2026-02-27_164756,5503.8669,697,633,move,0,,76,,,,{}
2026-02-27_164756,5503.882263,697,617,move,0,,76,,,,{}
2026-02-27_164756,5503.897573,699,603,move,0,,76,,,,{}
2026-02-27_164756,5503.912942,700,590,move,0,,76,,,,{}
2026-02-27_164756,5503.927816,703,571,move,0,,76,,,,{}
2026-02-27_164756,5503.937145,703,571,move,0,,76,,,,{}
2026-02-27_164756,5503.9452,708,549,move,0,,76,,,,{}
2026-02-27_164756,5503.95346,708,549,move,0,,76,,,,{}
2026-02-27_164756,5503.970815,711,519,move,0,,76,,,,{}
2026-02-27_164756,5503.986048,714,502,move,0,,76,,,,{}
2026-02-27_164756,5504.003391,717,493,move,0,,76,,,,{}
2026-02-27_164756,5504.019288,718,488,move,0,,76,,,,{}
2026-02-27_164756,5504.036421,718,485,move,0,,76,,,,{}
2026-02-27_164756,5504.051195,718,481,move,0,,76,,,,{}
2026-02-27_164756,5504.06676,718,475,move,0,,76,,,,{}
2026-02-27_164756,5504.082585,718,468,move,0,,76,,,,{}
2026-02-27_164756,5504.097969,718,464,move,0,,76,,,,{}
2026-02-27_164756,5504.113494,715,451,move,0,,76,,,,{}
2026-02-27_164756,5504.128195,714,442,move,0,,76,,,,{}
2026-02-27_164756,5504.136463,714,442,move,0,,76,,,,{}
2026-02-27_164756,5504.144533,712,433,move,0,,76,,,,{}
2026-02-27_164756,5504.152578,712,430,move,0,,76,,,,{}
2026-02-27_164756,5504.168951,712,430,move,0,,76,,,,{}
2026-02-27_164756,5504.185286,712,427,move,0,,76,,,,{}
2026-02-27_164756,5504.193297,712,426,target_spawn,1,,77,35,P2_SWEEP,2,"{""label"": ""P2_SWEEP"", ""size"": 46}"
2026-02-27_164756,5504.193326,712,426,down,1,left,77,0,BASE,0,{}
2026-02-27_164756,5504.193375,712,426,move,1,,77,35,P2_SWEEP,2,{}
2026-02-27_164756,5504.205525,712,426,move,1,,77,35,P2_SWEEP,2,{}
2026-02-27_164756,5504.221601,712,426,move,1,,77,35,P2_SWEEP,2,{}
2026-02-27_164756,5504.23752,712,426,move,1,,77,35,P2_SWEEP,2,{}
2026-02-27_164756,5504.252709,712,426,move,1,,77,35,P2_SWEEP,2,{}
2026-02-27_164756,5504.268499,712,426,move,1,,77,35,P2_SWEEP,2,{}
2026-02-27_164756,5504.284035,712,426,move,1,,77,35,P2_SWEEP,2,{}
2026-02-27_164756,5504.297981,712,426,up,1,left,77,,,,"{""hold_ms"": 104.789}"
2026-02-27_164756,5504.298034,712,426,move,0,,77,35,P2_SWEEP,2,{}
2026-02-27_164756,5504.315404,712,426,move,0,,77,35,P2_SWEEP,2,{}
2026-02-27_164756,5504.331366,712,426,move,0,,77,35,P2_SWEEP,2,{}
2026-02-27_164756,5504.346554,712,424,move,0,,77,35,P2_SWEEP,2,{}
2026-02-27_164756,5504.36219,710,421,move,0,,77,35,P2_SWEEP,2,{}
2026-02-27_164756,5504.377669,709,419,move,0,,77,35,P2_SWEEP,2,{}
2026-02-27_164756,5504.38632,709,419,move,0,,77,35,P2_SWEEP,2,{}
2026-02-27_164756,5504.40291,706,414,move,0,,77,35,P2_SWEEP,2,{}
2026-02-27_164756,5504.419302,697,405,move,0,,77,35,P2_SWEEP,2,{}
2026-02-27_164756,5504.435885,682,393,move,0,,77,35,P2_SWEEP,2,{}
2026-02-27_164756,5504.455019,652,372,move,0,,77,35,P2_SWEEP,2,{}
2026-02-27_164756,5504.47025,599,343,move,0,,77,35,P2_SWEEP,2,{}
2026-02-27_164756,5504.487293,501,307,move,0,,77,35,P2_SWEEP,2,{}
2026-02-27_164756,5504.50278,408,277,move,0,,77,35,P2_SWEEP,2,{}
2026-02-27_164756,5504.518663,340,263,move,0,,77,35,P2_SWEEP,2,{}
2026-02-27_164756,5504.533795,246,247,move,0,,77,35,P2_SWEEP,2,{}
2026-02-27_164756,5504.549443,211,242,move,0,,77,35,P2_SWEEP,2,{}
2026-02-27_164756,5504.565236,154,234,move,0,,77,35,P2_SWEEP,2,{}
2026-02-27_164756,5504.580138,147,233,move,0,,77,35,P2_SWEEP,2,{}
2026-02-27_164756,5504.595492,147,233,move,0,,77,35,P2_SWEEP,2,{}
2026-02-27_164756,5504.603767,147,233,move,0,,77,35,P2_SWEEP,2,{}
2026-02-27_164756,5504.625471,146,233,move,0,,77,35,P2_SWEEP,2,{}
2026-02-27_164756,5504.636126,146,233,move,0,,77,35,P2_SWEEP,2,{}
2026-02-27_164756,5504.652269,145,233,move,0,,77,35,P2_SWEEP,2,{}
2026-02-27_164756,5504.669477,143,233,move,0,,77,35,P2_SWEEP,2,{}
2026-02-27_164756,5504.685581,141,233,move,0,,77,35,P2_SWEEP,2,{}
2026-02-27_164756,5504.701923,138,232,move,0,,77,35,P2_SWEEP,2,{}
2026-02-27_164756,5504.71787,134,230,move,0,,77,35,P2_SWEEP,2,{}
2026-02-27_164756,5504.733161,131,228,move,0,,77,35,P2_SWEEP,2,{}
2026-02-27_164756,5504.749025,126,226,move,0,,77,35,P2_SWEEP,2,{}
2026-02-27_164756,5504.764216,123,223,move,0,,77,35,P2_SWEEP,2,{}
2026-02-27_164756,5504.779367,120,218,move,0,,77,35,P2_SWEEP,2,{}
2026-02-27_164756,5504.787431,115,212,move,0,,77,35,P2_SWEEP,2,{}
2026-02-27_164756,5504.795484,115,212,move,0,,77,35,P2_SWEEP,2,{}
2026-02-27_164756,5504.810774,114,210,move,0,,77,35,P2_SWEEP,2,{}
2026-02-27_164756,5504.818856,109,206,move,0,,77,35,P2_SWEEP,2,{}
2026-02-27_164756,5504.826944,109,206,move,0,,77,35,P2_SWEEP,2,{}
2026-02-27_164756,5504.835806,109,206,move,0,,77,35,P2_SWEEP,2,{}
2026-02-27_164756,5504.852083,103,202,move,0,,77,35,P2_SWEEP,2,{}
2026-02-27_164756,5504.868544,96,196,move,0,,77,35,P2_SWEEP,2,{}
2026-02-27_164756,5504.886125,90,191,move,0,,77,35,P2_SWEEP,2,{}
2026-02-27_164756,5504.90208,88,190,move,0,,77,35,P2_SWEEP,2,{}
2026-02-27_164756,5504.918596,85,188,move,0,,77,35,P2_SWEEP,2,{}
2026-02-27_164756,5504.935596,84,187,move,0,,77,35,P2_SWEEP,2,{}
2026-02-27_164756,5504.951332,81,184,move,0,,77,35,P2_SWEEP,2,{}
2026-02-27_164756,5504.966542,77,182,move,0,,77,35,P2_SWEEP,2,{}
2026-02-27_164756,5504.98198,75,180,move,0,,77,35,P2_SWEEP,2,{}
2026-02-27_164756,5504.988924,73,179,down,1,left,78,35,P2_SWEEP,2,{}
2026-02-27_164756,5504.997239,73,179,move,1,,78,35,P2_SWEEP,2,{}
2026-02-27_164756,5505.01294,73,179,move,1,,78,35,P2_SWEEP,2,{}
2026-02-27_164756,5505.028363,73,179,move,1,,78,35,P2_SWEEP,2,{}
2026-02-27_164756,5505.044347,73,179,move,1,,78,35,P2_SWEEP,2,{}
2026-02-27_164756,5505.060429,73,179,move,1,,78,35,P2_SWEEP,2,{}
2026-02-27_164756,5505.07591,73,179,move,1,,78,35,P2_SWEEP,2,{}
2026-02-27_164756,5505.091452,73,179,move,1,,78,35,P2_SWEEP,2,{}
2026-02-27_164756,5505.107595,73,179,move,1,,78,35,P2_SWEEP,2,{}
2026-02-27_164756,5505.10888,73,179,target_end,1,,78,35,P2_SWEEP,2,"{""outcome"": ""HIT""}"
2026-02-27_164756,5505.10905,73,179,up,1,left,78,35,P2_SWEEP,2,"{""hold_ms"": 119.789}"
2026-02-27_164756,5505.115679,73,179,move,0,,78,,,,{}
2026-02-27_164756,5505.135798,73,179,move,0,,78,,,,{}
2026-02-27_164756,5505.152327,74,179,move,0,,78,,,,{}
2026-02-27_164756,5505.169024,101,189,move,0,,78,,,,{}
2026-02-27_164756,5505.183617,144,206,move,0,,78,,,,{}
2026-02-27_164756,5505.199305,179,224,move,0,,78,,,,{}
2026-02-27_164756,5505.215049,271,269,move,0,,78,,,,{}
2026-02-27_164756,5505.230216,374,322,move,0,,78,,,,{}
2026-02-27_164756,5505.245646,472,370,move,0,,78,,,,{}
2026-02-27_164756,5505.253701,551,407,move,0,,78,,,,{}
2026-02-27_164756,5505.26175,551,407,move,0,,78,,,,{}
2026-02-27_164756,5505.27703,606,432,move,0,,78,,,,{}
2026-02-27_164756,5505.286598,606,432,move,0,,78,,,,{}
2026-02-27_164756,5505.301608,633,444,move,0,,78,,,,{}
2026-02-27_164756,5505.310137,669,460,move,0,,78,,,,{}
2026-02-27_164756,5505.318672,669,460,move,0,,78,,,,{}
2026-02-27_164756,5505.335117,685,466,move,0,,78,,,,{}
2026-02-27_164756,5505.351706,691,468,move,0,,78,,,,{}
2026-02-27_164756,5505.368574,693,469,move,0,,78,,,,{}
2026-02-27_164756,5505.384917,695,470,move,0,,78,,,,{}
2026-02-27_164756,5505.402462,700,472,move,0,,78,,,,{}
2026-02-27_164756,5505.418038,703,473,move,0,,78,,,,{}
2026-02-27_164756,5505.433265,710,473,move,0,,78,,,,{}
2026-02-27_164756,5505.448657,714,474,move,0,,78,,,,{}
2026-02-27_164756,5505.464519,720,474,move,0,,78,,,,{}
2026-02-27_164756,5505.479792,723,474,move,0,,78,,,,{}
2026-02-27_164756,5505.495131,725,474,move,0,,78,,,,{}
2026-02-27_164756,5505.503186,727,474,move,0,,78,,,,{}
2026-02-27_164756,5505.511273,727,474,move,0,,78,,,,{}
2026-02-27_164756,5505.519452,729,473,move,0,,78,,,,{}
2026-02-27_164756,5505.536352,729,473,move,0,,78,,,,{}
2026-02-27_164756,5505.553662,730,472,move,0,,78,,,,{}
2026-02-27_164756,5505.57101,731,466,move,0,,78,,,,{}
2026-02-27_164756,5505.586248,731,463,move,0,,78,,,,{}
2026-02-27_164756,5505.602864,731,453,move,0,,78,,,,{}
2026-02-27_164756,5505.619375,731,442,move,0,,78,,,,{}
2026-02-27_164756,5505.634883,731,439,move,0,,78,,,,{}
2026-02-27_164756,5505.650874,731,434,move,0,,78,,,,{}
2026-02-27_164756,5505.666151,731,433,move,0,,78,,,,{}
2026-02-27_164756,5505.679498,731,433,target_spawn,1,,79,36,P2_SWEEP,2,"{""label"": ""P2_SWEEP"", ""size"": 46}"
2026-02-27_164756,5505.679522,731,433,down,1,left,79,0,BASE,0,{}
2026-02-27_164756,5505.679556,731,433,move,1,,79,36,P2_SWEEP,2,{}
2026-02-27_164756,5505.697521,731,433,move,1,,79,36,P2_SWEEP,2,{}
2026-02-27_164756,5505.713194,731,433,move,1,,79,36,P2_SWEEP,2,{}
2026-02-27_164756,5505.728995,731,433,move,1,,79,36,P2_SWEEP,2,{}
2026-02-27_164756,5505.744285,731,433,move,1,,79,36,P2_SWEEP,2,{}
2026-02-27_164756,5505.760316,731,433,move,1,,79,36,P2_SWEEP,2,{}
2026-02-27_164756,5505.768811,731,433,up,1,left,79,,,,"{""hold_ms"": 89.454}"
2026-02-27_164756,5505.768854,731,433,move,0,,79,36,P2_SWEEP,2,{}
2026-02-27_164756,5505.790989,731,433,move,0,,79,36,P2_SWEEP,2,{}
2026-02-27_164756,5505.806958,731,433,move,0,,79,36,P2_SWEEP,2,{}
2026-02-27_164756,5505.820839,731,433,move,0,,79,36,P2_SWEEP,2,{}
2026-02-27_164756,5505.835183,736,433,move,0,,79,36,P2_SWEEP,2,{}
2026-02-27_164756,5505.852615,740,433,move,0,,79,36,P2_SWEEP,2,{}
2026-02-27_164756,5505.868428,746,433,move,0,,79,36,P2_SWEEP,2,{}
2026-02-27_164756,5505.884331,752,433,move,0,,79,36,P2_SWEEP,2,{}
2026-02-27_164756,5505.899269,758,436,move,0,,79,36,P2_SWEEP,2,{}
2026-02-27_164756,5505.914953,764,442,move,0,,79,36,P2_SWEEP,2,{}
2026-02-27_164756,5505.930922,774,452,move,0,,79,36,P2_SWEEP,2,{}
2026-02-27_164756,5505.946853,781,458,move,0,,79,36,P2_SWEEP,2,{}
2026-02-27_164756,5505.962034,797,471,move,0,,79,36,P2_SWEEP,2,{}
2026-02-27_164756,5505.977682,819,479,move,0,,79,36,P2_SWEEP,2,{}
2026-02-27_164756,5505.987146,819,479,move,0,,79,36,P2_SWEEP,2,{}
2026-02-27_164756,5506.002652,850,483,move,0,,79,36,P2_SWEEP,2,{}
2026-02-27_164756,5506.018714,874,479,move,0,,79,36,P2_SWEEP,2,{}
2026-02-27_164756,5506.036634,903,464,move,0,,79,36,P2_SWEEP,2,{}
2026-02-27_164756,5506.052431,937,440,move,0,,79,36,P2_SWEEP,2,{}
2026-02-27_164756,5506.06868,979,405,move,0,,79,36,P2_SWEEP,2,{}
2026-02-27_164756,5506.085232,1013,372,move,0,,79,36,P2_SWEEP,2,{}
2026-02-27_164756,5506.102423,1060,337,move,0,,79,36,P2_SWEEP,2,{}
2026-02-27_164756,5506.117361,1091,315,move,0,,79,36,P2_SWEEP,2,{}
2026-02-27_164756,5506.13307,1138,276,move,0,,79,36,P2_SWEEP,2,{}
2026-02-27_164756,5506.148778,1159,259,move,0,,79,36,P2_SWEEP,2,{}
2026-02-27_164756,5506.163946,1164,253,move,0,,79,36,P2_SWEEP,2,{}
2026-02-27_164756,5506.179859,1173,241,move,0,,79,36,P2_SWEEP,2,{}
2026-02-27_164756,5506.18793,1176,235,move,0,,79,36,P2_SWEEP,2,{}
2026-02-27_164756,5506.196012,1176,235,move,0,,79,36,P2_SWEEP,2,{}
2026-02-27_164756,5506.210488,1181,227,move,0,,79,36,P2_SWEEP,2,{}
2026-02-27_164756,5506.219665,1181,227,move,0,,79,36,P2_SWEEP,2,{}
2026-02-27_164756,5506.234728,1186,220,move,0,,79,36,P2_SWEEP,2,{}
2026-02-27_164756,5506.242838,1191,215,move,0,,79,36,P2_SWEEP,2,{}
2026-02-27_164756,5506.252742,1191,215,move,0,,79,36,P2_SWEEP,2,{}
2026-02-27_164756,5506.2689,1194,210,move,0,,79,36,P2_SWEEP,2,{}
2026-02-27_164756,5506.286299,1196,206,move,0,,79,36,P2_SWEEP,2,{}
2026-02-27_164756,5506.302568,1199,202,move,0,,79,36,P2_SWEEP,2,{}
2026-02-27_164756,5506.318747,1203,200,move,0,,79,36,P2_SWEEP,2,{}
2026-02-27_164756,5506.335479,1207,198,move,0,,79,36,P2_SWEEP,2,{}
2026-02-27_164756,5506.35144,1219,192,move,0,,79,36,P2_SWEEP,2,{}
2026-02-27_164756,5506.366672,1246,181,move,0,,79,36,P2_SWEEP,2,{}
2026-02-27_164756,5506.381892,1262,174,move,0,,79,36,P2_SWEEP,2,{}
2026-02-27_164756,5506.397081,1289,168,move,0,,79,36,P2_SWEEP,2,{}
2026-02-27_164756,5506.412264,1319,161,move,0,,79,36,P2_SWEEP,2,{}
2026-02-27_164756,5506.427831,1350,157,move,0,,79,36,P2_SWEEP,2,{}
2026-02-27_164756,5506.435903,1363,156,move,0,,79,36,P2_SWEEP,2,{}
2026-02-27_164756,5506.444106,1363,156,move,0,,79,36,P2_SWEEP,2,{}
2026-02-27_164756,5506.453157,1363,156,move,0,,79,36,P2_SWEEP,2,{}
2026-02-27_164756,5506.468865,1373,154,move,0,,79,36,P2_SWEEP,2,{}
2026-02-27_164756,5506.489896,1377,154,move,0,,79,36,P2_SWEEP,2,{}
2026-02-27_164756,5506.502232,1377,154,move,0,,79,36,P2_SWEEP,2,{}
2026-02-27_164756,5506.521219,1378,154,move,0,,79,36,P2_SWEEP,2,{}
2026-02-27_164756,5506.536028,1378,154,move,0,,79,36,P2_SWEEP,2,{}
2026-02-27_164756,5506.552536,1379,154,move,0,,79,36,P2_SWEEP,2,{}
2026-02-27_164756,5506.567803,1379,154,move,0,,79,36,P2_SWEEP,2,{}
2026-02-27_164756,5506.58325,1379,154,move,0,,79,36,P2_SWEEP,2,{}
2026-02-27_164756,5506.594469,1379,154,move,0,,79,36,P2_SWEEP,2,{}
2026-02-27_164756,5506.601627,1380,154,down,1,left,80,36,P2_SWEEP,2,{}
2026-02-27_164756,5506.601644,1380,154,misclick,1,,80,36,P2_SWEEP,2,{}
2026-02-27_164756,5506.602531,1380,154,move,1,,80,36,P2_SWEEP,2,{}
2026-02-27_164756,5506.614696,1380,154,move,1,,80,36,P2_SWEEP,2,{}
2026-02-27_164756,5506.629959,1380,154,move,1,,80,36,P2_SWEEP,2,{}
2026-02-27_164756,5506.646115,1380,154,move,1,,80,36,P2_SWEEP,2,{}
2026-02-27_164756,5506.659845,1380,154,up,1,left,80,,,,"{""hold_ms"": 58.358}"
2026-02-27_164756,5506.659916,1380,154,move,0,,80,36,P2_SWEEP,2,{}
2026-02-27_164756,5506.668989,1380,154,move,0,,80,36,P2_SWEEP,2,{}
2026-02-27_164756,5506.678854,1380,156,move,0,,80,36,P2_SWEEP,2,{}
2026-02-27_164756,5506.686917,1380,158,move,0,,80,36,P2_SWEEP,2,{}
2026-02-27_164756,5506.701819,1380,158,move,0,,80,36,P2_SWEEP,2,{}
2026-02-27_164756,5506.718336,1380,160,move,0,,80,36,P2_SWEEP,2,{}
2026-02-27_164756,5506.740363,1380,161,move,0,,80,36,P2_SWEEP,2,{}
2026-02-27_164756,5506.756186,1380,161,move,0,,80,36,P2_SWEEP,2,{}
2026-02-27_164756,5506.771486,1380,161,move,0,,80,36,P2_SWEEP,2,{}
2026-02-27_164756,5506.786985,1380,161,move,0,,80,36,P2_SWEEP,2,{}
2026-02-27_164756,5506.802882,1380,161,move,0,,80,36,P2_SWEEP,2,{}
2026-02-27_164756,5506.818237,1380,161,move,0,,80,36,P2_SWEEP,2,{}
2026-02-27_164756,5506.833648,1380,161,move,0,,80,36,P2_SWEEP,2,{}
2026-02-27_164756,5506.849434,1380,161,move,0,,80,36,P2_SWEEP,2,{}
2026-02-27_164756,5506.864589,1380,162,move,0,,80,36,P2_SWEEP,2,{}
2026-02-27_164756,5506.880269,1380,162,move,0,,80,36,P2_SWEEP,2,{}
2026-02-27_164756,5506.896251,1380,162,move,0,,80,36,P2_SWEEP,2,{}
2026-02-27_164756,5506.901075,1380,162,down,1,left,81,36,P2_SWEEP,2,{}
2026-02-27_164756,5506.901091,1380,162,misclick,1,,81,36,P2_SWEEP,2,{}
2026-02-27_164756,5506.911751,1380,162,move,1,,81,36,P2_SWEEP,2,{}
2026-02-27_164756,5506.92729,1380,162,move,1,,81,36,P2_SWEEP,2,{}
2026-02-27_164756,5506.942788,1380,162,move,1,,81,36,P2_SWEEP,2,{}
2026-02-27_164756,5506.95848,1380,162,move,1,,81,36,P2_SWEEP,2,{}
2026-02-27_164756,5506.960635,1380,162,up,1,left,81,,,,"{""hold_ms"": 59.704}"
2026-02-27_164756,5506.97372,1380,162,move,0,,81,36,P2_SWEEP,2,{}
2026-02-27_164756,5506.989516,1380,163,move,0,,81,36,P2_SWEEP,2,{}
2026-02-27_164756,5507.003686,1380,163,move,0,,81,36,P2_SWEEP,2,{}
2026-02-27_164756,5507.018394,1377,164,move,0,,81,36,P2_SWEEP,2,{}
2026-02-27_164756,5507.03484,1373,165,move,0,,81,36,P2_SWEEP,2,{}
2026-02-27_164756,5507.051314,1368,166,move,0,,81,36,P2_SWEEP,2,{}
2026-02-27_164756,5507.069606,1366,166,move,0,,81,36,P2_SWEEP,2,{}
2026-02-27_164756,5507.084644,1365,166,move,0,,81,36,P2_SWEEP,2,{}
2026-02-27_164756,5507.096554,1365,166,move,0,,81,36,P2_SWEEP,2,{}
2026-02-27_164756,5507.097883,1364,166,down,1,left,82,36,P2_SWEEP,2,{}
2026-02-27_164756,5507.115242,1364,166,move,1,,82,36,P2_SWEEP,2,{}
2026-02-27_164756,5507.130415,1362,166,move,1,,82,36,P2_SWEEP,2,{}
2026-02-27_164756,5507.145672,1360,166,move,1,,82,36,P2_SWEEP,2,{}
2026-02-27_164756,5507.149064,1357,166,target_end,1,,82,36,P2_SWEEP,2,"{""outcome"": ""HIT""}"
2026-02-27_164756,5507.149234,1357,166,up,1,left,82,36,P2_SWEEP,2,"{""hold_ms"": 50.924}"
2026-02-27_164756,5507.161476,1357,166,move,0,,82,,,,{}
2026-02-27_164756,5507.177274,1352,166,move,0,,82,,,,{}
2026-02-27_164756,5507.185384,1351,166,move,0,,82,,,,{}
2026-02-27_164756,5507.193448,1351,166,move,0,,82,,,,{}
2026-02-27_164756,5507.208556,1351,166,move,0,,82,,,,{}
2026-02-27_164756,5507.224526,1351,166,move,0,,82,,,,{}
2026-02-27_164756,5507.240593,1351,166,move,0,,82,,,,{}
2026-02-27_164756,5507.255033,1351,166,move,0,,82,,,,{}
2026-02-27_164756,5507.270448,1351,166,move,0,,82,,,,{}
2026-02-27_164756,5507.284341,1351,166,move,0,,82,,,,{}
2026-02-27_164756,5507.301004,1350,168,move,0,,82,,,,{}
2026-02-27_164756,5507.318612,1345,170,move,0,,82,,,,{}
2026-02-27_164756,5507.333649,1334,176,move,0,,82,,,,{}
2026-02-27_164756,5507.349156,1305,187,move,0,,82,,,,{}
2026-02-27_164756,5507.364305,1283,194,move,0,,82,,,,{}
2026-02-27_164756,5507.380251,1244,205,move,0,,82,,,,{}
2026-02-27_164756,5507.396008,1213,214,move,0,,82,,,,{}
2026-02-27_164756,5507.404061,1192,220,move,0,,82,,,,{}
2026-02-27_164756,5507.412106,1192,220,move,0,,82,,,,{}
2026-02-27_164756,5507.420811,1192,220,move,0,,82,,,,{}
2026-02-27_164756,5507.435324,1186,221,move,0,,82,,,,{}
2026-02-27_164756,5507.4434,1183,222,move,0,,82,,,,{}
2026-02-27_164756,5507.451592,1183,222,move,0,,82,,,,{}
2026-02-27_164756,5507.469116,1179,225,move,0,,82,,,,{}
2026-02-27_164756,5507.485146,1174,226,move,0,,82,,,,{}
2026-02-27_164756,5507.501581,1150,235,move,0,,82,,,,{}
2026-02-27_164756,5507.518892,1121,247,move,0,,82,,,,{}
2026-02-27_164756,5507.535057,1106,254,move,0,,82,,,,{}
2026-02-27_164756,5507.553208,1079,268,move,0,,82,,,,{}
2026-02-27_164756,5507.567798,1045,285,move,0,,82,,,,{}
2026-02-27_164756,5507.58354,1020,303,move,0,,82,,,,{}
2026-02-27_164756,5507.599053,969,338,move,0,,82,,,,{}
2026-02-27_164756,5507.614923,929,364,move,0,,82,,,,{}
2026-02-27_164756,5507.630094,897,384,move,0,,82,,,,{}
2026-02-27_164756,5507.645586,856,402,move,0,,82,,,,{}
2026-02-27_164756,5507.654178,856,402,move,0,,82,,,,{}
2026-02-27_164756,5507.662265,843,405,move,0,,82,,,,{}
2026-02-27_164756,5507.677346,837,407,move,0,,82,,,,{}
2026-02-27_164756,5507.686137,837,407,move,0,,82,,,,{}
2026-02-27_164756,5507.702619,835,407,move,0,,82,,,,{}
2026-02-27_164756,5507.718585,827,410,move,0,,82,,,,{}
2026-02-27_164756,5507.735104,822,413,move,0,,82,,,,{}
2026-02-27_164756,5507.751005,817,415,move,0,,82,,,,{}
2026-02-27_164756,5507.768287,809,417,move,0,,82,,,,{}
2026-02-27_164756,5507.784434,799,419,move,0,,82,,,,{}
2026-02-27_164756,5507.800447,795,419,move,0,,82,,,,{}
2026-02-27_164756,5507.815768,789,419,move,0,,82,,,,{}
2026-02-27_164756,5507.831587,784,419,move,0,,82,,,,{}
2026-02-27_164756,5507.847777,780,419,move,0,,82,,,,{}
2026-02-27_164756,5507.862917,772,419,move,0,,82,,,,{}
2026-02-27_164756,5507.878204,765,419,move,0,,82,,,,{}
2026-02-27_164756,5507.894012,759,421,move,0,,82,,,,{}
2026-02-27_164756,5507.909272,756,422,move,0,,82,,,,{}
2026-02-27_164756,5507.917589,756,422,move,0,,82,,,,{}
2026-02-27_164756,5507.926845,747,423,move,0,,82,,,,{}
2026-02-27_164756,5507.934894,743,424,move,0,,82,,,,{}
2026-02-27_164756,5507.950815,743,424,move,0,,82,,,,{}
2026-02-27_164756,5507.957804,737,425,target_spawn,1,,83,37,P2_SWEEP,2,"{""label"": ""P2_SWEEP"", ""size"": 46}"
2026-02-27_164756,5507.957825,737,425,down,1,left,83,0,BASE,0,{}
2026-02-27_164756,5507.958892,737,425,move,1,,83,37,P2_SWEEP,2,{}
2026-02-27_164756,5507.971343,737,425,move,1,,83,37,P2_SWEEP,2,{}
2026-02-27_164756,5507.98643,737,425,move,1,,83,37,P2_SWEEP,2,{}
2026-02-27_164756,5508.001897,737,425,move,1,,83,37,P2_SWEEP,2,{}
2026-02-27_164756,5508.017072,737,425,move,1,,83,37,P2_SWEEP,2,{}
2026-02-27_164756,5508.033093,737,425,move,1,,83,37,P2_SWEEP,2,{}
2026-02-27_164756,5508.048667,737,425,move,1,,83,37,P2_SWEEP,2,{}
2026-02-27_164756,5508.064144,737,425,move,1,,83,37,P2_SWEEP,2,{}
2026-02-27_164756,5508.080138,737,425,move,1,,83,37,P2_SWEEP,2,{}
2026-02-27_164756,5508.093106,737,425,up,1,left,83,,,,"{""hold_ms"": 135.433}"
2026-02-27_164756,5508.093155,737,425,move,0,,83,37,P2_SWEEP,2,{}
2026-02-27_164756,5508.111555,737,425,move,0,,83,37,P2_SWEEP,2,{}
2026-02-27_164756,5508.127604,737,425,move,0,,83,37,P2_SWEEP,2,{}
2026-02-27_164756,5508.143091,737,425,move,0,,83,37,P2_SWEEP,2,{}
2026-02-27_164756,5508.158711,737,425,move,0,,83,37,P2_SWEEP,2,{}
2026-02-27_164756,5508.173488,737,425,move,0,,83,37,P2_SWEEP,2,{}
2026-02-27_164756,5508.18479,737,425,move,0,,83,37,P2_SWEEP,2,{}
2026-02-27_164756,5508.204922,736,426,move,0,,83,37,P2_SWEEP,2,{}
2026-02-27_164756,5508.220073,736,426,move,0,,83,37,P2_SWEEP,2,{}
2026-02-27_164756,5508.235521,736,426,move,0,,83,37,P2_SWEEP,2,{}
2026-02-27_164756,5508.250721,735,426,move,0,,83,37,P2_SWEEP,2,{}
2026-02-27_164756,5508.266301,733,427,move,0,,83,37,P2_SWEEP,2,{}
2026-02-27_164756,5508.281889,730,429,move,0,,83,37,P2_SWEEP,2,{}
2026-02-27_164756,5508.297199,726,433,move,0,,83,37,P2_SWEEP,2,{}
2026-02-27_164756,5508.312955,715,437,move,0,,83,37,P2_SWEEP,2,{}
2026-02-27_164756,5508.32768,694,445,move,0,,83,37,P2_SWEEP,2,{}
2026-02-27_164756,5508.335767,681,449,move,0,,83,37,P2_SWEEP,2,{}
2026-02-27_164756,5508.343831,681,449,move,0,,83,37,P2_SWEEP,2,{}
2026-02-27_164756,5508.351883,650,460,move,0,,83,37,P2_SWEEP,2,{}
2026-02-27_164756,5508.368225,650,460,move,0,,83,37,P2_SWEEP,2,{}
2026-02-27_164756,5508.3843,566,486,move,0,,83,37,P2_SWEEP,2,{}
2026-02-27_164756,5508.400794,451,525,move,0,,83,37,P2_SWEEP,2,{}
2026-02-27_164756,5508.417638,338,563,move,0,,83,37,P2_SWEEP,2,{}
2026-02-27_164756,5508.434891,217,602,move,0,,83,37,P2_SWEEP,2,{}
2026-02-27_164756,5508.451975,133,632,move,0,,83,37,P2_SWEEP,2,{}
2026-02-27_164756,5508.46705,19,669,move,0,,83,37,P2_SWEEP,2,{}
2026-02-27_164756,5508.483517,19,669,move,0,,83,37,P2_SWEEP,2,{}
2026-02-27_164756,5508.498827,19,669,move,0,,83,37,P2_SWEEP,2,{}
2026-02-27_164756,5508.514799,19,669,move,0,,83,37,P2_SWEEP,2,{}
2026-02-27_164756,5508.529928,19,669,move,0,,83,37,P2_SWEEP,2,{}
2026-02-27_164756,5508.54491,19,669,move,0,,83,37,P2_SWEEP,2,{}
2026-02-27_164756,5508.560052,19,669,move,0,,83,37,P2_SWEEP,2,{}
2026-02-27_164756,5508.575375,19,669,move,0,,83,37,P2_SWEEP,2,{}
2026-02-27_164756,5508.590523,19,669,move,0,,83,37,P2_SWEEP,2,{}
2026-02-27_164756,5508.605657,19,669,move,0,,83,37,P2_SWEEP,2,{}
2026-02-27_164756,5508.621702,19,669,move,0,,83,37,P2_SWEEP,2,{}
2026-02-27_164756,5508.636968,19,669,move,0,,83,37,P2_SWEEP,2,{}
2026-02-27_164756,5508.652896,19,669,move,0,,83,37,P2_SWEEP,2,{}
2026-02-27_164756,5508.668062,19,669,move,0,,83,37,P2_SWEEP,2,{}
2026-02-27_164756,5508.683465,19,669,move,0,,83,37,P2_SWEEP,2,{}
2026-02-27_164756,5508.698822,19,669,move,0,,83,37,P2_SWEEP,2,{}
2026-02-27_164756,5508.71458,19,669,move,0,,83,37,P2_SWEEP,2,{}
2026-02-27_164756,5508.730419,19,669,move,0,,83,37,P2_SWEEP,2,{}
2026-02-27_164756,5508.746309,19,669,move,0,,83,37,P2_SWEEP,2,{}
2026-02-27_164756,5508.761207,19,669,move,0,,83,37,P2_SWEEP,2,{}
2026-02-27_164756,5508.777294,19,669,move,0,,83,37,P2_SWEEP,2,{}
2026-02-27_164756,5508.792797,19,669,move,0,,83,37,P2_SWEEP,2,{}
2026-02-27_164756,5508.810613,19,669,move,0,,83,37,P2_SWEEP,2,{}
2026-02-27_164756,5508.81894,19,669,move,0,,83,37,P2_SWEEP,2,{}
2026-02-27_164756,5508.834409,19,669,move,0,,83,37,P2_SWEEP,2,{}
2026-02-27_164756,5508.850719,15,693,move,0,,83,37,P2_SWEEP,2,{}
2026-02-27_164756,5508.867433,18,689,move,0,,83,37,P2_SWEEP,2,{}
2026-02-27_164756,5508.887283,19,689,move,0,,83,37,P2_SWEEP,2,{}
2026-02-27_164756,5508.903081,19,689,move,0,,83,37,P2_SWEEP,2,{}
2026-02-27_164756,5508.919011,19,689,move,0,,83,37,P2_SWEEP,2,{}
2026-02-27_164756,5508.934362,19,689,move,0,,83,37,P2_SWEEP,2,{}
2026-02-27_164756,5508.94966,21,689,move,0,,83,37,P2_SWEEP,2,{}
2026-02-27_164756,5508.965537,21,689,move,0,,83,37,P2_SWEEP,2,{}
2026-02-27_164756,5508.981524,21,689,move,0,,83,37,P2_SWEEP,2,{}
2026-02-27_164756,5508.997273,23,689,move,0,,83,37,P2_SWEEP,2,{}
2026-02-27_164756,5509.013233,25,689,move,0,,83,37,P2_SWEEP,2,{}
2026-02-27_164756,5509.028822,28,689,move,0,,83,37,P2_SWEEP,2,{}
2026-02-27_164756,5509.043919,29,689,move,0,,83,37,P2_SWEEP,2,{}
2026-02-27_164756,5509.052011,32,689,move,0,,83,37,P2_SWEEP,2,{}
2026-02-27_164756,5509.060079,32,689,move,0,,83,37,P2_SWEEP,2,{}
2026-02-27_164756,5509.06928,32,689,move,0,,83,37,P2_SWEEP,2,{}
2026-02-27_164756,5509.085085,34,689,move,0,,83,37,P2_SWEEP,2,{}
2026-02-27_164756,5509.087656,36,689,down,1,left,84,37,P2_SWEEP,2,{}
2026-02-27_164756,5509.087671,36,689,misclick,1,,84,37,P2_SWEEP,2,{}
2026-02-27_164756,5509.102141,36,689,move,1,,84,37,P2_SWEEP,2,{}
2026-02-27_164756,5509.120912,38,689,move,1,,84,37,P2_SWEEP,2,{}
2026-02-27_164756,5509.134737,40,689,move,1,,84,37,P2_SWEEP,2,{}
2026-02-27_164756,5509.151595,43,689,move,1,,84,37,P2_SWEEP,2,{}
2026-02-27_164756,5509.168234,48,689,move,1,,84,37,P2_SWEEP,2,{}
2026-02-27_164756,5509.183854,48,689,move,1,,84,37,P2_SWEEP,2,{}
2026-02-27_164756,5509.199271,49,689,move,1,,84,37,P2_SWEEP,2,{}
2026-02-27_164756,5509.21093,49,689,target_end,1,,84,37,P2_SWEEP,2,"{""outcome"": ""HIT""}"
2026-02-27_164756,5509.211042,49,689,up,1,left,84,37,P2_SWEEP,2,"{""hold_ms"": 123.226}"
2026-02-27_164756,5509.21108,49,689,move,0,,84,,,,{}
2026-02-27_164756,5509.229866,49,689,move,0,,84,,,,{}
2026-02-27_164756,5509.245256,49,689,move,0,,84,,,,{}
2026-02-27_164756,5509.261151,49,689,move,0,,84,,,,{}
2026-02-27_164756,5509.277055,49,689,move,0,,84,,,,{}
2026-02-27_164756,5509.292998,49,689,move,0,,84,,,,{}
2026-02-27_164756,5509.308949,49,689,move,0,,84,,,,{}
2026-02-27_164756,5509.324689,49,689,move,0,,84,,,,{}
2026-02-27_164756,5509.340668,49,689,move,0,,84,,,,{}
2026-02-27_164756,5509.35669,49,689,move,0,,84,,,,{}
2026-02-27_164756,5509.372338,49,689,move,0,,84,,,,{}
2026-02-27_164756,5509.38821,49,689,move,0,,84,,,,{}
2026-02-27_164756,5509.403778,49,689,move,0,,84,,,,{}
2026-02-27_164756,5509.419041,49,689,move,0,,84,,,,{}
2026-02-27_164756,5509.434262,49,689,move,0,,84,,,,{}
2026-02-27_164756,5509.449692,50,689,move,0,,84,,,,{}
2026-02-27_164756,5509.465726,52,689,move,0,,84,,,,{}
2026-02-27_164756,5509.481494,55,688,move,0,,84,,,,{}
2026-02-27_164756,5509.497354,57,688,move,0,,84,,,,{}
2026-02-27_164756,5509.513238,58,688,move,0,,84,,,,{}
2026-02-27_164756,5509.52811,58,688,move,0,,84,,,,{}
2026-02-27_164756,5509.543992,59,688,move,0,,84,,,,{}
2026-02-27_164756,5509.553084,59,688,move,0,,84,,,,{}
2026-02-27_164756,5509.568309,61,688,move,0,,84,,,,{}
2026-02-27_164756,5509.576372,62,689,move,0,,84,,,,{}
2026-02-27_164756,5509.578317,62,689,down,1,left,85,,,,{}
2026-02-27_164756,5509.57833,62,689,misclick,1,,85,,,,{}
2026-02-27_164756,5509.5855,62,689,move,1,,85,,,,{}
2026-02-27_164756,5509.606564,63,689,move,1,,85,,,,{}
2026-02-27_164756,5509.622606,63,689,move,1,,85,,,,{}
2026-02-27_164756,5509.638542,63,689,move,1,,85,,,,{}
2026-02-27_164756,5509.653368,63,689,up,1,left,85,,,,"{""hold_ms"": 75.048}"
2026-02-27_164756,5509.653415,63,689,move,0,,85,,,,{}
2026-02-27_164756,5509.670036,63,689,move,0,,85,,,,{}
2026-02-27_164756,5509.685946,63,689,move,0,,85,,,,{}
2026-02-27_164756,5509.701228,63,689,move,0,,85,,,,{}
2026-02-27_164756,5509.717871,65,689,move,0,,85,,,,{}
2026-02-27_164756,5509.732321,72,689,move,0,,85,,,,{}
2026-02-27_164756,5509.747756,80,685,move,0,,85,,,,{}
2026-02-27_164756,5509.763771,112,677,move,0,,85,,,,{}
2026-02-27_164756,5509.77911,154,666,move,0,,85,,,,{}
2026-02-27_164756,5509.795085,196,652,move,0,,85,,,,{}
2026-02-27_164756,5509.810277,248,633,move,0,,85,,,,{}
2026-02-27_164756,5509.819344,248,633,move,0,,85,,,,{}
2026-02-27_164756,5509.834306,381,581,move,0,,85,,,,{}
2026-02-27_164756,5509.856495,449,555,move,0,,85,,,,{}
2026-02-27_164756,5509.869366,488,541,move,0,,85,,,,{}
2026-02-27_164756,5509.884049,530,522,move,0,,85,,,,{}
2026-02-27_164756,5509.900477,568,505,move,0,,85,,,,{}
2026-02-27_164756,5509.916794,589,488,move,0,,85,,,,{}
2026-02-27_164756,5509.933656,601,475,move,0,,85,,,,{}
2026-02-27_164756,5509.951014,606,468,move,0,,85,,,,{}
2026-02-27_164756,5509.966339,612,459,move,0,,85,,,,{}
2026-02-27_164756,5509.981787,622,447,move,0,,85,,,,{}
2026-02-27_164756,5509.997465,632,437,move,0,,85,,,,{}
2026-02-27_164756,5510.013165,645,429,move,0,,85,,,,{}
2026-02-27_164756,5510.028655,653,425,move,0,,85,,,,{}
2026-02-27_164756,5510.044657,663,420,move,0,,85,,,,{}
2026-02-27_164756,5510.060381,665,419,move,0,,85,,,,{}
2026-02-27_164756,5510.076253,665,419,move,0,,85,,,,{}
2026-02-27_164756,5510.091572,665,419,move,0,,85,,,,{}
2026-02-27_164756,5510.10737,665,419,move,0,,85,,,,{}
2026-02-27_164756,5510.122301,665,419,move,0,,85,,,,{}
2026-02-27_164756,5510.133886,665,419,move,0,,85,,,,{}
2026-02-27_164756,5510.150418,666,419,move,0,,85,,,,{}
2026-02-27_164756,5510.168675,671,419,move,0,,85,,,,{}
2026-02-27_164756,5510.185143,674,420,move,0,,85,,,,{}
2026-02-27_164756,5510.20037,687,427,move,0,,85,,,,{}
2026-02-27_164756,5510.215618,695,431,move,0,,85,,,,{}
2026-02-27_164756,5510.231247,701,432,move,0,,85,,,,{}
2026-02-27_164756,5510.247271,702,432,move,0,,85,,,,{}
2026-02-27_164756,5510.259607,703,432,move,0,,85,,,,{}
2026-02-27_164756,5510.260987,703,433,target_spawn,1,,86,38,P2_SWEEP,2,"{""label"": ""P2_SWEEP"", ""size"": 46}"
2026-02-27_164756,5510.261007,703,433,down,1,left,86,0,BASE,0,{}
2026-02-27_164756,5510.267874,703,433,move,1,,86,38,P2_SWEEP,2,{}
2026-02-27_164756,5510.278123,704,433,move,1,,86,38,P2_SWEEP,2,{}
2026-02-27_164756,5510.293973,706,433,move,1,,86,38,P2_SWEEP,2,{}
2026-02-27_164756,5510.309318,706,433,move,1,,86,38,P2_SWEEP,2,{}
2026-02-27_164756,5510.324642,706,433,move,1,,86,38,P2_SWEEP,2,{}
2026-02-27_164756,5510.341012,706,433,move,1,,86,38,P2_SWEEP,2,{}
2026-02-27_164756,5510.355643,706,433,move,1,,86,38,P2_SWEEP,2,{}
2026-02-27_164756,5510.366051,706,433,up,1,left,86,,,,"{""hold_ms"": 105.205}"
2026-02-27_164756,5510.366095,706,433,move,0,,86,38,P2_SWEEP,2,{}
2026-02-27_164756,5510.386263,706,433,move,0,,86,38,P2_SWEEP,2,{}
2026-02-27_164756,5510.40162,706,433,move,0,,86,38,P2_SWEEP,2,{}
2026-02-27_164756,5510.417449,706,433,move,0,,86,38,P2_SWEEP,2,{}
2026-02-27_164756,5510.432816,706,433,move,0,,86,38,P2_SWEEP,2,{}
2026-02-27_164756,5510.447735,706,433,move,0,,86,38,P2_SWEEP,2,{}
2026-02-27_164756,5510.463621,706,433,move,0,,86,38,P2_SWEEP,2,{}
2026-02-27_164756,5510.4789,706,433,move,0,,86,38,P2_SWEEP,2,{}
2026-02-27_164756,5510.494995,707,433,move,0,,86,38,P2_SWEEP,2,{}
2026-02-27_164756,5510.510442,710,433,move,0,,86,38,P2_SWEEP,2,{}
2026-02-27_164756,5510.525818,713,433,move,0,,86,38,P2_SWEEP,2,{}
2026-02-27_164756,5510.533925,713,433,move,0,,86,38,P2_SWEEP,2,{}
2026-02-27_164756,5510.543285,721,433,move,0,,86,38,P2_SWEEP,2,{}
2026-02-27_164756,5510.551431,721,433,move,0,,86,38,P2_SWEEP,2,{}
2026-02-27_164756,5510.567576,734,433,move,0,,86,38,P2_SWEEP,2,{}
2026-02-27_164756,5510.583986,770,439,move,0,,86,38,P2_SWEEP,2,{}
2026-02-27_164756,5510.600534,816,462,move,0,,86,38,P2_SWEEP,2,{}
2026-02-27_164756,5510.617055,861,484,move,0,,86,38,P2_SWEEP,2,{}
2026-02-27_164756,5510.632262,919,525,move,0,,86,38,P2_SWEEP,2,{}
2026-02-27_164756,5510.647786,1021,591,move,0,,86,38,P2_SWEEP,2,{}
2026-02-27_164756,5510.662951,1054,608,move,0,,86,38,P2_SWEEP,2,{}
2026-02-27_164756,5510.678352,1092,623,move,0,,86,38,P2_SWEEP,2,{}
2026-02-27_164756,5510.693762,1120,630,move,0,,86,38,P2_SWEEP,2,{}
2026-02-27_164756,5510.70182,1143,633,move,0,,86,38,P2_SWEEP,2,{}
2026-02-27_164756,5510.709875,1143,633,move,0,,86,38,P2_SWEEP,2,{}
2026-02-27_164756,5510.725088,1161,635,move,0,,86,38,P2_SWEEP,2,{}
2026-02-27_164756,5510.733702,1161,635,move,0,,86,38,P2_SWEEP,2,{}
2026-02-27_164756,5510.750258,1171,635,move,0,,86,38,P2_SWEEP,2,{}
2026-02-27_164756,5510.768594,1180,635,move,0,,86,38,P2_SWEEP,2,{}
2026-02-27_164756,5510.783406,1183,635,move,0,,86,38,P2_SWEEP,2,{}
2026-02-27_164756,5510.799978,1189,634,move,0,,86,38,P2_SWEEP,2,{}
2026-02-27_164756,5510.81648,1195,634,move,0,,86,38,P2_SWEEP,2,{}
2026-02-27_164756,5510.833835,1197,634,move,0,,86,38,P2_SWEEP,2,{}
2026-02-27_164756,5510.849475,1199,634,move,0,,86,38,P2_SWEEP,2,{}
2026-02-27_164756,5510.864384,1201,634,move,0,,86,38,P2_SWEEP,2,{}
2026-02-27_164756,5510.880226,1213,643,move,0,,86,38,P2_SWEEP,2,{}
2026-02-27_164756,5510.896197,1226,651,move,0,,86,38,P2_SWEEP,2,{}
2026-02-27_164756,5510.911974,1245,659,move,0,,86,38,P2_SWEEP,2,{}
2026-02-27_164756,5510.927874,1260,663,move,0,,86,38,P2_SWEEP,2,{}
2026-02-27_164756,5510.943764,1277,668,move,0,,86,38,P2_SWEEP,2,{}
2026-02-27_164756,5510.958937,1306,674,move,0,,86,38,P2_SWEEP,2,{}
2026-02-27_164756,5510.967842,1306,674,move,0,,86,38,P2_SWEEP,2,{}
2026-02-27_164756,5510.984119,1319,678,move,0,,86,38,P2_SWEEP,2,{}
2026-02-27_164756,5510.999922,1330,682,move,0,,86,38,P2_SWEEP,2,{}
2026-02-27_164756,5511.016803,1341,684,move,0,,86,38,P2_SWEEP,2,{}
2026-02-27_164756,5511.033715,1348,687,move,0,,86,38,P2_SWEEP,2,{}
2026-02-27_164756,5511.049747,1351,687,move,0,,86,38,P2_SWEEP,2,{}
2026-02-27_164756,5511.06652,1354,688,move,0,,86,38,P2_SWEEP,2,{}
2026-02-27_164756,5511.081815,1355,688,move,0,,86,38,P2_SWEEP,2,{}
2026-02-27_164756,5511.097231,1356,688,move,0,,86,38,P2_SWEEP,2,{}
2026-02-27_164756,5511.113288,1357,688,move,0,,86,38,P2_SWEEP,2,{}
2026-02-27_164756,5511.128238,1358,688,move,0,,86,38,P2_SWEEP,2,{}
2026-02-27_164756,5511.144123,1358,688,move,0,,86,38,P2_SWEEP,2,{}
2026-02-27_164756,5511.159825,1358,688,move,0,,86,38,P2_SWEEP,2,{}
2026-02-27_164756,5511.165024,1358,688,down,1,left,87,38,P2_SWEEP,2,{}
2026-02-27_164756,5511.174954,1358,688,move,1,,87,38,P2_SWEEP,2,{}
2026-02-27_164756,5511.190623,1358,688,move,1,,87,38,P2_SWEEP,2,{}
2026-02-27_164756,5511.206169,1358,688,move,1,,87,38,P2_SWEEP,2,{}
2026-02-27_164756,5511.221594,1358,688,move,1,,87,38,P2_SWEEP,2,{}
2026-02-27_164756,5511.237413,1358,688,move,1,,87,38,P2_SWEEP,2,{}
2026-02-27_164756,5511.252126,1358,688,move,1,,87,38,P2_SWEEP,2,{}
2026-02-27_164756,5511.267786,1358,688,move,1,,87,38,P2_SWEEP,2,{}
2026-02-27_164756,5511.273961,1358,688,target_end,1,,87,38,P2_SWEEP,2,"{""outcome"": ""HIT""}"
2026-02-27_164756,5511.274131,1358,688,up,1,left,87,38,P2_SWEEP,2,"{""hold_ms"": 108.762}"
2026-02-27_164756,5511.283815,1358,688,move,0,,87,,,,{}
2026-02-27_164756,5511.299536,1358,688,move,0,,87,,,,{}
2026-02-27_164756,5511.315597,1357,688,move,0,,87,,,,{}
2026-02-27_164756,5511.331147,1349,686,move,0,,87,,,,{}
2026-02-27_164756,5511.34651,1336,682,move,0,,87,,,,{}
2026-02-27_164756,5511.362033,1281,663,move,0,,87,,,,{}
2026-02-27_164756,5511.377387,1218,637,move,0,,87,,,,{}
2026-02-27_164756,5511.393146,984,545,move,0,,87,,,,{}
2026-02-27_164756,5511.409057,838,490,move,0,,87,,,,{}
2026-02-27_164756,5511.41716,747,460,move,0,,87,,,,{}
2026-02-27_164756,5511.425219,747,460,move,0,,87,,,,{}
2026-02-27_164756,5511.433284,660,435,move,0,,87,,,,{}
2026-02-27_164756,5511.449618,660,435,move,0,,87,,,,{}
2026-02-27_164756,5511.466512,594,414,move,0,,87,,,,{}
2026-02-27_164756,5511.483903,566,408,move,0,,87,,,,{}
2026-02-27_164756,5511.502053,563,407,move,0,,87,,,,{}
2026-02-27_164756,5511.517807,563,407,move,0,,87,,,,{}
2026-02-27_164756,5511.533992,563,407,move,0,,87,,,,{}
2026-02-27_164756,5511.549423,563,407,move,0,,87,,,,{}
2026-02-27_164756,5511.564688,563,407,move,0,,87,,,,{}
2026-02-27_164756,5511.57984,562,406,move,0,,87,,,,{}
2026-02-27_164756,5511.595198,562,406,move,0,,87,,,,{}
2026-02-27_164756,5511.610533,562,405,move,0,,87,,,,{}
2026-02-27_164756,5511.618613,562,404,move,0,,87,,,,{}
2026-02-27_164756,5511.626677,562,404,move,0,,87,,,,{}
2026-02-27_164756,5511.634724,562,403,move,0,,87,,,,{}
2026-02-27_164756,5511.642787,562,403,move,0,,87,,,,{}
2026-02-27_164756,5511.650858,563,403,move,0,,87,,,,{}
2026-02-27_164756,5511.659495,563,403,move,0,,87,,,,{}
2026-02-27_164756,5511.66755,570,403,move,0,,87,,,,{}
2026-02-27_164756,5511.684223,570,403,move,0,,87,,,,{}
2026-02-27_164756,5511.70008,594,404,move,0,,87,,,,{}
2026-02-27_164756,5511.716481,621,407,move,0,,87,,,,{}
2026-02-27_164756,5511.733331,658,414,move,0,,87,,,,{}
2026-02-27_164756,5511.750291,695,422,move,0,,87,,,,{}
2026-02-27_164756,5511.766384,720,428,move,0,,87,,,,{}
2026-02-27_164756,5511.7829,729,430,move,0,,87,,,,{}
2026-02-27_164756,5511.798444,731,430,move,0,,87,,,,{}
2026-02-27_164756,5511.814112,731,430,move,0,,87,,,,{}
2026-02-27_164756,5511.829555,731,430,move,0,,87,,,,{}
2026-02-27_164756,5511.845486,731,430,move,0,,87,,,,{}
2026-02-27_164756,5511.861526,731,430,move,0,,87,,,,{}
2026-02-27_164756,5511.8765,731,430,move,0,,87,,,,{}
2026-02-27_164756,5511.892228,731,430,move,0,,87,,,,{}
2026-02-27_164756,5511.900311,730,430,move,0,,87,,,,{}
2026-02-27_164756,5511.908752,730,430,move,0,,87,,,,{}
2026-02-27_164756,5511.917499,730,430,move,0,,87,,,,{}
2026-02-27_164756,5511.933888,728,430,move,0,,87,,,,{}
2026-02-27_164756,5511.949544,727,430,move,0,,87,,,,{}
2026-02-27_164756,5511.966228,725,430,move,0,,87,,,,{}
2026-02-27_164756,5511.984069,723,430,move,0,,87,,,,{}
2026-02-27_164756,5512.002327,722,430,move,0,,87,,,,{}
2026-02-27_164756,5512.011301,722,430,target_spawn,1,,88,39,P2_SWEEP,2,"{""label"": ""P2_SWEEP"", ""size"": 46}"
2026-02-27_164756,5512.011324,722,430,down,1,left,88,0,BASE,0,{}
2026-02-27_164756,5512.011357,722,430,move,1,,88,39,P2_SWEEP,2,{}
2026-02-27_164756,5512.033094,722,430,move,1,,88,39,P2_SWEEP,2,{}
2026-02-27_164756,5512.048245,722,430,move,1,,88,39,P2_SWEEP,2,{}
2026-02-27_164756,5512.063439,722,430,move,1,,88,39,P2_SWEEP,2,{}
2026-02-27_164756,5512.079364,722,430,move,1,,88,39,P2_SWEEP,2,{}
2026-02-27_164756,5512.094586,722,430,move,1,,88,39,P2_SWEEP,2,{}
2026-02-27_164756,5512.105458,722,430,up,1,left,88,,,,"{""hold_ms"": 94.296}"
2026-02-27_164756,5512.105501,722,430,move,0,,88,39,P2_SWEEP,2,{}
2026-02-27_164756,5512.125623,722,430,move,0,,88,39,P2_SWEEP,2,{}
2026-02-27_164756,5512.133972,722,430,move,0,,88,39,P2_SWEEP,2,{}
2026-02-27_164756,5512.150007,723,430,move,0,,88,39,P2_SWEEP,2,{}
2026-02-27_164756,5512.158084,725,430,move,0,,88,39,P2_SWEEP,2,{}
2026-02-27_164756,5512.166357,725,430,move,0,,88,39,P2_SWEEP,2,{}
2026-02-27_164756,5512.186824,726,430,move,0,,88,39,P2_SWEEP,2,{}
2026-02-27_164756,5512.20211,726,430,move,0,,88,39,P2_SWEEP,2,{}
2026-02-27_164756,5512.218171,726,430,move,0,,88,39,P2_SWEEP,2,{}
2026-02-27_164756,5512.234205,726,430,move,0,,88,39,P2_SWEEP,2,{}
2026-02-27_164756,5512.250077,726,430,move,0,,88,39,P2_SWEEP,2,{}
2026-02-27_164756,5512.264942,726,430,move,0,,88,39,P2_SWEEP,2,{}
2026-02-27_164756,5512.280896,726,430,move,0,,88,39,P2_SWEEP,2,{}
2026-02-27_164756,5512.296752,725,430,move,0,,88,39,P2_SWEEP,2,{}
2026-02-27_164756,5512.311794,712,430,move,0,,88,39,P2_SWEEP,2,{}
2026-02-27_164756,5512.327017,675,435,move,0,,88,39,P2_SWEEP,2,{}
2026-02-27_164756,5512.342736,613,441,move,0,,88,39,P2_SWEEP,2,{}
2026-02-27_164756,5512.350822,568,444,move,0,,88,39,P2_SWEEP,2,{}
2026-02-27_164756,5512.35888,568,444,move,0,,88,39,P2_SWEEP,2,{}
2026-02-27_164756,5512.369261,568,444,move,0,,88,39,P2_SWEEP,2,{}
2026-02-27_164756,5512.384291,414,446,move,0,,88,39,P2_SWEEP,2,{}
2026-02-27_164756,5512.402428,352,446,move,0,,88,39,P2_SWEEP,2,{}
2026-02-27_164756,5512.416827,320,448,move,0,,88,39,P2_SWEEP,2,{}
2026-02-27_164756,5512.434277,297,448,move,0,,88,39,P2_SWEEP,2,{}
2026-02-27_164756,5512.45085,286,448,move,0,,88,39,P2_SWEEP,2,{}
2026-02-27_164756,5512.466879,285,448,move,0,,88,39,P2_SWEEP,2,{}
2026-02-27_164756,5512.482474,285,448,move,0,,88,39,P2_SWEEP,2,{}
2026-02-27_164756,5512.498298,285,448,move,0,,88,39,P2_SWEEP,2,{}
2026-02-27_164756,5512.51345,283,448,move,0,,88,39,P2_SWEEP,2,{}
2026-02-27_164756,5512.528417,282,448,move,0,,88,39,P2_SWEEP,2,{}
2026-02-27_164756,5512.544127,277,447,move,0,,88,39,P2_SWEEP,2,{}
2026-02-27_164756,5512.559424,261,445,move,0,,88,39,P2_SWEEP,2,{}
2026-02-27_164756,5512.575069,249,445,move,0,,88,39,P2_SWEEP,2,{}
2026-02-27_164756,5512.584029,249,445,move,0,,88,39,P2_SWEEP,2,{}
2026-02-27_164756,5512.599639,222,444,move,0,,88,39,P2_SWEEP,2,{}
2026-02-27_164756,5512.616723,172,442,move,0,,88,39,P2_SWEEP,2,{}
2026-02-27_164756,5512.63346,158,442,move,0,,88,39,P2_SWEEP,2,{}
2026-02-27_164756,5512.649778,127,442,move,0,,88,39,P2_SWEEP,2,{}
2026-02-27_164756,5512.667663,112,439,move,0,,88,39,P2_SWEEP,2,{}
2026-02-27_164756,5512.684047,106,438,move,0,,88,39,P2_SWEEP,2,{}
2026-02-27_164756,5512.699521,105,437,move,0,,88,39,P2_SWEEP,2,{}
2026-02-27_164756,5512.714574,104,435,move,0,,88,39,P2_SWEEP,2,{}
2026-02-27_164756,5512.730435,103,434,move,0,,88,39,P2_SWEEP,2,{}
2026-02-27_164756,5512.745598,101,433,move,0,,88,39,P2_SWEEP,2,{}
2026-02-27_164756,5512.761024,99,432,move,0,,88,39,P2_SWEEP,2,{}
2026-02-27_164756,5512.769087,97,431,move,0,,88,39,P2_SWEEP,2,{}
2026-02-27_164756,5512.778461,97,431,move,0,,88,39,P2_SWEEP,2,{}
2026-02-27_164756,5512.792163,96,430,move,0,,88,39,P2_SWEEP,2,{}
2026-02-27_164756,5512.800228,94,429,move,0,,88,39,P2_SWEEP,2,{}
2026-02-27_164756,5512.808294,94,429,move,0,,88,39,P2_SWEEP,2,{}
2026-02-27_164756,5512.816848,94,429,move,0,,88,39,P2_SWEEP,2,{}
2026-02-27_164756,5512.835253,88,428,move,0,,88,39,P2_SWEEP,2,{}
2026-02-27_164756,5512.854778,85,428,move,0,,88,39,P2_SWEEP,2,{}
2026-02-27_164756,5512.871253,84,428,move,0,,88,39,P2_SWEEP,2,{}
2026-02-27_164756,5512.886814,84,428,down,1,left,89,39,P2_SWEEP,2,{}
2026-02-27_164756,5512.886863,84,428,move,1,,89,39,P2_SWEEP,2,{}
2026-02-27_164756,5512.901391,84,428,move,1,,89,39,P2_SWEEP,2,{}
2026-02-27_164756,5512.917253,84,428,move,1,,89,39,P2_SWEEP,2,{}
2026-02-27_164756,5512.932499,84,428,move,1,,89,39,P2_SWEEP,2,{}
2026-02-27_164756,5512.947969,84,428,move,1,,89,39,P2_SWEEP,2,{}
2026-02-27_164756,5512.963321,84,428,move,1,,89,39,P2_SWEEP,2,{}
2026-02-27_164756,5512.978506,84,428,move,1,,89,39,P2_SWEEP,2,{}
2026-02-27_164756,5512.994448,84,428,move,1,,89,39,P2_SWEEP,2,{}
2026-02-27_164756,5513.009568,84,428,move,1,,89,39,P2_SWEEP,2,{}
2026-02-27_164756,5513.017787,84,428,move,1,,89,39,P2_SWEEP,2,{}
2026-02-27_164756,5513.020987,84,427,target_end,1,,89,39,P2_SWEEP,2,"{""outcome"": ""HIT""}"
2026-02-27_164756,5513.021148,84,427,up,1,left,89,39,P2_SWEEP,2,"{""hold_ms"": 133.994}"
2026-02-27_164756,5513.025859,84,427,move,0,,89,,,,{}
2026-02-27_164756,5513.03391,88,427,move,0,,89,,,,{}
2026-02-27_164756,5513.041957,88,427,move,0,,89,,,,{}
2026-02-27_164756,5513.05001,117,427,move,0,,89,,,,{}
2026-02-27_164756,5513.068297,117,427,move,0,,89,,,,{}
2026-02-27_164756,5513.083072,159,427,move,0,,89,,,,{}
2026-02-27_164756,5513.10132,215,427,move,0,,89,,,,{}
2026-02-27_164756,5513.116187,252,427,move,0,,89,,,,{}
2026-02-27_164756,5513.132795,343,427,move,0,,89,,,,{}
2026-02-27_164756,5513.149338,475,427,move,0,,89,,,,{}
2026-02-27_164756,5513.165068,514,427,move,0,,89,,,,{}
2026-02-27_164756,5513.180274,552,427,move,0,,89,,,,{}
2026-02-27_164756,5513.196029,580,427,move,0,,89,,,,{}
2026-02-27_164756,5513.21167,602,427,move,0,,89,,,,{}
2026-02-27_164756,5513.227507,612,428,move,0,,89,,,,{}
2026-02-27_164756,5513.24348,619,428,move,0,,89,,,,{}
2026-02-27_164756,5513.251535,620,429,move,0,,89,,,,{}
2026-02-27_164756,5513.259591,620,429,move,0,,89,,,,{}
2026-02-27_164756,5513.274572,620,429,move,0,,89,,,,{}
2026-02-27_164756,5513.290083,620,429,move,0,,89,,,,{}
2026-02-27_164756,5513.30584,620,429,move,0,,89,,,,{}
2026-02-27_164756,5513.321771,620,429,move,0,,89,,,,{}
2026-02-27_164756,5513.33709,620,429,move,0,,89,,,,{}
2026-02-27_164756,5513.352431,620,429,move,0,,89,,,,{}
2026-02-27_164756,5513.367628,620,429,move,0,,89,,,,{}
2026-02-27_164756,5513.382866,620,429,move,0,,89,,,,{}
2026-02-27_164756,5513.397961,620,429,move,0,,89,,,,{}
2026-02-27_164756,5513.414345,620,429,move,0,,89,,,,{}
2026-02-27_164756,5513.429986,621,429,move,0,,89,,,,{}
2026-02-27_164756,5513.445835,623,429,move,0,,89,,,,{}
2026-02-27_164756,5513.461082,626,429,move,0,,89,,,,{}
2026-02-27_164756,5513.469164,632,429,move,0,,89,,,,{}
2026-02-27_164756,5513.477239,632,429,move,0,,89,,,,{}
2026-02-27_164756,5513.485297,646,429,move,0,,89,,,,{}
2026-02-27_164756,5513.493343,646,429,move,0,,89,,,,{}
2026-02-27_164756,5513.501473,659,429,move,0,,89,,,,{}
2026-02-27_164756,5513.516612,659,429,move,0,,89,,,,{}
2026-02-27_164756,5513.525883,673,430,move,0,,89,,,,{}
2026-02-27_164756,5513.533936,675,431,move,0,,89,,,,{}
2026-02-27_164756,5513.549041,675,431,move,0,,89,,,,{}
2026-02-27_164756,5513.570249,677,431,move,0,,89,,,,{}
2026-02-27_164756,5513.586155,677,431,move,0,,89,,,,{}
2026-02-27_164756,5513.601519,677,431,move,0,,89,,,,{}
2026-02-27_164756,5513.616406,677,431,move,0,,89,,,,{}
2026-02-27_164756,5513.633718,678,431,move,0,,89,,,,{}
2026-02-27_164756,5513.648633,680,431,move,0,,89,,,,{}
2026-02-27_164756,5513.664018,681,431,move,0,,89,,,,{}
2026-02-27_164756,5513.679218,682,431,move,0,,89,,,,{}
2026-02-27_164756,5513.694728,683,431,move,0,,89,,,,{}
2026-02-27_164756,5513.71061,685,431,move,0,,89,,,,{}
2026-02-27_164756,5513.725963,687,431,move,0,,89,,,,{}
2026-02-27_164756,5513.734069,689,431,move,0,,89,,,,{}
2026-02-27_164756,5513.742126,689,431,move,0,,89,,,,{}
2026-02-27_164756,5513.756858,689,431,move,0,,89,,,,{}
2026-02-27_164756,5513.766,689,431,move,0,,89,,,,{}
2026-02-27_164756,5513.770151,690,431,target_spawn,1,,90,40,P2_SWEEP,2,"{""label"": ""P2_SWEEP"", ""size"": 46}"
2026-02-27_164756,5513.770169,690,431,down,1,left,90,0,BASE,0,{}
2026-02-27_164756,5513.78758,690,431,move,1,,90,40,P2_SWEEP,2,{}
2026-02-27_164756,5513.803269,690,431,move,1,,90,40,P2_SWEEP,2,{}
2026-02-27_164756,5513.818767,690,431,move,1,,90,40,P2_SWEEP,2,{}
2026-02-27_164756,5513.834554,690,431,move,1,,90,40,P2_SWEEP,2,{}
2026-02-27_164756,5513.849968,690,431,move,1,,90,40,P2_SWEEP,2,{}
2026-02-27_164756,5513.865387,690,431,move,1,,90,40,P2_SWEEP,2,{}
2026-02-27_164756,5513.868146,690,431,up,1,left,90,,,,"{""hold_ms"": 98.131}"
2026-02-27_164756,5513.880535,690,431,move,0,,90,40,P2_SWEEP,2,{}
2026-02-27_164756,5513.896108,690,431,move,0,,90,40,P2_SWEEP,2,{}
2026-02-27_164756,5513.912127,690,431,move,0,,90,40,P2_SWEEP,2,{}
2026-02-27_164756,5513.927064,690,431,move,0,,90,40,P2_SWEEP,2,{}
2026-02-27_164756,5513.935141,690,424,move,0,,90,40,P2_SWEEP,2,{}
2026-02-27_164756,5513.943199,690,424,move,0,,90,40,P2_SWEEP,2,{}
2026-02-27_164756,5513.958613,683,416,move,0,,90,40,P2_SWEEP,2,{}
2026-02-27_164756,5513.966664,675,405,move,0,,90,40,P2_SWEEP,2,{}
2026-02-27_164756,5513.97472,675,405,move,0,,90,40,P2_SWEEP,2,{}
2026-02-27_164756,5513.983262,675,405,move,0,,90,40,P2_SWEEP,2,{}
2026-02-27_164756,5513.999635,658,389,move,0,,90,40,P2_SWEEP,2,{}
2026-02-27_164756,5514.016503,630,367,move,0,,90,40,P2_SWEEP,2,{}
2026-02-27_164756,5514.033516,614,351,move,0,,90,40,P2_SWEEP,2,{}
2026-02-27_164756,5514.049329,608,344,move,0,,90,40,P2_SWEEP,2,{}
2026-02-27_164756,5514.066628,606,337,move,0,,90,40,P2_SWEEP,2,{}
2026-02-27_164756,5514.082681,608,332,move,0,,90,40,P2_SWEEP,2,{}
2026-02-27_164756,5514.098357,611,327,move,0,,90,40,P2_SWEEP,2,{}
2026-02-27_164756,5514.113724,647,319,move,0,,90,40,P2_SWEEP,2,{}
2026-02-27_164756,5514.129647,694,318,move,0,,90,40,P2_SWEEP,2,{}
2026-02-27_164756,5514.145324,749,315,move,0,,90,40,P2_SWEEP,2,{}
2026-02-27_164756,5514.16071,828,315,move,0,,90,40,P2_SWEEP,2,{}
2026-02-27_164756,5514.176338,938,323,move,0,,90,40,P2_SWEEP,2,{}
2026-02-27_164756,5514.191794,1037,335,move,0,,90,40,P2_SWEEP,2,{}
2026-02-27_164756,5514.201067,1037,335,move,0,,90,40,P2_SWEEP,2,{}
2026-02-27_164756,5514.215661,1118,352,move,0,,90,40,P2_SWEEP,2,{}
2026-02-27_164756,5514.234284,1172,366,move,0,,90,40,P2_SWEEP,2,{}
2026-02-27_164756,5514.248817,1219,379,move,0,,90,40,P2_SWEEP,2,{}
2026-02-27_164756,5514.265845,1241,385,move,0,,90,40,P2_SWEEP,2,{}
2026-02-27_164756,5514.28314,1262,393,move,0,,90,40,P2_SWEEP,2,{}
2026-02-27_164756,5514.298575,1268,397,move,0,,90,40,P2_SWEEP,2,{}
2026-02-27_164756,5514.313731,1272,399,move,0,,90,40,P2_SWEEP,2,{}
2026-02-27_164756,5514.329012,1277,403,move,0,,90,40,P2_SWEEP,2,{}
2026-02-27_164756,5514.344317,1280,406,move,0,,90,40,P2_SWEEP,2,{}
2026-02-27_164756,5514.359544,1281,407,move,0,,90,40,P2_SWEEP,2,{}
2026-02-27_164756,5514.375375,1283,408,move,0,,90,40,P2_SWEEP,2,{}
2026-02-27_164756,5514.383457,1285,412,move,0,,90,40,P2_SWEEP,2,{}
2026-02-27_164756,5514.392809,1285,412,move,0,,90,40,P2_SWEEP,2,{}
2026-02-27_164756,5514.40628,1289,415,move,0,,90,40,P2_SWEEP,2,{}
2026-02-27_164756,5514.415723,1289,415,move,0,,90,40,P2_SWEEP,2,{}
2026-02-27_164756,5514.434596,1293,417,move,0,,90,40,P2_SWEEP,2,{}
2026-02-27_164756,5514.449137,1297,418,move,0,,90,40,P2_SWEEP,2,{}
2026-02-27_164756,5514.466759,1298,418,move,0,,90,40,P2_SWEEP,2,{}
2026-02-27_164756,5514.482788,1299,418,move,0,,90,40,P2_SWEEP,2,{}
2026-02-27_164756,5514.499217,1302,419,move,0,,90,40,P2_SWEEP,2,{}
2026-02-27_164756,5514.515191,1306,420,move,0,,90,40,P2_SWEEP,2,{}
2026-02-27_164756,5514.530732,1315,423,move,0,,90,40,P2_SWEEP,2,{}
2026-02-27_164756,5514.545927,1321,424,move,0,,90,40,P2_SWEEP,2,{}
2026-02-27_164756,5514.561065,1329,424,move,0,,90,40,P2_SWEEP,2,{}
2026-02-27_164756,5514.576382,1331,424,move,0,,90,40,P2_SWEEP,2,{}
2026-02-27_164756,5514.591817,1333,424,move,0,,90,40,P2_SWEEP,2,{}
2026-02-27_164756,5514.599878,1335,424,move,0,,90,40,P2_SWEEP,2,{}
2026-02-27_164756,5514.607963,1335,424,move,0,,90,40,P2_SWEEP,2,{}
2026-02-27_164756,5514.616352,1335,424,move,0,,90,40,P2_SWEEP,2,{}
2026-02-27_164756,5514.632548,1337,424,move,0,,90,40,P2_SWEEP,2,{}
2026-02-27_164756,5514.640617,1339,425,move,0,,90,40,P2_SWEEP,2,{}
2026-02-27_164756,5514.649853,1339,425,move,0,,90,40,P2_SWEEP,2,{}
2026-02-27_164756,5514.655629,1340,425,down,1,left,91,40,P2_SWEEP,2,{}
2026-02-27_164756,5514.665444,1340,425,move,1,,91,40,P2_SWEEP,2,{}
2026-02-27_164756,5514.68483,1341,425,move,1,,91,40,P2_SWEEP,2,{}
2026-02-27_164756,5514.700803,1341,425,move,1,,91,40,P2_SWEEP,2,{}
2026-02-27_164756,5514.716902,1341,425,move,1,,91,40,P2_SWEEP,2,{}
2026-02-27_164756,5514.7325,1341,425,move,1,,91,40,P2_SWEEP,2,{}
2026-02-27_164756,5514.748279,1341,425,move,1,,91,40,P2_SWEEP,2,{}
2026-02-27_164756,5514.762026,1341,425,target_end,1,,91,40,P2_SWEEP,2,"{""outcome"": ""HIT""}"
2026-02-27_164756,5514.762194,1341,425,up,1,left,91,40,P2_SWEEP,2,"{""hold_ms"": 106.225}"
2026-02-27_164756,5514.762231,1341,425,move,0,,91,,,,{}
2026-02-27_164756,5514.779063,1341,425,move,0,,91,,,,{}
2026-02-27_164756,5514.795002,1340,425,move,0,,91,,,,{}
2026-02-27_164756,5514.810935,1329,425,move,0,,91,,,,{}
2026-02-27_164756,5514.826752,1299,424,move,0,,91,,,,{}
2026-02-27_164756,5514.842389,1270,424,move,0,,91,,,,{}
2026-02-27_164756,5514.85766,1126,414,move,0,,91,,,,{}
2026-02-27_164756,5514.865888,1126,414,move,0,,91,,,,{}
2026-02-27_164756,5514.873962,982,407,move,0,,91,,,,{}
2026-02-27_164756,5514.882253,982,407,move,0,,91,,,,{}
2026-02-27_164756,5514.8993,846,404,move,0,,91,,,,{}
2026-02-27_164756,5514.916053,786,404,move,0,,91,,,,{}
2026-02-27_164756,5514.932835,710,406,move,0,,91,,,,{}
2026-02-27_164756,5514.948746,646,406,move,0,,91,,,,{}
2026-02-27_164756,5514.965994,637,407,move,0,,91,,,,{}
2026-02-27_164756,5514.982125,635,407,move,0,,91,,,,{}
2026-02-27_164756,5514.99725,635,407,move,0,,91,,,,{}
2026-02-27_164756,5515.014396,635,407,move,0,,91,,,,{}
2026-02-27_164756,5515.02878,635,407,move,0,,91,,,,{}
2026-02-27_164756,5515.044765,635,407,move,0,,91,,,,{}
2026-02-27_164756,5515.060278,635,407,move,0,,91,,,,{}
2026-02-27_164756,5515.07568,635,407,move,0,,91,,,,{}
2026-02-27_164756,5515.091612,635,407,move,0,,91,,,,{}
2026-02-27_164756,5515.107224,635,407,move,0,,91,,,,{}
2026-02-27_164756,5515.115784,635,407,move,0,,91,,,,{}
2026-02-27_164756,5515.13393,635,408,move,0,,91,,,,{}
2026-02-27_164756,5515.150142,635,410,move,0,,91,,,,{}
2026-02-27_164756,5515.167262,639,414,move,0,,91,,,,{}
2026-02-27_164756,5515.181806,643,416,move,0,,91,,,,{}
2026-02-27_164756,5515.198711,651,419,move,0,,91,,,,{}
2026-02-27_164756,5515.214777,661,420,move,0,,91,,,,{}
2026-02-27_164756,5515.230067,669,420,move,0,,91,,,,{}
2026-02-27_164756,5515.246093,682,420,move,0,,91,,,,{}
2026-02-27_164756,5515.261384,687,420,move,0,,91,,,,{}
2026-02-27_164756,5515.277193,691,420,move,0,,91,,,,{}
2026-02-27_164756,5515.29298,694,421,move,0,,91,,,,{}
2026-02-27_164756,5515.308499,695,421,move,0,,91,,,,{}
2026-02-27_164756,5515.316911,696,421,target_spawn,1,,92,41,P2_SWEEP,2,"{""label"": ""P2_SWEEP"", ""size"": 46}"
2026-02-27_164756,5515.316934,696,421,down,1,left,92,0,BASE,0,{}
2026-02-27_164756,5515.316972,696,421,move,1,,92,41,P2_SWEEP,2,{}
2026-02-27_164756,5515.3323,696,421,move,1,,92,41,P2_SWEEP,2,{}
2026-02-27_164756,5515.348512,697,421,move,1,,92,41,P2_SWEEP,2,{}
2026-02-27_164756,5515.370319,698,421,move,1,,92,41,P2_SWEEP,2,{}
2026-02-27_164756,5515.386399,698,421,move,1,,92,41,P2_SWEEP,2,{}
2026-02-27_164756,5515.402102,698,421,move,1,,92,41,P2_SWEEP,2,{}
2026-02-27_164756,5515.418163,698,421,move,1,,92,41,P2_SWEEP,2,{}
2026-02-27_164756,5515.433659,698,421,move,1,,92,41,P2_SWEEP,2,{}
2026-02-27_164756,5515.448703,698,421,move,1,,92,41,P2_SWEEP,2,{}
2026-02-27_164756,5515.45035,698,421,up,1,left,92,,,,"{""hold_ms"": 133.579}"
2026-02-27_164756,5515.464609,698,421,move,0,,92,41,P2_SWEEP,2,{}
2026-02-27_164756,5515.479792,698,421,move,0,,92,41,P2_SWEEP,2,{}
2026-02-27_164756,5515.495351,698,421,move,0,,92,41,P2_SWEEP,2,{}
2026-02-27_164756,5515.511194,698,421,move,0,,92,41,P2_SWEEP,2,{}
2026-02-27_164756,5515.527278,698,421,move,0,,92,41,P2_SWEEP,2,{}
2026-02-27_164756,5515.543046,698,422,move,0,,92,41,P2_SWEEP,2,{}
2026-02-27_164756,5515.55825,699,422,move,0,,92,41,P2_SWEEP,2,{}
2026-02-27_164756,5515.573698,699,422,move,0,,92,41,P2_SWEEP,2,{}
2026-02-27_164756,5515.582624,699,422,move,0,,92,41,P2_SWEEP,2,{}
2026-02-27_164756,5515.59978,700,422,move,0,,92,41,P2_SWEEP,2,{}
2026-02-27_164756,5515.617004,705,418,move,0,,92,41,P2_SWEEP,2,{}
2026-02-27_164756,5515.633838,710,413,move,0,,92,41,P2_SWEEP,2,{}
2026-02-27_164756,5515.649051,717,402,move,0,,92,41,P2_SWEEP,2,{}
2026-02-27_164756,5515.665782,718,392,move,0,,92,41,P2_SWEEP,2,{}
2026-02-27_164756,5515.681043,721,375,move,0,,92,41,P2_SWEEP,2,{}
2026-02-27_164756,5515.696276,723,339,move,0,,92,41,P2_SWEEP,2,{}
2026-02-27_164756,5515.711582,723,320,move,0,,92,41,P2_SWEEP,2,{}
2026-02-27_164756,5515.727466,723,294,move,0,,92,41,P2_SWEEP,2,{}
2026-02-27_164756,5515.74339,723,277,move,0,,92,41,P2_SWEEP,2,{}
2026-02-27_164756,5515.759518,723,263,move,0,,92,41,P2_SWEEP,2,{}
2026-02-27_164756,5515.767668,723,256,move,0,,92,41,P2_SWEEP,2,{}
2026-02-27_164756,5515.77575,723,256,move,0,,92,41,P2_SWEEP,2,{}
2026-02-27_164756,5515.783814,723,250,move,0,,92,41,P2_SWEEP,2,{}
2026-02-27_164756,5515.791866,723,250,move,0,,92,41,P2_SWEEP,2,{}
2026-02-27_164756,5515.800011,723,250,move,0,,92,41,P2_SWEEP,2,{}
2026-02-27_164756,5515.815198,723,247,move,0,,92,41,P2_SWEEP,2,{}
2026-02-27_164756,5515.823266,723,245,move,0,,92,41,P2_SWEEP,2,{}
2026-02-27_164756,5515.831765,723,245,move,0,,92,41,P2_SWEEP,2,{}
2026-02-27_164756,5515.848018,723,242,move,0,,92,41,P2_SWEEP,2,{}
2026-02-27_164756,5515.864871,724,237,move,0,,92,41,P2_SWEEP,2,{}
2026-02-27_164756,5515.881656,724,235,move,0,,92,41,P2_SWEEP,2,{}
2026-02-27_164756,5515.898514,725,232,move,0,,92,41,P2_SWEEP,2,{}
2026-02-27_164756,5515.914999,725,226,move,0,,92,41,P2_SWEEP,2,{}
2026-02-27_164756,5515.932086,726,218,move,0,,92,41,P2_SWEEP,2,{}
2026-02-27_164756,5515.94853,726,215,move,0,,92,41,P2_SWEEP,2,{}
2026-02-27_164756,5515.963595,727,210,move,0,,92,41,P2_SWEEP,2,{}
2026-02-27_164756,5515.979015,727,205,move,0,,92,41,P2_SWEEP,2,{}
2026-02-27_164756,5515.99439,727,203,move,0,,92,41,P2_SWEEP,2,{}
2026-02-27_164756,5516.01043,727,196,move,0,,92,41,P2_SWEEP,2,{}
2026-02-27_164756,5516.025226,727,192,move,0,,92,41,P2_SWEEP,2,{}
2026-02-27_164756,5516.040783,725,179,move,0,,92,41,P2_SWEEP,2,{}
2026-02-27_164756,5516.049026,725,179,move,0,,92,41,P2_SWEEP,2,{}
2026-02-27_164756,5516.065034,723,172,move,0,,92,41,P2_SWEEP,2,{}
2026-02-27_164756,5516.086627,723,169,move,0,,92,41,P2_SWEEP,2,{}
2026-02-27_164756,5516.088028,723,169,down,1,left,93,41,P2_SWEEP,2,{}
2026-02-27_164756,5516.102713,723,169,move,1,,93,41,P2_SWEEP,2,{}
2026-02-27_164756,5516.11869,723,169,move,1,,93,41,P2_SWEEP,2,{}
2026-02-27_164756,5516.134764,723,169,move,1,,93,41,P2_SWEEP,2,{}
2026-02-27_164756,5516.150797,723,169,move,1,,93,41,P2_SWEEP,2,{}
2026-02-27_164756,5516.166821,723,169,move,1,,93,41,P2_SWEEP,2,{}
2026-02-27_164756,5516.182086,723,169,move,1,,93,41,P2_SWEEP,2,{}
2026-02-27_164756,5516.185705,723,169,target_end,1,,93,41,P2_SWEEP,2,"{""outcome"": ""HIT""}"
2026-02-27_164756,5516.185878,723,169,up,1,left,93,41,P2_SWEEP,2,"{""hold_ms"": 97.515}"
2026-02-27_164756,5516.191174,723,169,move,0,,93,,,,{}
2026-02-27_164756,5516.212597,723,169,move,0,,93,,,,{}
2026-02-27_164756,5516.228056,723,169,move,0,,93,,,,{}
2026-02-27_164756,5516.243374,723,176,move,0,,93,,,,{}
2026-02-27_164756,5516.259116,722,185,move,0,,93,,,,{}
2026-02-27_164756,5516.275095,722,210,move,0,,93,,,,{}
2026-02-27_164756,5516.283184,720,238,move,0,,93,,,,{}
2026-02-27_164756,5516.29124,720,238,move,0,,93,,,,{}
2026-02-27_164756,5516.306091,716,277,move,0,,93,,,,{}
2026-02-27_164756,5516.315337,716,277,move,0,,93,,,,{}
2026-02-27_164756,5516.332073,715,294,move,0,,93,,,,{}
2026-02-27_164756,5516.349071,711,324,move,0,,93,,,,{}
2026-02-27_164756,5516.366869,706,363,move,0,,93,,,,{}
2026-02-27_164756,5516.381602,703,382,move,0,,93,,,,{}
2026-02-27_164756,5516.398039,699,401,move,0,,93,,,,{}
2026-02-27_164756,5516.414711,697,416,move,0,,93,,,,{}
2026-02-27_164756,5516.431701,695,426,move,0,,93,,,,{}
2026-02-27_164756,5516.446915,694,438,move,0,,93,,,,{}
2026-02-27_164756,5516.462561,694,446,move,0,,93,,,,{}
2026-02-27_164756,5516.478453,693,448,move,0,,93,,,,{}
2026-02-27_164756,5516.49435,693,449,move,0,,93,,,,{}
2026-02-27_164756,5516.511125,693,449,move,0,,93,,,,{}
2026-02-27_164756,5516.525854,693,449,move,0,,93,,,,{}
2026-02-27_164756,5516.541841,693,449,move,0,,93,,,,{}
2026-02-27_164756,5516.557868,693,449,move,0,,93,,,,{}
2026-02-27_164756,5516.57389,693,449,move,0,,93,,,,{}
2026-02-27_164756,5516.589661,693,449,move,0,,93,,,,{}
2026-02-27_164756,5516.604909,693,449,move,0,,93,,,,{}
2026-02-27_164756,5516.620799,693,449,move,0,,93,,,,{}
2026-02-27_164756,5516.628878,693,449,target_spawn,1,,94,42,P2_SWEEP,2,"{""label"": ""P2_SWEEP"", ""size"": 46}"
2026-02-27_164756,5516.6289,693,449,down,1,left,94,0,BASE,0,{}
2026-02-27_164756,5516.628953,693,449,move,1,,94,42,P2_SWEEP,2,{}
2026-02-27_164756,5516.637059,693,449,move,1,,94,42,P2_SWEEP,2,{}
2026-02-27_164756,5516.651903,693,449,move,1,,94,42,P2_SWEEP,2,{}
2026-02-27_164756,5516.667075,693,449,move,1,,94,42,P2_SWEEP,2,{}
2026-02-27_164756,5516.682872,693,449,move,1,,94,42,P2_SWEEP,2,{}
2026-02-27_164756,5516.698856,693,449,move,1,,94,42,P2_SWEEP,2,{}
2026-02-27_164756,5516.714579,693,449,move,1,,94,42,P2_SWEEP,2,{}
2026-02-27_164756,5516.726232,693,449,up,1,left,94,,,,"{""hold_ms"": 97.488}"
2026-02-27_164756,5516.726282,693,449,move,0,,94,42,P2_SWEEP,2,{}
2026-02-27_164756,5516.744608,693,449,move,0,,94,42,P2_SWEEP,2,{}
2026-02-27_164756,5516.759828,693,449,move,0,,94,42,P2_SWEEP,2,{}
2026-02-27_164756,5516.775118,693,449,move,0,,94,42,P2_SWEEP,2,{}
2026-02-27_164756,5516.791076,693,449,move,0,,94,42,P2_SWEEP,2,{}
2026-02-27_164756,5516.807014,693,449,move,0,,94,42,P2_SWEEP,2,{}
2026-02-27_164756,5516.822151,693,449,move,0,,94,42,P2_SWEEP,2,{}
2026-02-27_164756,5516.83757,693,449,move,0,,94,42,P2_SWEEP,2,{}
2026-02-27_164756,5516.848475,693,449,move,0,,94,42,P2_SWEEP,2,{}
2026-02-27_164756,5516.866178,693,448,move,0,,94,42,P2_SWEEP,2,{}
2026-02-27_164756,5516.882233,694,444,move,0,,94,42,P2_SWEEP,2,{}
2026-02-27_164756,5516.899027,696,435,move,0,,94,42,P2_SWEEP,2,{}
2026-02-27_164756,5516.915214,704,414,move,0,,94,42,P2_SWEEP,2,{}
2026-02-27_164756,5516.930883,711,401,move,0,,94,42,P2_SWEEP,2,{}
2026-02-27_164756,5516.945838,723,392,move,0,,94,42,P2_SWEEP,2,{}
2026-02-27_164756,5516.961001,729,390,move,0,,94,42,P2_SWEEP,2,{}
2026-02-27_164756,5516.977047,736,390,move,0,,94,42,P2_SWEEP,2,{}
2026-02-27_164756,5516.992728,741,398,move,0,,94,42,P2_SWEEP,2,{}
2026-02-27_164756,5517.008847,744,415,move,0,,94,42,P2_SWEEP,2,{}
2026-02-27_164756,5517.017779,744,415,move,0,,94,42,P2_SWEEP,2,{}
2026-02-27_164756,5517.034121,744,431,move,0,,94,42,P2_SWEEP,2,{}
2026-02-27_164756,5517.04844,742,479,move,0,,94,42,P2_SWEEP,2,{}
2026-02-27_164756,5517.064623,734,515,move,0,,94,42,P2_SWEEP,2,{}
2026-02-27_164756,5517.081416,727,539,move,0,,94,42,P2_SWEEP,2,{}
2026-02-27_164756,5517.09923,720,565,move,0,,94,42,P2_SWEEP,2,{}
2026-02-27_164756,5517.115954,713,588,move,0,,94,42,P2_SWEEP,2,{}
2026-02-27_164756,5517.13209,710,593,move,0,,94,42,P2_SWEEP,2,{}
2026-02-27_164756,5517.148967,709,599,move,0,,94,42,P2_SWEEP,2,{}
2026-02-27_164756,5517.164891,708,603,move,0,,94,42,P2_SWEEP,2,{}
2026-02-27_164756,5517.180882,707,607,move,0,,94,42,P2_SWEEP,2,{}
2026-02-27_164756,5517.196259,704,611,move,0,,94,42,P2_SWEEP,2,{}
2026-02-27_164756,5517.211377,703,614,move,0,,94,42,P2_SWEEP,2,{}
2026-02-27_164756,5517.226991,702,621,move,0,,94,42,P2_SWEEP,2,{}
2026-02-27_164756,5517.242358,702,628,move,0,,94,42,P2_SWEEP,2,{}
2026-02-27_164756,5517.257726,700,635,move,0,,94,42,P2_SWEEP,2,{}
2026-02-27_164756,5517.265805,700,646,move,0,,94,42,P2_SWEEP,2,{}
2026-02-27_164756,5517.273862,700,646,move,0,,94,42,P2_SWEEP,2,{}
2026-02-27_164756,5517.281916,700,649,move,0,,94,42,P2_SWEEP,2,{}
2026-02-27_164756,5517.298135,700,649,move,0,,94,42,P2_SWEEP,2,{}
2026-02-27_164756,5517.316743,700,652,move,0,,94,42,P2_SWEEP,2,{}
2026-02-27_164756,5517.332693,700,654,move,0,,94,42,P2_SWEEP,2,{}
2026-02-27_164756,5517.350458,700,657,move,0,,94,42,P2_SWEEP,2,{}
2026-02-27_164756,5517.364626,702,660,move,0,,94,42,P2_SWEEP,2,{}
2026-02-27_164756,5517.381536,706,665,move,0,,94,42,P2_SWEEP,2,{}
2026-02-27_164756,5517.398046,707,668,move,0,,94,42,P2_SWEEP,2,{}
2026-02-27_164756,5517.414091,709,671,move,0,,94,42,P2_SWEEP,2,{}
2026-02-27_164756,5517.429244,710,673,move,0,,94,42,P2_SWEEP,2,{}
2026-02-27_164756,5517.43089,711,676,down,1,left,95,42,P2_SWEEP,2,{}
2026-02-27_164756,5517.446132,711,676,move,1,,95,42,P2_SWEEP,2,{}
2026-02-27_164756,5517.461328,712,678,move,1,,95,42,P2_SWEEP,2,{}
2026-02-27_164756,5517.476569,714,680,move,1,,95,42,P2_SWEEP,2,{}
2026-02-27_164756,5517.492351,714,681,move,1,,95,42,P2_SWEEP,2,{}
2026-02-27_164756,5517.508332,714,681,move,1,,95,42,P2_SWEEP,2,{}
2026-02-27_164756,5517.523693,714,681,move,1,,95,42,P2_SWEEP,2,{}
2026-02-27_164756,5517.528689,714,681,target_end,1,,95,42,P2_SWEEP,2,"{""outcome"": ""HIT""}"
2026-02-27_164756,5517.528863,714,681,up,1,left,95,42,P2_SWEEP,2,"{""hold_ms"": 97.644}"
2026-02-27_164756,5517.531767,714,681,move,0,,95,,,,{}
2026-02-27_164756,5517.539819,714,681,move,0,,95,,,,{}
2026-02-27_164756,5517.554202,714,681,move,0,,95,,,,{}
2026-02-27_164756,5517.565409,714,681,move,0,,95,,,,{}
2026-02-27_164756,5517.58105,714,680,move,0,,95,,,,{}
2026-02-27_164756,5517.597469,714,677,move,0,,95,,,,{}
2026-02-27_164756,5517.615039,714,673,move,0,,95,,,,{}
2026-02-27_164756,5517.632135,714,664,move,0,,95,,,,{}
2026-02-27_164756,5517.646771,717,645,move,0,,95,,,,{}
2026-02-27_164756,5517.662249,719,609,move,0,,95,,,,{}
2026-02-27_164756,5517.677889,720,594,move,0,,95,,,,{}
2026-02-27_164756,5517.693519,721,584,move,0,,95,,,,{}
2026-02-27_164756,5517.708687,723,567,move,0,,95,,,,{}
2026-02-27_164756,5517.724334,723,558,move,0,,95,,,,{}
2026-02-27_164756,5517.732398,723,542,move,0,,95,,,,{}
2026-02-27_164756,5517.740528,723,542,move,0,,95,,,,{}
2026-02-27_164756,5517.748582,722,527,move,0,,95,,,,{}
2026-02-27_164756,5517.757672,722,527,move,0,,95,,,,{}
2026-02-27_164756,5517.765717,721,518,move,0,,95,,,,{}
2026-02-27_164756,5517.781433,721,518,move,0,,95,,,,{}
2026-02-27_164756,5517.79792,721,509,move,0,,95,,,,{}
2026-02-27_164756,5517.814849,718,498,move,0,,95,,,,{}
2026-02-27_164756,5517.830844,717,496,move,0,,95,,,,{}
2026-02-27_164756,5517.847593,716,493,move,0,,95,,,,{}
2026-02-27_164756,5517.864024,714,487,move,0,,95,,,,{}
2026-02-27_164756,5517.879263,711,481,move,0,,95,,,,{}
2026-02-27_164756,5517.894406,709,473,move,0,,95,,,,{}
2026-02-27_164756,5517.910135,708,467,move,0,,95,,,,{}
2026-02-27_164756,5517.925385,707,461,move,0,,95,,,,{}
2026-02-27_164756,5517.933437,705,456,move,0,,95,,,,{}
2026-02-27_164756,5517.948568,705,456,move,0,,95,,,,{}
2026-02-27_164756,5517.965607,705,453,move,0,,95,,,,{}
2026-02-27_164756,5517.980887,705,448,move,0,,95,,,,{}
2026-02-27_164756,5517.994238,705,446,move,0,,95,,,,{}
2026-02-27_164756,5517.995467,705,445,target_spawn,1,,96,43,P2_SWEEP,2,"{""label"": ""P2_SWEEP"", ""size"": 46}"
2026-02-27_164756,5517.995484,705,445,down,1,left,96,0,BASE,0,{}
2026-02-27_164756,5518.003429,705,445,move,1,,96,43,P2_SWEEP,2,{}
2026-02-27_164756,5518.017491,705,445,move,1,,96,43,P2_SWEEP,2,{}
2026-02-27_164756,5518.033082,705,445,move,1,,96,43,P2_SWEEP,2,{}
2026-02-27_164756,5518.049183,705,445,move,1,,96,43,P2_SWEEP,2,{}
2026-02-27_164756,5518.064228,705,445,move,1,,96,43,P2_SWEEP,2,{}
2026-02-27_164756,5518.08022,705,445,move,1,,96,43,P2_SWEEP,2,{}
2026-02-27_164756,5518.095541,705,445,move,1,,96,43,P2_SWEEP,2,{}
2026-02-27_164756,5518.11119,705,445,move,1,,96,43,P2_SWEEP,2,{}
2026-02-27_164756,5518.112768,705,445,up,1,left,96,,,,"{""hold_ms"": 117.435}"
2026-02-27_164756,5518.126221,705,445,move,0,,96,43,P2_SWEEP,2,{}
2026-02-27_164756,5518.141915,705,445,move,0,,96,43,P2_SWEEP,2,{}
2026-02-27_164756,5518.157084,705,445,move,0,,96,43,P2_SWEEP,2,{}
2026-02-27_164756,5518.165255,706,445,move,0,,96,43,P2_SWEEP,2,{}
2026-02-27_164756,5518.18412,706,445,move,0,,96,43,P2_SWEEP,2,{}
2026-02-27_164756,5518.199099,719,447,move,0,,96,43,P2_SWEEP,2,{}
2026-02-27_164756,5518.215152,732,450,move,0,,96,43,P2_SWEEP,2,{}
2026-02-27_164756,5518.232913,755,452,move,0,,96,43,P2_SWEEP,2,{}
2026-02-27_164756,5518.249169,794,455,move,0,,96,43,P2_SWEEP,2,{}
2026-02-27_164756,5518.264391,805,455,move,0,,96,43,P2_SWEEP,2,{}
2026-02-27_164756,5518.280185,810,455,move,0,,96,43,P2_SWEEP,2,{}
2026-02-27_164756,5518.29496,810,455,move,0,,96,43,P2_SWEEP,2,{}
2026-02-27_164756,5518.310127,810,455,move,0,,96,43,P2_SWEEP,2,{}
2026-02-27_164756,5518.326275,801,453,move,0,,96,43,P2_SWEEP,2,{}
2026-02-27_164756,5518.342256,779,444,move,0,,96,43,P2_SWEEP,2,{}
2026-02-27_164756,5518.357433,743,425,move,0,,96,43,P2_SWEEP,2,{}
2026-02-27_164756,5518.367163,743,425,move,0,,96,43,P2_SWEEP,2,{}
2026-02-27_164756,5518.375236,671,387,move,0,,96,43,P2_SWEEP,2,{}
2026-02-27_164756,5518.383292,566,323,move,0,,96,43,P2_SWEEP,2,{}
2026-02-27_164756,5518.401056,566,323,move,0,,96,43,P2_SWEEP,2,{}
2026-02-27_164756,5518.414448,431,252,move,0,,96,43,P2_SWEEP,2,{}
2026-02-27_164756,5518.431389,348,215,move,0,,96,43,P2_SWEEP,2,{}
2026-02-27_164756,5518.448538,246,184,move,0,,96,43,P2_SWEEP,2,{}
2026-02-27_164756,5518.46508,203,176,move,0,,96,43,P2_SWEEP,2,{}
2026-02-27_164756,5518.481231,179,173,move,0,,96,43,P2_SWEEP,2,{}
2026-02-27_164756,5518.498149,176,173,move,0,,96,43,P2_SWEEP,2,{}
2026-02-27_164756,5518.513771,176,173,move,0,,96,43,P2_SWEEP,2,{}
2026-02-27_164756,5518.529017,176,173,move,0,,96,43,P2_SWEEP,2,{}
2026-02-27_164756,5518.545019,176,173,move,0,,96,43,P2_SWEEP,2,{}
2026-02-27_164756,5518.560817,176,173,move,0,,96,43,P2_SWEEP,2,{}
2026-02-27_164756,5518.576726,175,173,move,0,,96,43,P2_SWEEP,2,{}
2026-02-27_164756,5518.592721,175,173,move,0,,96,43,P2_SWEEP,2,{}
2026-02-27_164756,5518.607951,175,173,move,0,,96,43,P2_SWEEP,2,{}
2026-02-27_164756,5518.62332,174,173,move,0,,96,43,P2_SWEEP,2,{}
2026-02-27_164756,5518.63138,169,176,move,0,,96,43,P2_SWEEP,2,{}
2026-02-27_164756,5518.639447,169,176,move,0,,96,43,P2_SWEEP,2,{}
2026-02-27_164756,5518.647515,163,179,move,0,,96,43,P2_SWEEP,2,{}
2026-02-27_164756,5518.666206,163,179,move,0,,96,43,P2_SWEEP,2,{}
2026-02-27_164756,5518.681398,153,181,move,0,,96,43,P2_SWEEP,2,{}
2026-02-27_164756,5518.698076,138,183,move,0,,96,43,P2_SWEEP,2,{}
2026-02-27_164756,5518.71503,127,183,move,0,,96,43,P2_SWEEP,2,{}
2026-02-27_164756,5518.731589,121,181,move,0,,96,43,P2_SWEEP,2,{}
2026-02-27_164756,5518.74843,118,180,move,0,,96,43,P2_SWEEP,2,{}
2026-02-27_164756,5518.763533,116,178,move,0,,96,43,P2_SWEEP,2,{}
2026-02-27_164756,5518.779043,114,176,move,0,,96,43,P2_SWEEP,2,{}
2026-02-27_164756,5518.794879,112,175,move,0,,96,43,P2_SWEEP,2,{}
2026-02-27_164756,5518.810811,111,173,move,0,,96,43,P2_SWEEP,2,{}
2026-02-27_164756,5518.82618,109,172,move,0,,96,43,P2_SWEEP,2,{}
2026-02-27_164756,5518.841643,109,170,move,0,,96,43,P2_SWEEP,2,{}
2026-02-27_164756,5518.857364,109,170,move,0,,96,43,P2_SWEEP,2,{}
2026-02-27_164756,5518.872799,109,170,move,0,,96,43,P2_SWEEP,2,{}
2026-02-27_164756,5518.879501,109,170,down,1,left,97,43,P2_SWEEP,2,{}
2026-02-27_164756,5518.879522,109,170,misclick,1,,97,43,P2_SWEEP,2,{}
2026-02-27_164756,5518.888305,109,170,move,1,,97,43,P2_SWEEP,2,{}
2026-02-27_164756,5518.897738,109,170,move,1,,97,43,P2_SWEEP,2,{}
2026-02-27_164756,5518.915419,108,170,move,1,,97,43,P2_SWEEP,2,{}
2026-02-27_164756,5518.933101,106,170,move,1,,97,43,P2_SWEEP,2,{}
2026-02-27_164756,5518.938528,101,170,up,1,left,97,,,,"{""hold_ms"": 59.151}"
2026-02-27_164756,5518.941179,101,170,move,0,,97,43,P2_SWEEP,2,{}
2026-02-27_164756,5518.949957,99,170,move,0,,97,43,P2_SWEEP,2,{}
2026-02-27_164756,5518.96391,99,170,move,0,,97,43,P2_SWEEP,2,{}
2026-02-27_164756,5518.980645,97,170,move,0,,97,43,P2_SWEEP,2,{}
2026-02-27_164756,5518.997422,95,170,move,0,,97,43,P2_SWEEP,2,{}
2026-02-27_164756,5519.013867,92,170,move,0,,97,43,P2_SWEEP,2,{}
2026-02-27_164756,5519.028403,91,170,move,0,,97,43,P2_SWEEP,2,{}
2026-02-27_164756,5519.043205,91,170,move,0,,97,43,P2_SWEEP,2,{}
2026-02-27_164756,5519.05834,91,170,move,0,,97,43,P2_SWEEP,2,{}
2026-02-27_164756,5519.073725,91,170,move,0,,97,43,P2_SWEEP,2,{}
2026-02-27_164756,5519.088179,91,170,down,1,left,98,43,P2_SWEEP,2,{}
2026-02-27_164756,5519.088224,91,170,move,1,,98,43,P2_SWEEP,2,{}
2026-02-27_164756,5519.105475,91,170,move,1,,98,43,P2_SWEEP,2,{}
2026-02-27_164756,5519.121389,91,170,move,1,,98,43,P2_SWEEP,2,{}
2026-02-27_164756,5519.136755,91,170,move,1,,98,43,P2_SWEEP,2,{}
2026-02-27_164756,5519.152793,91,170,move,1,,98,43,P2_SWEEP,2,{}
2026-02-27_164756,5519.163882,91,170,target_end,1,,98,43,P2_SWEEP,2,"{""outcome"": ""HIT""}"
2026-02-27_164756,5519.164046,91,170,up,1,left,98,43,P2_SWEEP,2,"{""hold_ms"": 75.5}"
2026-02-27_164756,5519.164083,91,170,move,0,,98,,,,{}
2026-02-27_164756,5519.183257,91,170,move,0,,98,,,,{}
2026-02-27_164756,5519.197002,91,170,move,0,,98,,,,{}
2026-02-27_164756,5519.214038,93,170,move,0,,98,,,,{}
2026-02-27_164756,5519.229501,101,171,move,0,,98,,,,{}
2026-02-27_164756,5519.244886,121,175,move,0,,98,,,,{}
2026-02-27_164756,5519.260241,152,186,move,0,,98,,,,{}
2026-02-27_164756,5519.276191,196,207,move,0,,98,,,,{}
2026-02-27_164756,5519.29001,196,207,move,0,,98,,,,{}
2026-02-27_164756,5519.307395,263,242,move,0,,98,,,,{}
2026-02-27_164756,5519.322684,321,276,move,0,,98,,,,{}
2026-02-27_164756,5519.334348,321,276,move,0,,98,,,,{}
2026-02-27_164756,5519.347453,399,321,move,0,,98,,,,{}
2026-02-27_164756,5519.364286,419,331,move,0,,98,,,,{}
2026-02-27_164756,5519.372363,441,341,move,0,,98,,,,{}
2026-02-27_164756,5519.380508,441,341,move,0,,98,,,,{}
2026-02-27_164756,5519.3973,466,351,move,0,,98,,,,{}
2026-02-27_164756,5519.413725,473,353,move,0,,98,,,,{}
2026-02-27_164756,5519.430641,490,359,move,0,,98,,,,{}
2026-02-27_164756,5519.44741,514,369,move,0,,98,,,,{}
2026-02-27_164756,5519.464063,529,374,move,0,,98,,,,{}
2026-02-27_164756,5519.479469,535,377,move,0,,98,,,,{}
2026-02-27_164756,5519.494646,539,380,move,0,,98,,,,{}
2026-02-27_164756,5519.509969,542,383,move,0,,98,,,,{}
2026-02-27_164756,5519.52549,546,388,move,0,,98,,,,{}
2026-02-27_164756,5519.540695,551,395,move,0,,98,,,,{}
2026-02-27_164756,5519.548757,556,401,move,0,,98,,,,{}
2026-02-27_164756,5519.556881,556,401,move,0,,98,,,,{}
2026-02-27_164756,5519.572242,559,403,move,0,,98,,,,{}
2026-02-27_164756,5519.581408,559,403,move,0,,98,,,,{}
2026-02-27_164756,5519.597287,565,409,move,0,,98,,,,{}
2026-02-27_164756,5519.613816,572,414,move,0,,98,,,,{}
2026-02-27_164756,5519.621872,578,416,move,0,,98,,,,{}
2026-02-27_164756,5519.63056,578,416,move,0,,98,,,,{}
2026-02-27_164756,5519.649098,586,417,move,0,,98,,,,{}
2026-02-27_164756,5519.664341,597,419,move,0,,98,,,,{}
2026-02-27_164756,5519.681163,616,419,move,0,,98,,,,{}
2026-02-27_164756,5519.697392,631,420,move,0,,98,,,,{}
2026-02-27_164756,5519.713436,642,422,move,0,,98,,,,{}
2026-02-27_164756,5519.728584,656,424,move,0,,98,,,,{}
2026-02-27_164756,5519.744434,669,428,move,0,,98,,,,{}
2026-02-27_164756,5519.760004,672,429,move,0,,98,,,,{}
2026-02-27_164756,5519.776242,678,430,move,0,,98,,,,{}
2026-02-27_164756,5519.791234,684,433,move,0,,98,,,,{}
2026-02-27_164756,5519.807088,696,437,move,0,,98,,,,{}
2026-02-27_164756,5519.82242,707,439,move,0,,98,,,,{}
2026-02-27_164756,5519.83048,715,442,move,0,,98,,,,{}
2026-02-27_164756,5519.838529,715,442,move,0,,98,,,,{}
2026-02-27_164756,5519.847239,715,442,move,0,,98,,,,{}
2026-02-27_164756,5519.863444,719,442,move,0,,98,,,,{}
2026-02-27_164756,5519.871511,723,442,move,0,,98,,,,{}
2026-02-27_164756,5519.880453,723,442,move,0,,98,,,,{}
2026-02-27_164756,5519.890014,723,443,target_spawn,1,,99,44,P2_SWEEP,2,"{""label"": ""P2_SWEEP"", ""size"": 46}"
2026-02-27_164756,5519.890036,723,443,down,1,left,99,0,BASE,0,{}
2026-02-27_164756,5519.890071,723,443,move,1,,99,44,P2_SWEEP,2,{}
2026-02-27_164756,5519.89953,723,443,move,1,,99,44,P2_SWEEP,2,{}
2026-02-27_164756,5519.915141,723,443,move,1,,99,44,P2_SWEEP,2,{}
2026-02-27_164756,5519.931068,723,443,move,1,,99,44,P2_SWEEP,2,{}
2026-02-27_164756,5519.947118,723,443,move,1,,99,44,P2_SWEEP,2,{}
2026-02-27_164756,5519.962676,723,443,move,1,,99,44,P2_SWEEP,2,{}
2026-02-27_164756,5519.978644,723,443,move,1,,99,44,P2_SWEEP,2,{}
2026-02-27_164756,5519.993809,723,443,move,1,,99,44,P2_SWEEP,2,{}
2026-02-27_164756,5520.003531,723,443,up,1,left,99,,,,"{""hold_ms"": 113.65}"
2026-02-27_164756,5520.003577,723,443,move,0,,99,44,P2_SWEEP,2,{}
2026-02-27_164756,5520.011658,723,443,move,0,,99,44,P2_SWEEP,2,{}
2026-02-27_164756,5520.025308,723,443,move,0,,99,44,P2_SWEEP,2,{}
2026-02-27_164756,5520.040976,723,443,move,0,,99,44,P2_SWEEP,2,{}
2026-02-27_164756,5520.056339,723,443,move,0,,99,44,P2_SWEEP,2,{}
2026-02-27_164756,5520.064557,723,443,move,0,,99,44,P2_SWEEP,2,{}
2026-02-27_164756,5520.080418,723,442,move,0,,99,44,P2_SWEEP,2,{}
2026-02-27_164756,5520.096935,723,441,move,0,,99,44,P2_SWEEP,2,{}
2026-02-27_164756,5520.113665,723,439,move,0,,99,44,P2_SWEEP,2,{}
2026-02-27_164756,5520.130339,723,438,move,0,,99,44,P2_SWEEP,2,{}
2026-02-27_164756,5520.147436,723,437,move,0,,99,44,P2_SWEEP,2,{}
2026-02-27_164756,5520.165542,723,436,move,0,,99,44,P2_SWEEP,2,{}
2026-02-27_164756,5520.180596,723,434,move,0,,99,44,P2_SWEEP,2,{}
2026-02-27_164756,5520.195951,732,424,move,0,,99,44,P2_SWEEP,2,{}
2026-02-27_164756,5520.211645,738,419,move,0,,99,44,P2_SWEEP,2,{}
2026-02-27_164756,5520.227515,764,408,move,0,,99,44,P2_SWEEP,2,{}
2026-02-27_164756,5520.244289,803,397,move,0,,99,44,P2_SWEEP,2,{}
2026-02-27_164756,5520.259623,877,376,move,0,,99,44,P2_SWEEP,2,{}
2026-02-27_164756,5520.275111,933,361,move,0,,99,44,P2_SWEEP,2,{}
2026-02-27_164756,5520.29098,1048,313,move,0,,99,44,P2_SWEEP,2,{}
2026-02-27_164756,5520.299207,1108,280,move,0,,99,44,P2_SWEEP,2,{}
2026-02-27_164756,5520.307261,1108,280,move,0,,99,44,P2_SWEEP,2,{}
2026-02-27_164756,5520.322114,1166,249,move,0,,99,44,P2_SWEEP,2,{}
2026-02-27_164756,5520.330164,1231,215,move,0,,99,44,P2_SWEEP,2,{}
2026-02-27_164756,5520.338213,1231,215,move,0,,99,44,P2_SWEEP,2,{}
2026-02-27_164756,5520.346762,1231,215,move,0,,99,44,P2_SWEEP,2,{}
2026-02-27_164756,5520.363869,1290,186,move,0,,99,44,P2_SWEEP,2,{}
2026-02-27_164756,5520.380806,1312,176,move,0,,99,44,P2_SWEEP,2,{}
2026-02-27_164756,5520.396823,1333,161,move,0,,99,44,P2_SWEEP,2,{}
2026-02-27_164756,5520.414653,1339,154,move,0,,99,44,P2_SWEEP,2,{}
2026-02-27_164756,5520.430303,1341,151,move,0,,99,44,P2_SWEEP,2,{}
2026-02-27_164756,5520.445437,1342,150,move,0,,99,44,P2_SWEEP,2,{}
2026-02-27_164756,5520.460663,1343,149,move,0,,99,44,P2_SWEEP,2,{}
2026-02-27_164756,5520.47653,1344,148,move,0,,99,44,P2_SWEEP,2,{}
2026-02-27_164756,5520.492394,1345,148,move,0,,99,44,P2_SWEEP,2,{}
2026-02-27_164756,5520.508464,1345,145,move,0,,99,44,P2_SWEEP,2,{}
2026-02-27_164756,5520.523846,1345,145,move,0,,99,44,P2_SWEEP,2,{}
2026-02-27_164756,5520.539084,1345,145,move,0,,99,44,P2_SWEEP,2,{}
2026-02-27_164756,5520.555102,1345,145,move,0,,99,44,P2_SWEEP,2,{}
2026-02-27_164756,5520.564195,1345,145,move,0,,99,44,P2_SWEEP,2,{}
2026-02-27_164756,5520.583199,1347,145,move,0,,99,44,P2_SWEEP,2,{}
2026-02-27_164756,5520.597154,1349,145,move,0,,99,44,P2_SWEEP,2,{}
2026-02-27_164756,5520.614031,1351,145,move,0,,99,44,P2_SWEEP,2,{}
2026-02-27_164756,5520.631422,1352,145,move,0,,99,44,P2_SWEEP,2,{}
2026-02-27_164756,5520.647487,1352,147,move,0,,99,44,P2_SWEEP,2,{}
2026-02-27_164756,5520.664055,1353,151,move,0,,99,44,P2_SWEEP,2,{}
2026-02-27_164756,5520.680335,1353,152,move,0,,99,44,P2_SWEEP,2,{}
2026-02-27_164756,5520.694744,1354,156,move,0,,99,44,P2_SWEEP,2,{}
2026-02-27_164756,5520.708317,1354,157,down,1,left,100,44,P2_SWEEP,2,{}
2026-02-27_164756,5520.708363,1354,157,move,1,,100,44,P2_SWEEP,2,{}
2026-02-27_164756,5520.726178,1354,157,move,1,,100,44,P2_SWEEP,2,{}
2026-02-27_164756,5520.741947,1354,157,move,1,,100,44,P2_SWEEP,2,{}
2026-02-27_164756,5520.757722,1354,157,move,1,,100,44,P2_SWEEP,2,{}
2026-02-27_164756,5520.773476,1354,157,move,1,,100,44,P2_SWEEP,2,{}
2026-02-27_164756,5520.789048,1354,157,move,1,,100,44,P2_SWEEP,2,{}
2026-02-27_164756,5520.805007,1354,157,move,1,,100,44,P2_SWEEP,2,{}
2026-02-27_164756,5520.806215,1354,157,target_end,1,,100,44,P2_SWEEP,2,"{""outcome"": ""HIT""}"
2026-02-27_164756,5520.806373,1354,157,up,1,left,100,44,P2_SWEEP,2,"{""hold_ms"": 97.738}"
2026-02-27_164756,5520.819841,1354,157,move,0,,100,,,,{}
2026-02-27_164756,5520.835803,1354,157,move,0,,100,,,,{}
2026-02-27_164756,5520.851042,1354,157,move,0,,100,,,,{}
2026-02-27_164756,5520.866441,1354,157,move,0,,100,,,,{}
2026-02-27_164756,5520.882401,1354,157,move,0,,100,,,,{}
2026-02-27_164756,5520.897818,1354,157,move,0,,100,,,,{}
2026-02-27_164756,5520.913185,1354,157,move,0,,100,,,,{}
2026-02-27_164756,5520.928614,1354,157,move,0,,100,,,,{}
2026-02-27_164756,5520.944195,1354,157,move,0,,100,,,,{}
2026-02-27_164756,5520.95973,1353,159,move,0,,100,,,,{}
2026-02-27_164756,5520.974917,1349,160,move,0,,100,,,,{}
2026-02-27_164756,5520.990053,1343,164,move,0,,100,,,,{}
2026-02-27_164756,5520.998111,1327,170,move,0,,100,,,,{}
2026-02-27_164756,5521.006189,1327,170,move,0,,100,,,,{}
2026-02-27_164756,5521.014325,1286,182,move,0,,100,,,,{}
2026-02-27_164756,5521.032016,1286,182,move,0,,100,,,,{}
2026-02-27_164756,5521.047663,1198,209,move,0,,100,,,,{}
2026-02-27_164756,5521.064395,1108,242,move,0,,100,,,,{}
2026-02-27_164756,5521.080438,1007,285,move,0,,100,,,,{}
2026-02-27_164756,5521.097391,949,315,move,0,,100,,,,{}
2026-02-27_164756,5521.113551,821,375,move,0,,100,,,,{}
2026-02-27_164756,5521.128266,771,400,move,0,,100,,,,{}
2026-02-27_164756,5521.14414,755,410,move,0,,100,,,,{}
2026-02-27_164756,5521.160066,741,419,move,0,,100,,,,{}
2026-02-27_164756,5521.175683,733,426,move,0,,100,,,,{}
2026-02-27_164756,5521.191749,733,426,move,0,,100,,,,{}
2026-02-27_164756,5521.207664,733,426,move,0,,100,,,,{}
2026-02-27_164756,5521.223113,733,426,move,0,,100,,,,{}
2026-02-27_164756,5521.231251,732,426,move,0,,100,,,,{}
2026-02-27_164756,5521.239362,732,426,move,0,,100,,,,{}
2026-02-27_164756,5521.247436,731,427,move,0,,100,,,,{}
2026-02-27_164756,5521.25549,731,427,move,0,,100,,,,{}
2026-02-27_164756,5521.263538,730,429,move,0,,100,,,,{}
2026-02-27_164756,5521.279803,730,429,move,0,,100,,,,{}
2026-02-27_164756,5521.296837,729,430,move,0,,100,,,,{}
2026-02-27_164756,5521.314647,728,432,move,0,,100,,,,{}
2026-02-27_164756,5521.331505,725,434,move,0,,100,,,,{}
2026-02-27_164756,5521.346739,723,436,move,0,,100,,,,{}
2026-02-27_164756,5521.363124,719,437,move,0,,100,,,,{}
2026-02-27_164756,5521.380137,717,439,move,0,,100,,,,{}
2026-02-27_164756,5521.39609,716,439,move,0,,100,,,,{}
2026-02-27_164756,5521.406025,716,439,target_spawn,1,,101,45,P2_SWEEP,2,"{""label"": ""P2_SWEEP"", ""size"": 46}"
2026-02-27_164756,5521.40607,716,439,down,1,left,101,0,BASE,0,{}
2026-02-27_164756,5521.406102,716,439,move,1,,101,45,P2_SWEEP,2,{}
2026-02-27_164756,5521.42792,716,439,move,1,,101,45,P2_SWEEP,2,{}
2026-02-27_164756,5521.443818,716,439,move,1,,101,45,P2_SWEEP,2,{}
2026-02-27_164756,5521.459098,716,439,move,1,,101,45,P2_SWEEP,2,{}
2026-02-27_164756,5521.47441,716,439,move,1,,101,45,P2_SWEEP,2,{}
2026-02-27_164756,5521.490447,716,439,move,1,,101,45,P2_SWEEP,2,{}
2026-02-27_164756,5521.496937,716,439,up,1,left,101,,,,"{""hold_ms"": 91.045}"
2026-02-27_164756,5521.503713,716,439,move,0,,101,45,P2_SWEEP,2,{}
2026-02-27_164756,5521.522508,716,439,move,0,,101,45,P2_SWEEP,2,{}
2026-02-27_164756,5521.530595,715,439,move,0,,101,45,P2_SWEEP,2,{}
2026-02-27_164756,5521.538646,715,439,move,0,,101,45,P2_SWEEP,2,{}
2026-02-27_164756,5521.548457,715,439,move,0,,101,45,P2_SWEEP,2,{}
2026-02-27_164756,5521.564385,714,437,move,0,,101,45,P2_SWEEP,2,{}
2026-02-27_164756,5521.580571,713,435,move,0,,101,45,P2_SWEEP,2,{}
2026-02-27_164756,5521.598624,712,430,move,0,,101,45,P2_SWEEP,2,{}
2026-02-27_164756,5521.614264,710,422,move,0,,101,45,P2_SWEEP,2,{}
2026-02-27_164756,5521.630212,703,407,move,0,,101,45,P2_SWEEP,2,{}
2026-02-27_164756,5521.645934,695,387,move,0,,101,45,P2_SWEEP,2,{}
2026-02-27_164756,5521.662118,686,362,move,0,,101,45,P2_SWEEP,2,{}
2026-02-27_164756,5521.677525,677,346,move,0,,101,45,P2_SWEEP,2,{}
2026-02-27_164756,5521.692887,673,341,move,0,,101,45,P2_SWEEP,2,{}
2026-02-27_164756,5521.708169,646,332,move,0,,101,45,P2_SWEEP,2,{}
2026-02-27_164756,5521.723553,623,332,move,0,,101,45,P2_SWEEP,2,{}
2026-02-27_164756,5521.738705,606,338,move,0,,101,45,P2_SWEEP,2,{}
2026-02-27_164756,5521.746865,579,354,move,0,,101,45,P2_SWEEP,2,{}
2026-02-27_164756,5521.754938,579,354,move,0,,101,45,P2_SWEEP,2,{}
2026-02-27_164756,5521.764637,579,354,move,0,,101,45,P2_SWEEP,2,{}
2026-02-27_164756,5521.779901,513,408,move,0,,101,45,P2_SWEEP,2,{}
2026-02-27_164756,5521.796232,468,441,move,0,,101,45,P2_SWEEP,2,{}
2026-02-27_164756,5521.813185,420,478,move,0,,101,45,P2_SWEEP,2,{}
2026-02-27_164756,5521.829597,332,537,move,0,,101,45,P2_SWEEP,2,{}
2026-02-27_164756,5521.846637,307,551,move,0,,101,45,P2_SWEEP,2,{}
2026-02-27_164756,5521.862711,252,582,move,0,,101,45,P2_SWEEP,2,{}
2026-02-27_164756,5521.877911,207,609,move,0,,101,45,P2_SWEEP,2,{}
2026-02-27_164756,5521.893191,161,631,move,0,,101,45,P2_SWEEP,2,{}
2026-02-27_164756,5521.909176,144,637,move,0,,101,45,P2_SWEEP,2,{}
2026-02-27_164756,5521.924329,120,644,move,0,,101,45,P2_SWEEP,2,{}
2026-02-27_164756,5521.940234,100,651,move,0,,101,45,P2_SWEEP,2,{}
2026-02-27_164756,5521.955658,94,652,move,0,,101,45,P2_SWEEP,2,{}
2026-02-27_164756,5521.963732,85,656,move,0,,101,45,P2_SWEEP,2,{}
2026-02-27_164756,5521.971793,85,656,move,0,,101,45,P2_SWEEP,2,{}
2026-02-27_164756,5521.980384,85,656,move,0,,101,45,P2_SWEEP,2,{}
2026-02-27_164756,5521.989747,75,660,move,0,,101,45,P2_SWEEP,2,{}
2026-02-27_164756,5521.997806,66,664,move,0,,101,45,P2_SWEEP,2,{}
2026-02-27_164756,5522.013704,66,664,move,0,,101,45,P2_SWEEP,2,{}
2026-02-27_164756,5522.0297,58,668,move,0,,101,45,P2_SWEEP,2,{}
2026-02-27_164756,5522.046407,54,671,move,0,,101,45,P2_SWEEP,2,{}
2026-02-27_164756,5522.064523,48,675,move,0,,101,45,P2_SWEEP,2,{}
2026-02-27_164756,5522.080494,42,678,move,0,,101,45,P2_SWEEP,2,{}
2026-02-27_164756,5522.096263,39,681,move,0,,101,45,P2_SWEEP,2,{}
2026-02-27_164756,5522.111765,38,682,move,0,,101,45,P2_SWEEP,2,{}
2026-02-27_164756,5522.126934,38,682,move,0,,101,45,P2_SWEEP,2,{}
2026-02-27_164756,5522.142663,38,682,move,0,,101,45,P2_SWEEP,2,{}
2026-02-27_164756,5522.15818,38,682,move,0,,101,45,P2_SWEEP,2,{}
2026-02-27_164756,5522.173418,38,682,move,0,,101,45,P2_SWEEP,2,{}
2026-02-27_164756,5522.181462,38,683,move,0,,101,45,P2_SWEEP,2,{}
2026-02-27_164756,5522.18951,38,683,move,0,,101,45,P2_SWEEP,2,{}
2026-02-27_164756,5522.198497,38,683,move,0,,101,45,P2_SWEEP,2,{}
2026-02-27_164756,5522.214747,38,685,move,0,,101,45,P2_SWEEP,2,{}
2026-02-27_164756,5522.235987,38,686,move,0,,101,45,P2_SWEEP,2,{}
2026-02-27_164756,5522.239609,38,686,down,1,left,102,45,P2_SWEEP,2,{}
2026-02-27_164756,5522.239632,38,686,misclick,1,,102,45,P2_SWEEP,2,{}
2026-02-27_164756,5522.25204,38,686,move,1,,102,45,P2_SWEEP,2,{}
2026-02-27_164756,5522.267303,38,686,move,1,,102,45,P2_SWEEP,2,{}
2026-02-27_164756,5522.283087,38,686,move,1,,102,45,P2_SWEEP,2,{}
2026-02-27_164756,5522.298657,38,686,move,1,,102,45,P2_SWEEP,2,{}
2026-02-27_164756,5522.303446,38,686,up,1,left,102,,,,"{""hold_ms"": 63.938}"
2026-02-27_164756,5522.309156,38,686,move,0,,102,45,P2_SWEEP,2,{}
2026-02-27_164756,5522.329648,38,686,move,0,,102,45,P2_SWEEP,2,{}
2026-02-27_164756,5522.346607,39,686,move,0,,102,45,P2_SWEEP,2,{}
2026-02-27_164756,5522.361545,43,686,move,0,,102,45,P2_SWEEP,2,{}
2026-02-27_164756,5522.377584,54,686,move,0,,102,45,P2_SWEEP,2,{}
2026-02-27_164756,5522.393386,58,686,move,0,,102,45,P2_SWEEP,2,{}
2026-02-27_164756,5522.409447,63,686,move,0,,102,45,P2_SWEEP,2,{}
2026-02-27_164756,5522.425427,64,686,move,0,,102,45,P2_SWEEP,2,{}
2026-02-27_164756,5522.44077,64,686,move,0,,102,45,P2_SWEEP,2,{}
2026-02-27_164756,5522.456651,65,686,move,0,,102,45,P2_SWEEP,2,{}
2026-02-27_164756,5522.471832,66,686,move,0,,102,45,P2_SWEEP,2,{}
2026-02-27_164756,5522.48062,66,686,move,0,,102,45,P2_SWEEP,2,{}
2026-02-27_164756,5522.48941,67,686,move,0,,102,45,P2_SWEEP,2,{}
2026-02-27_164756,5522.493697,67,686,down,1,left,103,45,P2_SWEEP,2,{}
2026-02-27_164756,5522.502858,67,686,move,1,,103,45,P2_SWEEP,2,{}
2026-02-27_164756,5522.518091,67,686,move,1,,103,45,P2_SWEEP,2,{}
2026-02-27_164756,5522.534052,67,686,move,1,,103,45,P2_SWEEP,2,{}
2026-02-27_164756,5522.549741,67,686,move,1,,103,45,P2_SWEEP,2,{}
2026-02-27_164756,5522.565242,67,686,move,1,,103,45,P2_SWEEP,2,{}
2026-02-27_164756,5522.576148,67,686,target_end,1,,103,45,P2_SWEEP,2,"{""outcome"": ""HIT""}"
2026-02-27_164756,5522.576314,67,686,up,1,left,103,45,P2_SWEEP,2,"{""hold_ms"": 82.23}"
2026-02-27_164756,5522.57635,67,686,move,0,,103,,,,{}
2026-02-27_164756,5522.596635,67,686,move,0,,103,,,,{}
2026-02-27_164756,5522.611775,67,686,move,0,,103,,,,{}
2026-02-27_164756,5522.627099,69,685,move,0,,103,,,,{}
2026-02-27_164756,5522.642379,72,684,move,0,,103,,,,{}
2026-02-27_164756,5522.658056,80,681,move,0,,103,,,,{}
2026-02-27_164756,5522.67309,100,678,move,0,,103,,,,{}
2026-02-27_164756,5522.688874,153,666,move,0,,103,,,,{}
2026-02-27_164756,5522.697023,153,666,move,0,,103,,,,{}
2026-02-27_164756,5522.705091,194,655,move,0,,103,,,,{}
2026-02-27_164756,5522.713138,290,634,move,0,,103,,,,{}
2026-02-27_164756,5522.721182,290,634,move,0,,103,,,,{}
2026-02-27_164756,5522.729562,290,634,move,0,,103,,,,{}
2026-02-27_164756,5522.738779,363,618,move,0,,103,,,,{}
2026-02-27_164756,5522.746833,468,591,move,0,,103,,,,{}
2026-02-27_164756,5522.762644,468,591,move,0,,103,,,,{}
2026-02-27_164756,5522.779593,536,568,move,0,,103,,,,{}
2026-02-27_164756,5522.796224,585,552,move,0,,103,,,,{}
2026-02-27_164756,5522.813449,611,543,move,0,,103,,,,{}
2026-02-27_164756,5522.829631,626,538,move,0,,103,,,,{}
2026-02-27_164756,5522.846236,652,526,move,0,,103,,,,{}
2026-02-27_164756,5522.862714,664,515,move,0,,103,,,,{}
2026-02-27_164756,5522.878356,671,504,move,0,,103,,,,{}
2026-02-27_164756,5522.894425,676,498,move,0,,103,,,,{}
2026-02-27_164756,5522.910148,679,491,move,0,,103,,,,{}
2026-02-27_164756,5522.926011,681,481,move,0,,103,,,,{}
2026-02-27_164756,5522.941751,682,478,move,0,,103,,,,{}
2026-02-27_164756,5522.957868,682,476,move,0,,103,,,,{}
2026-02-27_164756,5522.973624,682,473,move,0,,103,,,,{}
2026-02-27_164756,5522.989251,682,470,move,0,,103,,,,{}
2026-02-27_164756,5522.997318,682,468,move,0,,103,,,,{}
2026-02-27_164756,5523.005389,682,468,move,0,,103,,,,{}
2026-02-27_164756,5523.013437,681,465,move,0,,103,,,,{}
2026-02-27_164756,5523.021485,681,465,move,0,,103,,,,{}
2026-02-27_164756,5523.029706,681,465,move,0,,103,,,,{}
2026-02-27_164756,5523.045922,680,461,move,0,,103,,,,{}
2026-02-27_164756,5523.062417,680,455,move,0,,103,,,,{}
2026-02-27_164756,5523.078962,680,446,move,0,,103,,,,{}
2026-02-27_164756,5523.096138,680,444,move,0,,103,,,,{}
2026-02-27_164756,5523.113093,681,441,move,0,,103,,,,{}
2026-02-27_164756,5523.117585,682,440,down,1,left,104,,,,{}
2026-02-27_164756,5523.117606,682,440,misclick,1,,104,,,,{}
2026-02-27_164756,5523.127725,682,440,move,1,,104,,,,{}
2026-02-27_164756,5523.142958,682,440,move,1,,104,,,,{}
2026-02-27_164756,5523.159063,682,440,move,1,,104,,,,{}
2026-02-27_164756,5523.175146,682,440,move,1,,104,,,,{}
2026-02-27_164756,5523.191182,682,440,move,1,,104,,,,{}
2026-02-27_164756,5523.206587,682,440,up,1,left,104,,,,"{""hold_ms"": 89.001}"
2026-02-27_164756,5523.206634,682,440,move,0,,104,,,,{}
2026-02-27_164756,5523.222325,682,440,move,0,,104,,,,{}
2026-02-27_164756,5523.237491,682,440,move,0,,104,,,,{}
2026-02-27_164756,5523.2468,682,440,move,0,,104,,,,{}
2026-02-27_164756,5523.262378,683,440,move,0,,104,,,,{}
2026-02-27_164756,5523.282013,687,438,move,0,,104,,,,{}
2026-02-27_164756,5523.295598,708,435,move,0,,104,,,,{}
2026-02-27_164756,5523.313831,717,432,move,0,,104,,,,{}
2026-02-27_164756,5523.329513,736,427,move,0,,104,,,,{}
2026-02-27_164756,5523.347072,753,422,move,0,,104,,,,{}
2026-02-27_164756,5523.362682,771,417,move,0,,104,,,,{}
2026-02-27_164756,5523.378298,782,414,move,0,,104,,,,{}
2026-02-27_164756,5523.394219,806,407,move,0,,104,,,,{}
2026-02-27_164756,5523.40962,817,403,move,0,,104,,,,{}
2026-02-27_164756,5523.42487,829,397,move,0,,104,,,,{}
2026-02-27_164756,5523.440817,835,395,move,0,,104,,,,{}
2026-02-27_164756,5523.456011,835,395,move,0,,104,,,,{}
2026-02-27_164756,5523.472112,835,395,move,0,,104,,,,{}
2026-02-27_164756,5523.480186,834,395,move,0,,104,,,,{}
2026-02-27_164756,5523.488323,834,395,move,0,,104,,,,{}
2026-02-27_164756,5523.496573,834,395,move,0,,104,,,,{}
2026-02-27_164756,5523.513547,823,396,move,0,,104,,,,{}
2026-02-27_164756,5523.531141,815,399,move,0,,104,,,,{}
2026-02-27_164756,5523.546039,807,401,move,0,,104,,,,{}
2026-02-27_164756,5523.563491,800,404,move,0,,104,,,,{}
2026-02-27_164756,5523.580273,797,405,move,0,,104,,,,{}
2026-02-27_164756,5523.596677,791,407,move,0,,104,,,,{}
2026-02-27_164756,5523.611678,782,410,move,0,,104,,,,{}
2026-02-27_164756,5523.627296,775,411,move,0,,104,,,,{}
2026-02-27_164756,5523.64321,767,412,move,0,,104,,,,{}
2026-02-27_164756,5523.659055,759,413,move,0,,104,,,,{}
2026-02-27_164756,5523.674789,756,413,move,0,,104,,,,{}
2026-02-27_164756,5523.690538,754,413,move,0,,104,,,,{}
2026-02-27_164756,5523.706155,753,412,move,0,,104,,,,{}
2026-02-27_164756,5523.714214,751,411,move,0,,104,,,,{}
2026-02-27_164756,5523.722267,751,411,move,0,,104,,,,{}
2026-02-27_164756,5523.730693,751,411,move,0,,104,,,,{}
2026-02-27_164756,5523.738858,749,411,move,0,,104,,,,{}
2026-02-27_164756,5523.747095,749,411,move,0,,104,,,,{}
2026-02-27_164756,5523.762754,747,411,move,0,,104,,,,{}
2026-02-27_164756,5523.78065,744,411,move,0,,104,,,,{}
2026-02-27_164756,5523.796602,741,411,move,0,,104,,,,{}
2026-02-27_164756,5523.81253,736,412,move,0,,104,,,,{}
2026-02-27_164756,5523.828731,733,413,move,0,,104,,,,{}
2026-02-27_164756,5523.846031,728,417,move,0,,104,,,,{}
2026-02-27_164756,5523.861428,721,421,move,0,,104,,,,{}
2026-02-27_164756,5523.87742,715,423,move,0,,104,,,,{}
2026-02-27_164756,5523.893215,695,429,move,0,,104,,,,{}
2026-02-27_164756,5523.909055,693,430,move,0,,104,,,,{}
2026-02-27_164756,5523.917842,693,430,target_spawn,1,,105,46,P2_SWEEP,2,"{""label"": ""P2_SWEEP"", ""size"": 46}"
2026-02-27_164756,5523.917862,693,430,down,1,left,105,0,BASE,0,{}
2026-02-27_164756,5523.917893,693,430,move,1,,105,46,P2_SWEEP,2,{}
2026-02-27_164756,5523.939457,693,430,move,1,,105,46,P2_SWEEP,2,{}
2026-02-27_164756,5523.95502,693,430,move,1,,105,46,P2_SWEEP,2,{}
2026-02-27_164756,5523.970544,693,430,move,1,,105,46,P2_SWEEP,2,{}
2026-02-27_164756,5523.978617,693,430,up,1,left,105,,,,"{""hold_ms"": 60.905}"
2026-02-27_164756,5523.97868,693,430,move,0,,105,46,P2_SWEEP,2,{}
2026-02-27_164756,5523.98673,693,430,move,0,,105,46,P2_SWEEP,2,{}
2026-02-27_164756,5524.002178,693,430,move,0,,105,46,P2_SWEEP,2,{}
2026-02-27_164756,5524.01787,693,430,move,0,,105,46,P2_SWEEP,2,{}
2026-02-27_164756,5524.028973,693,430,move,0,,105,46,P2_SWEEP,2,{}
2026-02-27_164756,5524.046129,695,430,move,0,,105,46,P2_SWEEP,2,{}
2026-02-27_164756,5524.062879,700,429,move,0,,105,46,P2_SWEEP,2,{}
2026-02-27_164756,5524.07873,704,428,move,0,,105,46,P2_SWEEP,2,{}
2026-02-27_164756,5524.096081,715,426,move,0,,105,46,P2_SWEEP,2,{}
2026-02-27_164756,5524.112932,727,424,move,0,,105,46,P2_SWEEP,2,{}
2026-02-27_164756,5524.126787,741,423,move,0,,105,46,P2_SWEEP,2,{}
2026-02-27_164756,5524.142139,752,422,move,0,,105,46,P2_SWEEP,2,{}
2026-02-27_164756,5524.158089,758,418,move,0,,105,46,P2_SWEEP,2,{}
2026-02-27_164756,5524.174137,758,416,move,0,,105,46,P2_SWEEP,2,{}
2026-02-27_164756,5524.189892,758,416,move,0,,105,46,P2_SWEEP,2,{}
2026-02-27_164756,5524.205166,758,416,move,0,,105,46,P2_SWEEP,2,{}
2026-02-27_164756,5524.221111,758,416,move,0,,105,46,P2_SWEEP,2,{}
2026-02-27_164756,5524.237145,758,416,move,0,,105,46,P2_SWEEP,2,{}
2026-02-27_164756,5524.252533,758,416,move,0,,105,46,P2_SWEEP,2,{}
2026-02-27_164756,5524.267805,758,416,move,0,,105,46,P2_SWEEP,2,{}
2026-02-27_164756,5524.283355,758,416,move,0,,105,46,P2_SWEEP,2,{}
2026-02-27_164756,5524.299095,758,416,move,0,,105,46,P2_SWEEP,2,{}
2026-02-27_164756,5524.313683,758,416,move,0,,105,46,P2_SWEEP,2,{}
2026-02-27_164756,5524.328819,757,416,move,0,,105,46,P2_SWEEP,2,{}
2026-02-27_164756,5524.34632,758,416,move,0,,105,46,P2_SWEEP,2,{}
2026-02-27_164756,5524.361212,773,418,move,0,,105,46,P2_SWEEP,2,{}
2026-02-27_164756,5524.376528,790,422,move,0,,105,46,P2_SWEEP,2,{}
2026-02-27_164756,5524.392309,815,436,move,0,,105,46,P2_SWEEP,2,{}
2026-02-27_164756,5524.408122,850,457,move,0,,105,46,P2_SWEEP,2,{}
2026-02-27_164756,5524.416669,850,457,move,0,,105,46,P2_SWEEP,2,{}
2026-02-27_164756,5524.429366,925,503,move,0,,105,46,P2_SWEEP,2,{}
2026-02-27_164756,5524.438467,959,524,move,0,,105,46,P2_SWEEP,2,{}
2026-02-27_164756,5524.446539,993,543,move,0,,105,46,P2_SWEEP,2,{}
2026-02-27_164756,5524.454596,993,543,move,0,,105,46,P2_SWEEP,2,{}
2026-02-27_164756,5524.463578,993,543,move,0,,105,46,P2_SWEEP,2,{}
2026-02-27_164756,5524.48043,1020,557,move,0,,105,46,P2_SWEEP,2,{}
2026-02-27_164756,5524.497578,1033,559,move,0,,105,46,P2_SWEEP,2,{}
2026-02-27_164756,5524.513532,1037,559,move,0,,105,46,P2_SWEEP,2,{}
2026-02-27_164756,5524.530119,1042,559,move,0,,105,46,P2_SWEEP,2,{}
2026-02-27_164756,5524.546382,1046,559,move,0,,105,46,P2_SWEEP,2,{}
2026-02-27_164756,5524.563094,1054,561,move,0,,105,46,P2_SWEEP,2,{}
2026-02-27_164756,5524.578999,1066,564,move,0,,105,46,P2_SWEEP,2,{}
2026-02-27_164756,5524.59458,1085,569,move,0,,105,46,P2_SWEEP,2,{}
2026-02-27_164756,5524.610635,1101,573,move,0,,105,46,P2_SWEEP,2,{}
2026-02-27_164756,5524.625824,1131,580,move,0,,105,46,P2_SWEEP,2,{}
2026-02-27_164756,5524.641398,1189,597,move,0,,105,46,P2_SWEEP,2,{}
2026-02-27_164756,5524.656628,1216,605,move,0,,105,46,P2_SWEEP,2,{}
2026-02-27_164756,5524.671327,1269,626,move,0,,105,46,P2_SWEEP,2,{}
2026-02-27_164756,5524.679416,1299,639,move,0,,105,46,P2_SWEEP,2,{}
2026-02-27_164756,5524.687495,1299,639,move,0,,105,46,P2_SWEEP,2,{}
2026-02-27_164756,5524.696971,1299,639,move,0,,105,46,P2_SWEEP,2,{}
2026-02-27_164756,5524.712745,1327,649,move,0,,105,46,P2_SWEEP,2,{}
2026-02-27_164756,5524.728989,1344,655,move,0,,105,46,P2_SWEEP,2,{}
2026-02-27_164756,5524.746268,1351,656,move,0,,105,46,P2_SWEEP,2,{}
2026-02-27_164756,5524.764633,1357,659,move,0,,105,46,P2_SWEEP,2,{}
2026-02-27_164756,5524.78035,1363,661,move,0,,105,46,P2_SWEEP,2,{}
2026-02-27_164756,5524.794596,1369,666,move,0,,105,46,P2_SWEEP,2,{}
2026-02-27_164756,5524.809966,1371,667,move,0,,105,46,P2_SWEEP,2,{}
2026-02-27_164756,5524.825187,1371,667,move,0,,105,46,P2_SWEEP,2,{}
2026-02-27_164756,5524.840561,1371,667,move,0,,105,46,P2_SWEEP,2,{}
2026-02-27_164756,5524.856713,1372,668,move,0,,105,46,P2_SWEEP,2,{}
2026-02-27_164756,5524.872411,1372,668,move,0,,105,46,P2_SWEEP,2,{}
2026-02-27_164756,5524.887994,1372,668,move,0,,105,46,P2_SWEEP,2,{}
2026-02-27_164756,5524.903467,1372,668,move,0,,105,46,P2_SWEEP,2,{}
2026-02-27_164756,5524.919111,1372,668,move,0,,105,46,P2_SWEEP,2,{}
2026-02-27_164756,5524.93013,1372,668,move,0,,105,46,P2_SWEEP,2,{}
2026-02-27_164756,5524.948114,1372,671,move,0,,105,46,P2_SWEEP,2,{}
2026-02-27_164756,5524.962766,1372,676,move,0,,105,46,P2_SWEEP,2,{}
2026-02-27_164756,5524.979027,1372,681,move,0,,105,46,P2_SWEEP,2,{}
2026-02-27_164756,5524.998061,1371,688,move,0,,105,46,P2_SWEEP,2,{}
2026-02-27_164756,5525.013269,1370,692,move,0,,105,46,P2_SWEEP,2,{}
2026-02-27_164756,5525.028368,1370,692,move,0,,105,46,P2_SWEEP,2,{}
2026-02-27_164756,5525.043885,1370,692,move,0,,105,46,P2_SWEEP,2,{}
2026-02-27_164756,5525.050026,1370,692,down,1,left,106,46,P2_SWEEP,2,{}
2026-02-27_164756,5525.060115,1370,692,move,1,,106,46,P2_SWEEP,2,{}
2026-02-27_164756,5525.075781,1370,692,move,1,,106,46,P2_SWEEP,2,{}
2026-02-27_164756,5525.090756,1370,692,move,1,,106,46,P2_SWEEP,2,{}
2026-02-27_164756,5525.106122,1370,692,move,1,,106,46,P2_SWEEP,2,{}
2026-02-27_164756,5525.121331,1370,692,move,1,,106,46,P2_SWEEP,2,{}
2026-02-27_164756,5525.13401,1370,692,target_end,1,,106,46,P2_SWEEP,2,"{""outcome"": ""HIT""}"
2026-02-27_164756,5525.134181,1370,692,up,1,left,106,46,P2_SWEEP,2,"{""hold_ms"": 83.778}"
2026-02-27_164756,5525.134219,1370,692,move,0,,106,,,,{}
2026-02-27_164756,5525.151907,1370,692,move,0,,106,,,,{}
2026-02-27_164756,5525.164963,1370,692,move,0,,106,,,,{}
2026-02-27_164756,5525.179108,1368,692,move,0,,106,,,,{}
2026-02-27_164756,5525.195451,1366,692,move,0,,106,,,,{}
2026-02-27_164756,5525.212627,1364,692,move,0,,106,,,,{}
2026-02-27_164756,5525.229028,1361,692,move,0,,106,,,,{}
2026-02-27_164756,5525.243957,1356,692,move,0,,106,,,,{}
2026-02-27_164756,5525.259776,1350,692,move,0,,106,,,,{}
2026-02-27_164756,5525.275119,1340,692,move,0,,106,,,,{}
2026-02-27_164756,5525.291024,1328,692,move,0,,106,,,,{}
2026-02-27_164756,5525.305874,1296,692,move,0,,106,,,,{}
2026-02-27_164756,5525.321637,1235,682,move,0,,106,,,,{}
2026-02-27_164756,5525.330466,1235,682,move,0,,106,,,,{}
2026-02-27_164756,5525.338532,1203,682,move,0,,106,,,,{}
2026-02-27_164756,5525.353593,1178,682,move,0,,106,,,,{}
2026-02-27_164756,5525.362095,1178,682,move,0,,106,,,,{}
2026-02-27_164756,5525.37894,1164,682,move,0,,106,,,,{}
2026-02-27_164756,5525.396612,1154,682,move,0,,106,,,,{}
2026-02-27_164756,5525.412152,1140,679,move,0,,106,,,,{}
2026-02-27_164756,5525.429312,1132,676,move,0,,106,,,,{}
2026-02-27_164756,5525.444906,1111,663,move,0,,106,,,,{}
2026-02-27_164756,5525.461736,1042,621,move,0,,106,,,,{}
2026-02-27_164756,5525.476994,992,593,move,0,,106,,,,{}
2026-02-27_164756,5525.492554,908,557,move,0,,106,,,,{}
2026-02-27_164756,5525.507292,874,544,move,0,,106,,,,{}
2026-02-27_164756,5525.523015,837,525,move,0,,106,,,,{}
2026-02-27_164756,5525.53898,821,516,move,0,,106,,,,{}
2026-02-27_164756,5525.554909,783,487,move,0,,106,,,,{}
2026-02-27_164756,5525.570242,764,466,move,0,,106,,,,{}
2026-02-27_164756,5525.57853,764,466,move,0,,106,,,,{}
2026-02-27_164756,5525.595024,757,455,move,0,,106,,,,{}
2026-02-27_164756,5525.603088,752,446,move,0,,106,,,,{}
2026-02-27_164756,5525.611355,752,446,move,0,,106,,,,{}
2026-02-27_164756,5525.628158,743,434,move,0,,106,,,,{}
2026-02-27_164756,5525.644767,732,423,move,0,,106,,,,{}
2026-02-27_164756,5525.662262,723,418,move,0,,106,,,,{}
2026-02-27_164756,5525.679095,720,416,move,0,,106,,,,{}
2026-02-27_164756,5525.695305,718,416,move,0,,106,,,,{}
2026-02-27_164756,5525.710633,718,416,move,0,,106,,,,{}
2026-02-27_164756,5525.726716,718,416,move,0,,106,,,,{}
2026-02-27_164756,5525.742069,718,416,move,0,,106,,,,{}
2026-02-27_164756,5525.757239,718,416,move,0,,106,,,,{}
2026-02-27_164756,5525.77274,716,416,move,0,,106,,,,{}
2026-02-27_164756,5525.780852,714,416,move,0,,106,,,,{}
2026-02-27_164756,5525.788916,714,416,move,0,,106,,,,{}
2026-02-27_164756,5525.803913,713,415,move,0,,106,,,,{}
2026-02-27_164756,5525.807952,713,415,target_spawn,1,,107,47,P2_SWEEP,2,"{""label"": ""P2_SWEEP"", ""size"": 46}"
2026-02-27_164756,5525.80798,713,415,down,1,left,107,0,BASE,0,{}
2026-02-27_164756,5525.819692,713,415,move,1,,107,47,P2_SWEEP,2,{}
2026-02-27_164756,5525.83504,713,415,move,1,,107,47,P2_SWEEP,2,{}
2026-02-27_164756,5525.850391,713,415,move,1,,107,47,P2_SWEEP,2,{}
2026-02-27_164756,5525.865922,713,415,move,1,,107,47,P2_SWEEP,2,{}
2026-02-27_164756,5525.881057,713,415,move,1,,107,47,P2_SWEEP,2,{}
2026-02-27_164756,5525.896318,713,415,move,1,,107,47,P2_SWEEP,2,{}
2026-02-27_164756,5525.911719,713,415,move,1,,107,47,P2_SWEEP,2,{}
2026-02-27_164756,5525.926969,713,415,move,1,,107,47,P2_SWEEP,2,{}
2026-02-27_164756,5525.928658,713,415,up,1,left,107,,,,"{""hold_ms"": 120.845}"
2026-02-27_164756,5525.935031,713,415,move,0,,107,47,P2_SWEEP,2,{}
2026-02-27_164756,5525.943087,713,415,move,0,,107,47,P2_SWEEP,2,{}
2026-02-27_164756,5525.957697,713,415,move,0,,107,47,P2_SWEEP,2,{}
2026-02-27_164756,5525.972995,713,415,move,0,,107,47,P2_SWEEP,2,{}
2026-02-27_164756,5525.988702,713,415,move,0,,107,47,P2_SWEEP,2,{}
2026-02-27_164756,5526.004322,713,415,move,0,,107,47,P2_SWEEP,2,{}
2026-02-27_164756,5526.020186,713,415,move,0,,107,47,P2_SWEEP,2,{}
2026-02-27_164756,5526.035832,713,415,move,0,,107,47,P2_SWEEP,2,{}
2026-02-27_164756,5526.048081,713,415,move,0,,107,47,P2_SWEEP,2,{}
2026-02-27_164756,5526.062851,715,416,move,0,,107,47,P2_SWEEP,2,{}
2026-02-27_164756,5526.081441,717,417,move,0,,107,47,P2_SWEEP,2,{}
2026-02-27_164756,5526.097453,717,417,move,0,,107,47,P2_SWEEP,2,{}
2026-02-27_164756,5526.11309,717,417,move,0,,107,47,P2_SWEEP,2,{}
2026-02-27_164756,5526.128141,718,419,move,0,,107,47,P2_SWEEP,2,{}
2026-02-27_164756,5526.143608,717,423,move,0,,107,47,P2_SWEEP,2,{}
2026-02-27_164756,5526.158802,707,428,move,0,,107,47,P2_SWEEP,2,{}
2026-02-27_164756,5526.173941,688,435,move,0,,107,47,P2_SWEEP,2,{}
2026-02-27_164756,5526.189399,637,449,move,0,,107,47,P2_SWEEP,2,{}
2026-02-27_164756,5526.19749,558,463,move,0,,107,47,P2_SWEEP,2,{}
2026-02-27_164756,5526.213028,558,463,move,0,,107,47,P2_SWEEP,2,{}
2026-02-27_164756,5526.223074,367,490,move,0,,107,47,P2_SWEEP,2,{}
2026-02-27_164756,5526.231144,295,495,move,0,,107,47,P2_SWEEP,2,{}
2026-02-27_164756,5526.245429,295,495,move,0,,107,47,P2_SWEEP,2,{}
2026-02-27_164756,5526.262454,220,497,move,0,,107,47,P2_SWEEP,2,{}
2026-02-27_164756,5526.279477,155,497,move,0,,107,47,P2_SWEEP,2,{}
2026-02-27_164756,5526.295838,120,497,move,0,,107,47,P2_SWEEP,2,{}
2026-02-27_164756,5526.312221,113,497,move,0,,107,47,P2_SWEEP,2,{}
2026-02-27_164756,5526.328183,111,497,move,0,,107,47,P2_SWEEP,2,{}
2026-02-27_164756,5526.343339,111,497,move,0,,107,47,P2_SWEEP,2,{}
2026-02-27_164756,5526.359243,110,496,move,0,,107,47,P2_SWEEP,2,{}
2026-02-27_164756,5526.374859,108,495,move,0,,107,47,P2_SWEEP,2,{}
2026-02-27_164756,5526.389939,107,494,move,0,,107,47,P2_SWEEP,2,{}
2026-02-27_164756,5526.40506,106,494,move,0,,107,47,P2_SWEEP,2,{}
2026-02-27_164756,5526.420984,105,493,move,0,,107,47,P2_SWEEP,2,{}
2026-02-27_164756,5526.429072,103,491,move,0,,107,47,P2_SWEEP,2,{}
2026-02-27_164756,5526.437132,103,491,move,0,,107,47,P2_SWEEP,2,{}
2026-02-27_164756,5526.445182,100,487,move,0,,107,47,P2_SWEEP,2,{}
2026-02-27_164756,5526.453232,100,487,move,0,,107,47,P2_SWEEP,2,{}
2026-02-27_164756,5526.462578,100,487,move,0,,107,47,P2_SWEEP,2,{}
2026-02-27_164756,5526.471342,97,482,move,0,,107,47,P2_SWEEP,2,{}
2026-02-27_164756,5526.484507,96,478,move,0,,107,47,P2_SWEEP,2,{}
2026-02-27_164756,5526.494792,96,478,move,0,,107,47,P2_SWEEP,2,{}
2026-02-27_164756,5526.512555,95,473,move,0,,107,47,P2_SWEEP,2,{}
2026-02-27_164756,5526.52933,90,463,move,0,,107,47,P2_SWEEP,2,{}
2026-02-27_164756,5526.544793,87,457,move,0,,107,47,P2_SWEEP,2,{}
2026-02-27_164756,5526.56142,86,453,move,0,,107,47,P2_SWEEP,2,{}
2026-02-27_164756,5526.576804,85,450,move,0,,107,47,P2_SWEEP,2,{}
2026-02-27_164756,5526.592619,84,447,move,0,,107,47,P2_SWEEP,2,{}
2026-02-27_164756,5526.608469,84,445,move,0,,107,47,P2_SWEEP,2,{}
2026-02-27_164756,5526.624429,83,443,move,0,,107,47,P2_SWEEP,2,{}
2026-02-27_164756,5526.640399,82,441,move,0,,107,47,P2_SWEEP,2,{}
2026-02-27_164756,5526.655607,80,435,move,0,,107,47,P2_SWEEP,2,{}
2026-02-27_164756,5526.670965,80,434,move,0,,107,47,P2_SWEEP,2,{}
2026-02-27_164756,5526.678583,80,434,down,1,left,108,47,P2_SWEEP,2,{}
2026-02-27_164756,5526.679021,80,434,move,1,,108,47,P2_SWEEP,2,{}
2026-02-27_164756,5526.687093,80,434,move,1,,108,47,P2_SWEEP,2,{}
2026-02-27_164756,5526.701949,80,434,move,1,,108,47,P2_SWEEP,2,{}
2026-02-27_164756,5526.717591,80,434,move,1,,108,47,P2_SWEEP,2,{}
2026-02-27_164756,5526.733453,80,434,move,1,,108,47,P2_SWEEP,2,{}
2026-02-27_164756,5526.749079,80,434,move,1,,108,47,P2_SWEEP,2,{}
2026-02-27_164756,5526.765195,80,434,move,1,,108,47,P2_SWEEP,2,{}
2026-02-27_164756,5526.780406,80,434,move,1,,108,47,P2_SWEEP,2,{}
2026-02-27_164756,5526.784209,80,434,target_end,1,,108,47,P2_SWEEP,2,"{""outcome"": ""HIT""}"
2026-02-27_164756,5526.784379,80,434,up,1,left,108,47,P2_SWEEP,2,"{""hold_ms"": 105.45}"
2026-02-27_164756,5526.788478,80,434,move,0,,108,,,,{}
2026-02-27_164756,5526.796538,80,434,move,0,,108,,,,{}
2026-02-27_164756,5526.811915,80,434,move,0,,108,,,,{}
2026-02-27_164756,5526.82762,81,434,move,0,,108,,,,{}
2026-02-27_164756,5526.843613,92,436,move,0,,108,,,,{}
2026-02-27_164756,5526.858966,111,439,move,0,,108,,,,{}
2026-02-27_164756,5526.874521,146,443,move,0,,108,,,,{}
2026-02-27_164756,5526.890093,171,448,move,0,,108,,,,{}
2026-02-27_164756,5526.905489,258,460,move,0,,108,,,,{}
2026-02-27_164756,5526.920949,357,471,move,0,,108,,,,{}
2026-02-27_164756,5526.929012,396,473,move,0,,108,,,,{}
2026-02-27_164756,5526.937088,396,473,move,0,,108,,,,{}
2026-02-27_164756,5526.945151,463,475,move,0,,108,,,,{}
2026-02-27_164756,5526.953196,463,475,move,0,,108,,,,{}
2026-02-27_164756,5526.961362,463,475,move,0,,108,,,,{}
2026-02-27_164756,5526.969718,508,477,move,0,,108,,,,{}
2026-02-27_164756,5526.97846,508,477,move,0,,108,,,,{}
2026-02-27_164756,5526.994602,584,474,move,0,,108,,,,{}
2026-02-27_164756,5527.011339,600,474,move,0,,108,,,,{}
2026-02-27_164756,5527.028242,639,472,move,0,,108,,,,{}
2026-02-27_164756,5527.044492,675,468,move,0,,108,,,,{}
2026-02-27_164756,5527.061207,705,465,move,0,,108,,,,{}
2026-02-27_164756,5527.076671,718,464,move,0,,108,,,,{}
2026-02-27_164756,5527.092592,725,462,move,0,,108,,,,{}
2026-02-27_164756,5527.109083,728,462,move,0,,108,,,,{}
2026-02-27_164756,5527.124258,729,462,move,0,,108,,,,{}
2026-02-27_164756,5527.139396,729,462,move,0,,108,,,,{}
2026-02-27_164756,5527.155542,729,462,move,0,,108,,,,{}
2026-02-27_164756,5527.170972,729,460,move,0,,108,,,,{}
2026-02-27_164756,5527.180255,729,460,move,0,,108,,,,{}
2026-02-27_164756,5527.194748,729,459,move,0,,108,,,,{}
2026-02-27_164756,5527.211575,728,456,move,0,,108,,,,{}
2026-02-27_164756,5527.219642,728,453,move,0,,108,,,,{}
2026-02-27_164756,5527.229062,728,453,move,0,,108,,,,{}
2026-02-27_164756,5527.245834,726,451,move,0,,108,,,,{}
2026-02-27_164756,5527.2625,723,445,move,0,,108,,,,{}
2026-02-27_164756,5527.278702,720,440,move,0,,108,,,,{}
2026-02-27_164756,5527.294479,719,437,move,0,,108,,,,{}
2026-02-27_164756,5527.308198,719,437,target_spawn,1,,109,48,P2_SWEEP,2,"{""label"": ""P2_SWEEP"", ""size"": 46}"
2026-02-27_164756,5527.308222,719,437,down,1,left,109,0,BASE,0,{}
2026-02-27_164756,5527.308257,719,437,move,1,,109,48,P2_SWEEP,2,{}
2026-02-27_164756,5527.325285,719,437,move,1,,109,48,P2_SWEEP,2,{}
2026-02-27_164756,5527.340853,719,437,move,1,,109,48,P2_SWEEP,2,{}
2026-02-27_164756,5527.355996,719,437,move,1,,109,48,P2_SWEEP,2,{}
2026-02-27_164756,5527.372141,719,437,move,1,,109,48,P2_SWEEP,2,{}
2026-02-27_164756,5527.383895,719,437,up,1,left,109,,,,"{""hold_ms"": 75.835}"
2026-02-27_164756,5527.383947,719,437,move,0,,109,48,P2_SWEEP,2,{}
2026-02-27_164756,5527.403676,719,437,move,0,,109,48,P2_SWEEP,2,{}
2026-02-27_164756,5527.419586,719,437,move,0,,109,48,P2_SWEEP,2,{}
2026-02-27_164756,5527.427974,719,437,move,0,,109,48,P2_SWEEP,2,{}
2026-02-27_164756,5527.445626,722,440,move,0,,109,48,P2_SWEEP,2,{}
2026-02-27_164756,5527.461313,723,441,move,0,,109,48,P2_SWEEP,2,{}
2026-02-27_164756,5527.477928,725,441,move,0,,109,48,P2_SWEEP,2,{}
2026-02-27_164756,5527.496415,727,441,move,0,,109,48,P2_SWEEP,2,{}
2026-02-27_164756,5527.510993,731,441,move,0,,109,48,P2_SWEEP,2,{}
2026-02-27_164756,5527.526459,737,441,move,0,,109,48,P2_SWEEP,2,{}
2026-02-27_164756,5527.541272,741,440,move,0,,109,48,P2_SWEEP,2,{}
2026-02-27_164756,5527.556615,748,440,move,0,,109,48,P2_SWEEP,2,{}
2026-02-27_164756,5527.572039,773,439,move,0,,109,48,P2_SWEEP,2,{}
2026-02-27_164756,5527.58033,773,439,move,0,,109,48,P2_SWEEP,2,{}
2026-02-27_164756,5527.589731,791,439,move,0,,109,48,P2_SWEEP,2,{}
2026-02-27_164756,5527.60266,841,439,move,0,,109,48,P2_SWEEP,2,{}
2026-02-27_164756,5527.61121,841,439,move,0,,109,48,P2_SWEEP,2,{}
2026-02-27_164756,5527.62797,895,439,move,0,,109,48,P2_SWEEP,2,{}
2026-02-27_164756,5527.645107,942,439,move,0,,109,48,P2_SWEEP,2,{}
2026-02-27_164756,5527.660899,1010,440,move,0,,109,48,P2_SWEEP,2,{}
2026-02-27_164756,5527.677591,1062,442,move,0,,109,48,P2_SWEEP,2,{}
2026-02-27_164756,5527.694995,1108,444,move,0,,109,48,P2_SWEEP,2,{}
2026-02-27_164756,5527.711675,1128,444,move,0,,109,48,P2_SWEEP,2,{}
2026-02-27_164756,5527.727039,1183,442,move,0,,109,48,P2_SWEEP,2,{}
2026-02-27_164756,5527.742414,1228,440,move,0,,109,48,P2_SWEEP,2,{}
2026-02-27_164756,5527.757694,1242,438,move,0,,109,48,P2_SWEEP,2,{}
2026-02-27_164756,5527.772798,1262,435,move,0,,109,48,P2_SWEEP,2,{}
2026-02-27_164756,5527.788116,1272,435,move,0,,109,48,P2_SWEEP,2,{}
2026-02-27_164756,5527.797965,1272,435,move,0,,109,48,P2_SWEEP,2,{}
2026-02-27_164756,5527.810816,1280,434,move,0,,109,48,P2_SWEEP,2,{}
2026-02-27_164756,5527.818965,1283,434,move,0,,109,48,P2_SWEEP,2,{}
2026-02-27_164756,5527.827417,1283,434,move,0,,109,48,P2_SWEEP,2,{}
2026-02-27_164756,5527.836204,1285,433,move,0,,109,48,P2_SWEEP,2,{}
2026-02-27_164756,5527.844262,1287,433,move,0,,109,48,P2_SWEEP,2,{}
2026-02-27_164756,5527.862068,1287,433,move,0,,109,48,P2_SWEEP,2,{}
2026-02-27_164756,5527.877657,1288,433,move,0,,109,48,P2_SWEEP,2,{}
2026-02-27_164756,5527.895726,1290,433,move,0,,109,48,P2_SWEEP,2,{}
2026-02-27_164756,5527.910922,1292,433,move,0,,109,48,P2_SWEEP,2,{}
2026-02-27_164756,5527.927945,1293,433,move,0,,109,48,P2_SWEEP,2,{}
2026-02-27_164756,5527.943431,1298,433,move,0,,109,48,P2_SWEEP,2,{}
2026-02-27_164756,5527.958664,1303,433,move,0,,109,48,P2_SWEEP,2,{}
2026-02-27_164756,5527.973835,1303,433,move,0,,109,48,P2_SWEEP,2,{}
2026-02-27_164756,5527.989937,1303,432,move,0,,109,48,P2_SWEEP,2,{}
2026-02-27_164756,5528.005348,1303,432,move,0,,109,48,P2_SWEEP,2,{}
2026-02-27_164756,5528.013415,1305,431,move,0,,109,48,P2_SWEEP,2,{}
2026-02-27_164756,5528.021536,1305,431,move,0,,109,48,P2_SWEEP,2,{}
2026-02-27_164756,5528.037187,1305,431,move,0,,109,48,P2_SWEEP,2,{}
2026-02-27_164756,5528.052278,1305,431,move,0,,109,48,P2_SWEEP,2,{}
2026-02-27_164756,5528.065453,1305,431,down,1,left,110,48,P2_SWEEP,2,{}
2026-02-27_164756,5528.065468,1305,431,misclick,1,,110,48,P2_SWEEP,2,{}
2026-02-27_164756,5528.065504,1305,431,move,1,,110,48,P2_SWEEP,2,{}
2026-02-27_164756,5528.083248,1305,431,move,1,,110,48,P2_SWEEP,2,{}
2026-02-27_164756,5528.098554,1305,431,move,1,,110,48,P2_SWEEP,2,{}
2026-02-27_164756,5528.113545,1305,431,move,1,,110,48,P2_SWEEP,2,{}
2026-02-27_164756,5528.127568,1305,431,move,1,,110,48,P2_SWEEP,2,{}
2026-02-27_164756,5528.13481,1308,431,up,1,left,110,,,,"{""hold_ms"": 69.5}"
2026-02-27_164756,5528.135638,1308,431,move,0,,110,48,P2_SWEEP,2,{}
2026-02-27_164756,5528.144465,1308,431,move,0,,110,48,P2_SWEEP,2,{}
2026-02-27_164756,5528.160141,1309,431,move,0,,110,48,P2_SWEEP,2,{}
2026-02-27_164756,5528.175551,1312,431,move,0,,110,48,P2_SWEEP,2,{}
2026-02-27_164756,5528.190875,1321,433,move,0,,110,48,P2_SWEEP,2,{}
2026-02-27_164756,5528.206147,1326,433,move,0,,110,48,P2_SWEEP,2,{}
2026-02-27_164756,5528.221245,1339,434,move,0,,110,48,P2_SWEEP,2,{}
2026-02-27_164756,5528.229324,1346,435,move,0,,110,48,P2_SWEEP,2,{}
2026-02-27_164756,5528.237436,1346,435,move,0,,110,48,P2_SWEEP,2,{}
2026-02-27_164756,5528.252259,1354,436,move,0,,110,48,P2_SWEEP,2,{}
2026-02-27_164756,5528.261499,1354,436,move,0,,110,48,P2_SWEEP,2,{}
2026-02-27_164756,5528.283095,1355,437,move,0,,110,48,P2_SWEEP,2,{}
2026-02-27_164756,5528.290435,1355,437,down,1,left,111,48,P2_SWEEP,2,{}
2026-02-27_164756,5528.291165,1355,437,move,1,,111,48,P2_SWEEP,2,{}
2026-02-27_164756,5528.29922,1355,437,move,1,,111,48,P2_SWEEP,2,{}
2026-02-27_164756,5528.310668,1355,437,move,1,,111,48,P2_SWEEP,2,{}
2026-02-27_164756,5528.330807,1356,437,move,1,,111,48,P2_SWEEP,2,{}
2026-02-27_164756,5528.346703,1356,437,move,1,,111,48,P2_SWEEP,2,{}
2026-02-27_164756,5528.362053,1356,437,move,1,,111,48,P2_SWEEP,2,{}
2026-02-27_164756,5528.377775,1356,437,move,1,,111,48,P2_SWEEP,2,{}
2026-02-27_164756,5528.38152,1356,437,target_end,1,,111,48,P2_SWEEP,2,"{""outcome"": ""HIT""}"
2026-02-27_164756,5528.381696,1356,437,up,1,left,111,48,P2_SWEEP,2,"{""hold_ms"": 90.868}"
2026-02-27_164756,5528.385837,1356,437,move,0,,111,,,,{}
2026-02-27_164756,5528.393909,1356,437,move,0,,111,,,,{}
2026-02-27_164756,5528.409272,1356,437,move,0,,111,,,,{}
2026-02-27_164756,5528.424661,1356,437,move,0,,111,,,,{}
2026-02-27_164756,5528.440328,1356,438,move,0,,111,,,,{}
2026-02-27_164756,5528.455616,1350,440,move,0,,111,,,,{}
2026-02-27_164756,5528.471104,1335,441,move,0,,111,,,,{}
2026-02-27_164756,5528.479266,1257,443,move,0,,111,,,,{}
2026-02-27_164756,5528.487347,1257,443,move,0,,111,,,,{}
2026-02-27_164756,5528.502416,1197,443,move,0,,111,,,,{}
2026-02-27_164756,5528.510871,1197,443,move,0,,111,,,,{}
2026-02-27_164756,5528.527969,1090,443,move,0,,111,,,,{}
2026-02-27_164756,5528.54469,983,443,move,0,,111,,,,{}
2026-02-27_164756,5528.560617,878,443,move,0,,111,,,,{}
2026-02-27_164756,5528.57722,804,443,move,0,,111,,,,{}
2026-02-27_164756,5528.59407,754,443,move,0,,111,,,,{}
2026-02-27_164756,5528.611703,729,443,move,0,,111,,,,{}
2026-02-27_164756,5528.62738,726,443,move,0,,111,,,,{}
2026-02-27_164756,5528.64249,725,443,move,0,,111,,,,{}
2026-02-27_164756,5528.658398,725,443,move,0,,111,,,,{}
2026-02-27_164756,5528.674456,725,443,move,0,,111,,,,{}
2026-02-27_164756,5528.689805,725,443,move,0,,111,,,,{}
2026-02-27_164756,5528.705502,724,443,move,0,,111,,,,{}
2026-02-27_164756,5528.720633,724,443,move,0,,111,,,,{}
2026-02-27_164756,5528.728714,723,443,move,0,,111,,,,{}
2026-02-27_164756,5528.751283,723,443,move,0,,111,,,,{}
2026-02-27_164756,5528.762543,723,443,move,0,,111,,,,{}
2026-02-27_164756,5528.778109,722,443,move,0,,111,,,,{}
2026-02-27_164756,5528.794089,721,442,move,0,,111,,,,{}
2026-02-27_164756,5528.812373,720,441,move,0,,111,,,,{}
2026-02-27_164756,5528.827527,720,441,move,0,,111,,,,{}
2026-02-27_164756,5528.84274,720,441,move,0,,111,,,,{}
2026-02-27_164756,5528.846443,720,441,target_spawn,1,,112,49,P2_SWEEP,2,"{""label"": ""P2_SWEEP"", ""size"": 46}"
2026-02-27_164756,5528.846464,720,441,down,1,left,112,0,BASE,0,{}
2026-02-27_164756,5528.858502,720,441,move,1,,112,49,P2_SWEEP,2,{}
2026-02-27_164756,5528.874408,720,441,move,1,,112,49,P2_SWEEP,2,{}
2026-02-27_164756,5528.889442,720,441,move,1,,112,49,P2_SWEEP,2,{}
2026-02-27_164756,5528.904838,720,441,move,1,,112,49,P2_SWEEP,2,{}
2026-02-27_164756,5528.919955,720,441,move,1,,112,49,P2_SWEEP,2,{}
2026-02-27_164756,5528.921751,720,441,up,1,left,112,,,,"{""hold_ms"": 75.453}"
2026-02-27_164756,5528.928022,720,441,move,0,,112,49,P2_SWEEP,2,{}
2026-02-27_164756,5528.936069,720,441,move,0,,112,49,P2_SWEEP,2,{}
2026-02-27_164756,5528.951783,720,441,move,0,,112,49,P2_SWEEP,2,{}
2026-02-27_164756,5528.967779,720,441,move,0,,112,49,P2_SWEEP,2,{}
2026-02-27_164756,5528.983815,720,441,move,0,,112,49,P2_SWEEP,2,{}
2026-02-27_164756,5528.999389,720,441,move,0,,112,49,P2_SWEEP,2,{}
2026-02-27_164756,5529.012072,720,441,move,0,,112,49,P2_SWEEP,2,{}
2026-02-27_164756,5529.027998,718,440,move,0,,112,49,P2_SWEEP,2,{}
2026-02-27_164756,5529.046096,713,439,move,0,,112,49,P2_SWEEP,2,{}
2026-02-27_164756,5529.0611,696,436,move,0,,112,49,P2_SWEEP,2,{}
2026-02-27_164756,5529.076793,654,427,move,0,,112,49,P2_SWEEP,2,{}
2026-02-27_164756,5529.091962,603,413,move,0,,112,49,P2_SWEEP,2,{}
2026-02-27_164756,5529.107549,559,401,move,0,,112,49,P2_SWEEP,2,{}
2026-02-27_164756,5529.123438,519,388,move,0,,112,49,P2_SWEEP,2,{}
2026-02-27_164756,5529.138293,486,369,move,0,,112,49,P2_SWEEP,2,{}
2026-02-27_164756,5529.153723,481,358,move,0,,112,49,P2_SWEEP,2,{}
2026-02-27_164756,5529.16236,481,358,move,0,,112,49,P2_SWEEP,2,{}
2026-02-27_164756,5529.170424,482,345,move,0,,112,49,P2_SWEEP,2,{}
2026-02-27_164756,5529.17881,482,345,move,0,,112,49,P2_SWEEP,2,{}
2026-02-27_164756,5529.194455,489,331,move,0,,112,49,P2_SWEEP,2,{}
2026-02-27_164756,5529.202791,503,317,move,0,,112,49,P2_SWEEP,2,{}
2026-02-27_164756,5529.212231,503,317,move,0,,112,49,P2_SWEEP,2,{}
2026-02-27_164756,5529.228478,519,304,move,0,,112,49,P2_SWEEP,2,{}
2026-02-27_164756,5529.244097,551,276,move,0,,112,49,P2_SWEEP,2,{}
2026-02-27_164756,5529.260692,569,259,move,0,,112,49,P2_SWEEP,2,{}
2026-02-27_164756,5529.277815,581,251,move,0,,112,49,P2_SWEEP,2,{}
2026-02-27_164756,5529.294781,594,242,move,0,,112,49,P2_SWEEP,2,{}
2026-02-27_164756,5529.309884,610,230,move,0,,112,49,P2_SWEEP,2,{}
2026-02-27_164756,5529.324744,615,228,move,0,,112,49,P2_SWEEP,2,{}
2026-02-27_164756,5529.339968,624,224,move,0,,112,49,P2_SWEEP,2,{}
2026-02-27_164756,5529.355776,630,222,move,0,,112,49,P2_SWEEP,2,{}
2026-02-27_164756,5529.370702,633,218,move,0,,112,49,P2_SWEEP,2,{}
2026-02-27_164756,5529.386295,638,211,move,0,,112,49,P2_SWEEP,2,{}
2026-02-27_164756,5529.394381,642,204,move,0,,112,49,P2_SWEEP,2,{}
2026-02-27_164756,5529.410472,642,204,move,0,,112,49,P2_SWEEP,2,{}
2026-02-27_164756,5529.427109,645,199,move,0,,112,49,P2_SWEEP,2,{}
2026-02-27_164756,5529.445305,649,196,move,0,,112,49,P2_SWEEP,2,{}
2026-02-27_164756,5529.46126,652,193,move,0,,112,49,P2_SWEEP,2,{}
2026-02-27_164756,5529.477853,654,192,move,0,,112,49,P2_SWEEP,2,{}
2026-02-27_164756,5529.493503,655,190,move,0,,112,49,P2_SWEEP,2,{}
2026-02-27_164756,5529.511224,658,188,move,0,,112,49,P2_SWEEP,2,{}
2026-02-27_164756,5529.527421,661,184,move,0,,112,49,P2_SWEEP,2,{}
2026-02-27_164756,5529.543032,665,181,move,0,,112,49,P2_SWEEP,2,{}
2026-02-27_164756,5529.558585,668,179,move,0,,112,49,P2_SWEEP,2,{}
2026-02-27_164756,5529.574524,670,178,move,0,,112,49,P2_SWEEP,2,{}
2026-02-27_164756,5529.589886,671,177,move,0,,112,49,P2_SWEEP,2,{}
2026-02-27_164756,5529.604288,672,176,move,0,,112,49,P2_SWEEP,2,{}
2026-02-27_164756,5529.612381,674,174,move,0,,112,49,P2_SWEEP,2,{}
2026-02-27_164756,5529.626601,674,174,move,0,,112,49,P2_SWEEP,2,{}
2026-02-27_164756,5529.634732,676,173,move,0,,112,49,P2_SWEEP,2,{}
2026-02-27_164756,5529.644254,676,173,move,0,,112,49,P2_SWEEP,2,{}
2026-02-27_164756,5529.665477,677,172,move,0,,112,49,P2_SWEEP,2,{}
2026-02-27_164756,5529.670746,677,172,down,1,left,113,49,P2_SWEEP,2,{}
2026-02-27_164756,5529.670764,677,172,misclick,1,,113,49,P2_SWEEP,2,{}
2026-02-27_164756,5529.676915,677,172,move,1,,113,49,P2_SWEEP,2,{}
2026-02-27_164756,5529.696286,678,172,move,1,,113,49,P2_SWEEP,2,{}
2026-02-27_164756,5529.711613,678,172,move,1,,113,49,P2_SWEEP,2,{}
2026-02-27_164756,5529.726877,679,172,move,1,,113,49,P2_SWEEP,2,{}
2026-02-27_164756,5529.742123,679,172,move,1,,113,49,P2_SWEEP,2,{}
2026-02-27_164756,5529.757614,679,172,move,1,,113,49,P2_SWEEP,2,{}
2026-02-27_164756,5529.767485,680,172,up,1,left,113,,,,"{""hold_ms"": 96.885}"
2026-02-27_164756,5529.767533,680,172,move,0,,113,49,P2_SWEEP,2,{}
2026-02-27_164756,5529.775616,680,172,move,0,,113,49,P2_SWEEP,2,{}
2026-02-27_164756,5529.789122,680,172,move,0,,113,49,P2_SWEEP,2,{}
2026-02-27_164756,5529.804498,681,172,move,0,,113,49,P2_SWEEP,2,{}
2026-02-27_164756,5529.820547,682,172,move,0,,113,49,P2_SWEEP,2,{}
2026-02-27_164756,5529.828636,685,173,move,0,,113,49,P2_SWEEP,2,{}
2026-02-27_164756,5529.836696,685,173,move,0,,113,49,P2_SWEEP,2,{}
2026-02-27_164756,5529.852059,691,173,move,0,,113,49,P2_SWEEP,2,{}
2026-02-27_164756,5529.860325,691,173,move,0,,113,49,P2_SWEEP,2,{}
2026-02-27_164756,5529.876432,694,173,move,0,,113,49,P2_SWEEP,2,{}
2026-02-27_164756,5529.893175,701,173,move,0,,113,49,P2_SWEEP,2,{}
2026-02-27_164756,5529.909818,704,173,move,0,,113,49,P2_SWEEP,2,{}
2026-02-27_164756,5529.926048,705,173,down,1,left,114,49,P2_SWEEP,2,{}
2026-02-27_164756,5529.926094,705,173,move,1,,114,49,P2_SWEEP,2,{}
2026-02-27_164756,5529.944032,705,173,move,1,,114,49,P2_SWEEP,2,{}
2026-02-27_164756,5529.959794,705,173,move,1,,114,49,P2_SWEEP,2,{}
2026-02-27_164756,5529.975494,705,173,move,1,,114,49,P2_SWEEP,2,{}
2026-02-27_164756,5529.991471,705,173,move,1,,114,49,P2_SWEEP,2,{}
2026-02-27_164756,5530.007404,705,173,move,1,,114,49,P2_SWEEP,2,{}
2026-02-27_164756,5530.02325,705,173,move,1,,114,49,P2_SWEEP,2,{}
2026-02-27_164756,5530.031329,705,173,target_end,1,,114,49,P2_SWEEP,2,"{""outcome"": ""HIT""}"
2026-02-27_164756,5530.031507,705,173,up,1,left,114,49,P2_SWEEP,2,"{""hold_ms"": 105.071}"
2026-02-27_164756,5530.031603,705,173,move,0,,114,,,,{}
2026-02-27_164756,5530.039654,705,173,move,0,,114,,,,{}
2026-02-27_164756,5530.054821,705,173,move,0,,114,,,,{}
2026-02-27_164756,5530.070675,705,173,move,0,,114,,,,{}
2026-02-27_164756,5530.085903,706,173,move,0,,114,,,,{}
2026-02-27_164756,5530.10162,706,173,move,0,,114,,,,{}
2026-02-27_164756,5530.111359,706,173,move,0,,114,,,,{}
2026-02-27_164756,5530.127009,706,176,move,0,,114,,,,{}
2026-02-27_164756,5530.143925,710,185,move,0,,114,,,,{}
2026-02-27_164756,5530.160824,713,200,move,0,,114,,,,{}
2026-02-27_164756,5530.176919,716,226,move,0,,114,,,,{}
2026-02-27_164756,5530.193805,719,250,move,0,,114,,,,{}
2026-02-27_164756,5530.210443,719,304,move,0,,114,,,,{}
2026-02-27_164756,5530.225293,713,343,move,0,,114,,,,{}
2026-02-27_164756,5530.240575,710,360,move,0,,114,,,,{}
2026-02-27_164756,5530.255952,704,372,move,0,,114,,,,{}
2026-02-27_164756,5530.271179,701,382,move,0,,114,,,,{}
2026-02-27_164756,5530.286794,698,391,move,0,,114,,,,{}
2026-02-27_164756,5530.302009,697,394,move,0,,114,,,,{}
2026-02-27_164756,5530.310561,697,394,move,0,,114,,,,{}
2026-02-27_164756,5530.319319,697,399,move,0,,114,,,,{}
2026-02-27_164756,5530.327366,696,403,move,0,,114,,,,{}
2026-02-27_164756,5530.345259,696,403,move,0,,114,,,,{}
2026-02-27_164756,5530.36443,695,405,move,0,,114,,,,{}
2026-02-27_164756,5530.379773,695,405,move,0,,114,,,,{}
2026-02-27_164756,5530.393875,695,409,move,0,,114,,,,{}
2026-02-27_164756,5530.411342,695,411,move,0,,114,,,,{}
2026-02-27_164756,5530.426519,695,412,move,0,,114,,,,{}
2026-02-27_164756,5530.441815,695,415,move,0,,114,,,,{}
2026-02-27_164756,5530.457883,695,417,move,0,,114,,,,{}
2026-02-27_164756,5530.472508,698,424,move,0,,114,,,,{}
2026-02-27_164756,5530.488373,702,432,move,0,,114,,,,{}
2026-02-27_164756,5530.504086,706,439,move,0,,114,,,,{}
2026-02-27_164756,5530.512223,707,441,move,0,,114,,,,{}
2026-02-27_164756,5530.520278,707,441,move,0,,114,,,,{}
2026-02-27_164756,5530.535985,707,441,move,0,,114,,,,{}
2026-02-27_164756,5530.540579,707,441,target_spawn,1,,115,50,P2_SWEEP,2,"{""label"": ""P2_SWEEP"", ""size"": 46}"
2026-02-27_164756,5530.540602,707,441,down,1,left,115,0,BASE,0,{}
2026-02-27_164756,5530.551143,707,441,move,1,,115,50,P2_SWEEP,2,{}
2026-02-27_164756,5530.566787,707,441,move,1,,115,50,P2_SWEEP,2,{}
2026-02-27_164756,5530.582048,707,441,move,1,,115,50,P2_SWEEP,2,{}
2026-02-27_164756,5530.597783,707,441,move,1,,115,50,P2_SWEEP,2,{}
2026-02-27_164756,5530.613173,707,441,move,1,,115,50,P2_SWEEP,2,{}
2026-02-27_164756,5530.628213,707,441,move,1,,115,50,P2_SWEEP,2,{}
2026-02-27_164756,5530.638476,707,441,up,1,left,115,,,,"{""hold_ms"": 98.031}"
2026-02-27_164756,5530.638552,707,441,move,0,,115,50,P2_SWEEP,2,{}
2026-02-27_164756,5530.659974,707,441,move,0,,115,50,P2_SWEEP,2,{}
2026-02-27_164756,5530.67506,707,441,move,0,,115,50,P2_SWEEP,2,{}
2026-02-27_164756,5530.69017,707,441,move,0,,115,50,P2_SWEEP,2,{}
2026-02-27_164756,5530.70629,707,441,move,0,,115,50,P2_SWEEP,2,{}
2026-02-27_164756,5530.722399,707,441,move,0,,115,50,P2_SWEEP,2,{}
2026-02-27_164756,5530.737756,707,441,move,0,,115,50,P2_SWEEP,2,{}
2026-02-27_164756,5530.753218,707,441,move,0,,115,50,P2_SWEEP,2,{}
2026-02-27_164756,5530.768261,707,441,move,0,,115,50,P2_SWEEP,2,{}
2026-02-27_164756,5530.783378,707,441,move,0,,115,50,P2_SWEEP,2,{}
2026-02-27_164756,5530.799377,707,441,move,0,,115,50,P2_SWEEP,2,{}
2026-02-27_164756,5530.814795,707,441,move,0,,115,50,P2_SWEEP,2,{}
2026-02-27_164756,5530.830587,707,441,move,0,,115,50,P2_SWEEP,2,{}
2026-02-27_164756,5530.846621,707,441,move,0,,115,50,P2_SWEEP,2,{}
2026-02-27_164756,5530.862464,707,441,move,0,,115,50,P2_SWEEP,2,{}
2026-02-27_164756,5530.877125,707,441,move,0,,115,50,P2_SWEEP,2,{}
2026-02-27_164756,5530.892923,709,443,move,0,,115,50,P2_SWEEP,2,{}
2026-02-27_164756,5530.909512,713,451,move,0,,115,50,P2_SWEEP,2,{}
2026-02-27_164756,5530.924771,717,459,move,0,,115,50,P2_SWEEP,2,{}
2026-02-27_164756,5530.940816,721,471,move,0,,115,50,P2_SWEEP,2,{}
2026-02-27_164756,5530.956364,722,480,move,0,,115,50,P2_SWEEP,2,{}
2026-02-27_164756,5530.972179,727,520,move,0,,115,50,P2_SWEEP,2,{}
2026-02-27_164756,5530.987734,731,543,move,0,,115,50,P2_SWEEP,2,{}
2026-02-27_164756,5531.003513,732,566,move,0,,115,50,P2_SWEEP,2,{}
2026-02-27_164756,5531.012003,732,566,move,0,,115,50,P2_SWEEP,2,{}
2026-02-27_164756,5531.020076,734,586,move,0,,115,50,P2_SWEEP,2,{}
2026-02-27_164756,5531.035047,735,613,move,0,,115,50,P2_SWEEP,2,{}
2026-02-27_164756,5531.044219,735,613,move,0,,115,50,P2_SWEEP,2,{}
2026-02-27_164756,5531.060042,735,628,move,0,,115,50,P2_SWEEP,2,{}
2026-02-27_164756,5531.069585,738,647,move,0,,115,50,P2_SWEEP,2,{}
2026-02-27_164756,5531.079031,738,647,move,0,,115,50,P2_SWEEP,2,{}
2026-02-27_164756,5531.094914,738,661,move,0,,115,50,P2_SWEEP,2,{}
2026-02-27_164756,5531.110286,738,670,move,0,,115,50,P2_SWEEP,2,{}
2026-02-27_164756,5531.127126,738,672,move,0,,115,50,P2_SWEEP,2,{}
2026-02-27_164756,5531.145133,738,675,move,0,,115,50,P2_SWEEP,2,{}
2026-02-27_164756,5531.159681,738,677,move,0,,115,50,P2_SWEEP,2,{}
2026-02-27_164756,5531.175064,738,679,move,0,,115,50,P2_SWEEP,2,{}
2026-02-27_164756,5531.190581,738,682,move,0,,115,50,P2_SWEEP,2,{}
2026-02-27_164756,5531.205951,738,684,move,0,,115,50,P2_SWEEP,2,{}
2026-02-27_164756,5531.221336,738,685,move,0,,115,50,P2_SWEEP,2,{}
2026-02-27_164756,5531.236536,738,686,move,0,,115,50,P2_SWEEP,2,{}
2026-02-27_164756,5531.252527,738,686,move,0,,115,50,P2_SWEEP,2,{}
2026-02-27_164756,5531.260579,737,686,move,0,,115,50,P2_SWEEP,2,{}
2026-02-27_164756,5531.268638,737,686,move,0,,115,50,P2_SWEEP,2,{}
2026-02-27_164756,5531.276906,737,686,move,0,,115,50,P2_SWEEP,2,{}
2026-02-27_164756,5531.296566,736,686,move,0,,115,50,P2_SWEEP,2,{}
2026-02-27_164756,5531.311473,735,687,move,0,,115,50,P2_SWEEP,2,{}
2026-02-27_164756,5531.328301,732,687,move,0,,115,50,P2_SWEEP,2,{}
2026-02-27_164756,5531.335775,728,687,down,1,left,116,50,P2_SWEEP,2,{}
2026-02-27_164756,5531.336371,728,687,move,1,,116,50,P2_SWEEP,2,{}
2026-02-27_164756,5531.345665,728,687,move,1,,116,50,P2_SWEEP,2,{}
2026-02-27_164756,5531.359492,728,687,move,1,,116,50,P2_SWEEP,2,{}
2026-02-27_164756,5531.376251,726,687,move,1,,116,50,P2_SWEEP,2,{}
2026-02-27_164756,5531.392293,725,687,move,1,,116,50,P2_SWEEP,2,{}
2026-02-27_164756,5531.408529,725,687,move,1,,116,50,P2_SWEEP,2,{}
2026-02-27_164756,5531.418728,725,687,target_end,1,,116,50,P2_SWEEP,2,"{""outcome"": ""HIT""}"
2026-02-27_164756,5531.418892,725,687,up,1,left,116,50,P2_SWEEP,2,"{""hold_ms"": 82.797}"
2026-02-27_164756,5531.418928,725,687,move,0,,116,,,,{}
2026-02-27_164756,5531.439593,725,687,move,0,,116,,,,{}
2026-02-27_164756,5531.455348,725,687,move,0,,116,,,,{}
2026-02-27_164756,5531.470731,725,687,move,0,,116,,,,{}
2026-02-27_164756,5531.486595,725,687,move,0,,116,,,,{}
2026-02-27_164756,5531.494638,725,686,move,0,,116,,,,{}
2026-02-27_164756,5531.502896,725,686,move,0,,116,,,,{}
2026-02-27_164756,5531.517903,725,686,move,0,,116,,,,{}
2026-02-27_164756,5531.533908,725,686,move,0,,116,,,,{}
2026-02-27_164756,5531.549536,725,686,move,0,,116,,,,{}
2026-02-27_164756,5531.565521,725,686,move,0,,116,,,,{}
2026-02-27_164756,5531.580551,726,684,move,0,,116,,,,{}
2026-02-27_164756,5531.594776,729,680,move,0,,116,,,,{}
2026-02-27_164756,5531.609533,734,672,move,0,,116,,,,{}
2026-02-27_164756,5531.626646,741,658,move,0,,116,,,,{}
2026-02-27_164756,5531.642711,748,621,move,0,,116,,,,{}
2026-02-27_164756,5531.659237,751,602,move,0,,116,,,,{}
2026-02-27_164756,5531.675143,753,556,move,0,,116,,,,{}
2026-02-27_164756,5531.690327,753,522,move,0,,116,,,,{}
2026-02-27_164756,5531.70539,752,503,move,0,,116,,,,{}
2026-02-27_164756,5531.721563,749,479,move,0,,116,,,,{}
2026-02-27_164756,5531.736837,748,475,move,0,,116,,,,{}
2026-02-27_164756,5531.752423,746,469,move,0,,116,,,,{}
2026-02-27_164756,5531.760572,743,463,move,0,,116,,,,{}
2026-02-27_164756,5531.768643,743,463,move,0,,116,,,,{}
2026-02-27_164756,5531.77683,743,463,move,0,,116,,,,{}
2026-02-27_164756,5531.784923,738,445,move,0,,116,,,,{}
2026-02-27_164756,5531.794297,738,445,move,0,,116,,,,{}
2026-02-27_164756,5531.809814,734,437,move,0,,116,,,,{}
2026-02-27_164756,5531.817877,733,434,move,0,,116,,,,{}
2026-02-27_164756,5531.82599,733,434,move,0,,116,,,,{}
2026-02-27_164756,5531.843947,732,432,move,0,,116,,,,{}
2026-02-27_164756,5531.859163,730,430,move,0,,116,,,,{}
2026-02-27_164756,5531.875807,729,428,move,0,,116,,,,{}
2026-02-27_164756,5531.892158,728,425,move,0,,116,,,,{}
2026-02-27_164756,5531.907159,725,423,move,0,,116,,,,{}
2026-02-27_164756,5531.923176,725,422,move,0,,116,,,,{}
2026-02-27_164756,5531.938789,724,422,move,0,,116,,,,{}
2026-02-27_164756,5531.954865,724,422,move,0,,116,,,,{}
2026-02-27_164756,5531.970853,724,422,move,0,,116,,,,{}
2026-02-27_164756,5531.986869,723,422,move,0,,116,,,,{}
2026-02-27_164756,5531.994928,722,422,move,0,,116,,,,{}
2026-02-27_164756,5532.00298,722,422,move,0,,116,,,,{}
2026-02-27_164756,5532.01776,722,422,move,0,,116,,,,{}
2026-02-27_164756,5532.033073,722,422,move,0,,116,,,,{}
2026-02-27_164756,5532.043412,722,422,move,0,,116,,,,{}
2026-02-27_164756,5532.060487,721,422,move,0,,116,,,,{}
2026-02-27_164756,5532.076796,720,422,move,0,,116,,,,{}
2026-02-27_164756,5532.093122,719,422,move,0,,116,,,,{}
2026-02-27_164756,5532.109581,717,423,move,0,,116,,,,{}
2026-02-27_164756,5532.126479,715,425,move,0,,116,,,,{}
2026-02-27_164756,5532.141675,713,425,move,0,,116,,,,{}
2026-02-27_164756,5532.157341,713,426,move,0,,116,,,,{}
2026-02-27_164756,5532.167843,713,426,target_spawn,1,,117,51,P2_SWEEP,2,"{""label"": ""P2_SWEEP"", ""size"": 46}"
2026-02-27_164756,5532.167865,713,426,down,1,left,117,0,BASE,0,{}
2026-02-27_164756,5532.167922,713,426,move,1,,117,51,P2_SWEEP,2,{}
2026-02-27_164756,5532.188716,713,426,move,1,,117,51,P2_SWEEP,2,{}
2026-02-27_164756,5532.203759,713,426,move,1,,117,51,P2_SWEEP,2,{}
2026-02-27_164756,5532.219612,713,426,move,1,,117,51,P2_SWEEP,2,{}
2026-02-27_164756,5532.234764,713,426,move,1,,117,51,P2_SWEEP,2,{}
2026-02-27_164756,5532.250786,713,426,move,1,,117,51,P2_SWEEP,2,{}
2026-02-27_164756,5532.257906,713,426,up,1,left,117,,,,"{""hold_ms"": 90.199}"
2026-02-27_164756,5532.258838,713,426,move,0,,117,51,P2_SWEEP,2,{}
2026-02-27_164756,5532.266883,713,426,move,0,,117,51,P2_SWEEP,2,{}
2026-02-27_164756,5532.282506,713,426,move,0,,117,51,P2_SWEEP,2,{}
2026-02-27_164756,5532.297971,713,426,move,0,,117,51,P2_SWEEP,2,{}
2026-02-27_164756,5532.313181,713,426,move,0,,117,51,P2_SWEEP,2,{}
2026-02-27_164756,5532.329174,713,426,move,0,,117,51,P2_SWEEP,2,{}
2026-02-27_164756,5532.343129,713,426,move,0,,117,51,P2_SWEEP,2,{}
2026-02-27_164756,5532.360376,713,428,move,0,,117,51,P2_SWEEP,2,{}
2026-02-27_164756,5532.376393,715,430,move,0,,117,51,P2_SWEEP,2,{}
2026-02-27_164756,5532.391879,715,432,move,0,,117,51,P2_SWEEP,2,{}
2026-02-27_164756,5532.407035,715,432,move,0,,117,51,P2_SWEEP,2,{}
2026-02-27_164756,5532.422128,715,432,move,0,,117,51,P2_SWEEP,2,{}
2026-02-27_164756,5532.438102,715,432,move,0,,117,51,P2_SWEEP,2,{}
2026-02-27_164756,5532.454156,715,432,move,0,,117,51,P2_SWEEP,2,{}
2026-02-27_164756,5532.470209,715,432,move,0,,117,51,P2_SWEEP,2,{}
2026-02-27_164756,5532.48581,715,432,move,0,,117,51,P2_SWEEP,2,{}
2026-02-27_164756,5532.494012,715,431,move,0,,117,51,P2_SWEEP,2,{}
2026-02-27_164756,5532.50206,715,431,move,0,,117,51,P2_SWEEP,2,{}
2026-02-27_164756,5532.512237,715,431,move,0,,117,51,P2_SWEEP,2,{}
2026-02-27_164756,5532.526742,715,430,move,0,,117,51,P2_SWEEP,2,{}
2026-02-27_164756,5532.543339,714,429,move,0,,117,51,P2_SWEEP,2,{}
2026-02-27_164756,5532.559916,712,426,move,0,,117,51,P2_SWEEP,2,{}
2026-02-27_164756,5532.576329,711,426,move,0,,117,51,P2_SWEEP,2,{}
2026-02-27_164756,5532.59272,711,425,move,0,,117,51,P2_SWEEP,2,{}
2026-02-27_164756,5532.609507,709,425,move,0,,117,51,P2_SWEEP,2,{}
2026-02-27_164756,5532.625832,707,426,move,0,,117,51,P2_SWEEP,2,{}
2026-02-27_164756,5532.641637,706,427,move,0,,117,51,P2_SWEEP,2,{}
2026-02-27_164756,5532.657113,705,428,move,0,,117,51,P2_SWEEP,2,{}
2026-02-27_164756,5532.672344,704,429,move,0,,117,51,P2_SWEEP,2,{}
2026-02-27_164756,5532.687234,702,431,move,0,,117,51,P2_SWEEP,2,{}
2026-02-27_164756,5532.702814,701,433,move,0,,117,51,P2_SWEEP,2,{}
2026-02-27_164756,5532.711266,701,433,move,0,,117,51,P2_SWEEP,2,{}
2026-02-27_164756,5532.726491,699,435,move,0,,117,51,P2_SWEEP,2,{}
2026-02-27_164756,5532.744329,698,437,move,0,,117,51,P2_SWEEP,2,{}
2026-02-27_164756,5532.759785,697,439,move,0,,117,51,P2_SWEEP,2,{}
2026-02-27_164756,5532.779993,696,439,move,0,,117,51,P2_SWEEP,2,{}
2026-02-27_164756,5532.793468,696,439,move,0,,117,51,P2_SWEEP,2,{}
2026-02-27_164756,5532.810438,696,440,move,0,,117,51,P2_SWEEP,2,{}
2026-02-27_164756,5532.825767,696,440,move,0,,117,51,P2_SWEEP,2,{}
2026-02-27_164756,5532.841771,696,440,move,0,,117,51,P2_SWEEP,2,{}
2026-02-27_164756,5532.856489,696,440,move,0,,117,51,P2_SWEEP,2,{}
2026-02-27_164756,5532.871249,696,440,move,0,,117,51,P2_SWEEP,2,{}
2026-02-27_164756,5532.887457,696,440,move,0,,117,51,P2_SWEEP,2,{}
2026-02-27_164756,5532.895537,695,440,move,0,,117,51,P2_SWEEP,2,{}
2026-02-27_164756,5532.903593,695,440,move,0,,117,51,P2_SWEEP,2,{}
2026-02-27_164756,5532.918613,690,435,move,0,,117,51,P2_SWEEP,2,{}
2026-02-27_164756,5532.92667,681,430,move,0,,117,51,P2_SWEEP,2,{}
2026-02-27_164756,5532.936077,681,430,move,0,,117,51,P2_SWEEP,2,{}
2026-02-27_164756,5532.944125,667,421,move,0,,117,51,P2_SWEEP,2,{}
2026-02-27_164756,5532.961666,667,421,move,0,,117,51,P2_SWEEP,2,{}
2026-02-27_164756,5532.978095,639,405,move,0,,117,51,P2_SWEEP,2,{}
2026-02-27_164756,5532.994441,560,366,move,0,,117,51,P2_SWEEP,2,{}
2026-02-27_164756,5533.010697,518,346,move,0,,117,51,P2_SWEEP,2,{}
2026-02-27_164756,5533.026428,446,309,move,0,,117,51,P2_SWEEP,2,{}
2026-02-27_164756,5533.042096,401,288,move,0,,117,51,P2_SWEEP,2,{}
2026-02-27_164756,5533.057435,358,270,move,0,,117,51,P2_SWEEP,2,{}
2026-02-27_164756,5533.07276,328,257,move,0,,117,51,P2_SWEEP,2,{}
2026-02-27_164756,5533.088143,317,250,move,0,,117,51,P2_SWEEP,2,{}
2026-02-27_164756,5533.103863,312,246,move,0,,117,51,P2_SWEEP,2,{}
2026-02-27_164756,5533.119713,311,245,move,0,,117,51,P2_SWEEP,2,{}
2026-02-27_164756,5533.135019,310,244,move,0,,117,51,P2_SWEEP,2,{}
2026-02-27_164756,5533.143088,307,243,move,0,,117,51,P2_SWEEP,2,{}
2026-02-27_164756,5533.151156,307,243,move,0,,117,51,P2_SWEEP,2,{}
2026-02-27_164756,5533.16057,307,243,move,0,,117,51,P2_SWEEP,2,{}
2026-02-27_164756,5533.175522,305,242,move,0,,117,51,P2_SWEEP,2,{}
2026-02-27_164756,5533.184311,304,242,move,0,,117,51,P2_SWEEP,2,{}
2026-02-27_164756,5533.193479,304,242,move,0,,117,51,P2_SWEEP,2,{}
2026-02-27_164756,5533.209392,302,241,move,0,,117,51,P2_SWEEP,2,{}
2026-02-27_164756,5533.225848,299,241,move,0,,117,51,P2_SWEEP,2,{}
2026-02-27_164756,5533.242947,296,240,move,0,,117,51,P2_SWEEP,2,{}
2026-02-27_164756,5533.259331,291,239,move,0,,117,51,P2_SWEEP,2,{}
2026-02-27_164756,5533.275219,280,236,move,0,,117,51,P2_SWEEP,2,{}
2026-02-27_164756,5533.287464,280,236,move,0,,117,51,P2_SWEEP,2,{}
2026-02-27_164756,5533.303956,240,228,move,0,,117,51,P2_SWEEP,2,{}
2026-02-27_164756,5533.322672,203,223,move,0,,117,51,P2_SWEEP,2,{}
2026-02-27_164756,5533.338566,183,220,move,0,,117,51,P2_SWEEP,2,{}
2026-02-27_164756,5533.353897,160,219,move,0,,117,51,P2_SWEEP,2,{}
2026-02-27_164756,5533.369577,136,214,move,0,,117,51,P2_SWEEP,2,{}
2026-02-27_164756,5533.385337,128,212,move,0,,117,51,P2_SWEEP,2,{}
2026-02-27_164756,5533.393404,124,209,move,0,,117,51,P2_SWEEP,2,{}
2026-02-27_164756,5533.401454,124,209,move,0,,117,51,P2_SWEEP,2,{}
2026-02-27_164756,5533.409502,118,205,move,0,,117,51,P2_SWEEP,2,{}
2026-02-27_164756,5533.426399,118,205,move,0,,117,51,P2_SWEEP,2,{}
2026-02-27_164756,5533.442845,113,201,move,0,,117,51,P2_SWEEP,2,{}
2026-02-27_164756,5533.462113,113,199,move,0,,117,51,P2_SWEEP,2,{}
2026-02-27_164756,5533.476224,112,199,move,0,,117,51,P2_SWEEP,2,{}
2026-02-27_164756,5533.493443,112,198,move,0,,117,51,P2_SWEEP,2,{}
2026-02-27_164756,5533.509799,111,197,move,0,,117,51,P2_SWEEP,2,{}
2026-02-27_164756,5533.525182,110,195,move,0,,117,51,P2_SWEEP,2,{}
2026-02-27_164756,5533.541051,108,193,move,0,,117,51,P2_SWEEP,2,{}
2026-02-27_164756,5533.557123,106,191,move,0,,117,51,P2_SWEEP,2,{}
2026-02-27_164756,5533.571588,104,189,move,0,,117,51,P2_SWEEP,2,{}
2026-02-27_164756,5533.587686,101,187,move,0,,117,51,P2_SWEEP,2,{}
2026-02-27_164756,5533.603533,98,184,move,0,,117,51,P2_SWEEP,2,{}
2026-02-27_164756,5533.618677,97,183,move,0,,117,51,P2_SWEEP,2,{}
2026-02-27_164756,5533.634461,96,182,move,0,,117,51,P2_SWEEP,2,{}
2026-02-27_164756,5533.642572,95,181,move,0,,117,51,P2_SWEEP,2,{}
2026-02-27_164756,5533.650656,95,181,move,0,,117,51,P2_SWEEP,2,{}
2026-02-27_164756,5533.659135,95,181,move,0,,117,51,P2_SWEEP,2,{}
2026-02-27_164756,5533.67546,92,180,move,0,,117,51,P2_SWEEP,2,{}
2026-02-27_164756,5533.683529,86,179,move,0,,117,51,P2_SWEEP,2,{}
2026-02-27_164756,5533.692436,86,179,move,0,,117,51,P2_SWEEP,2,{}
2026-02-27_164756,5533.711162,83,178,move,0,,117,51,P2_SWEEP,2,{}
2026-02-27_164756,5533.726685,83,178,move,0,,117,51,P2_SWEEP,2,{}
2026-02-27_164756,5533.728023,83,178,down,1,left,118,51,P2_SWEEP,2,{}
2026-02-27_164756,5533.742435,83,178,move,1,,118,51,P2_SWEEP,2,{}
2026-02-27_164756,5533.758007,83,178,move,1,,118,51,P2_SWEEP,2,{}
2026-02-27_164756,5533.773303,83,178,move,1,,118,51,P2_SWEEP,2,{}
2026-02-27_164756,5533.788626,83,178,move,1,,118,51,P2_SWEEP,2,{}
2026-02-27_164756,5533.803958,83,178,move,1,,118,51,P2_SWEEP,2,{}
2026-02-27_164756,5533.818277,83,178,target_end,1,,118,51,P2_SWEEP,2,"{""outcome"": ""HIT""}"
2026-02-27_164756,5533.818445,83,178,up,1,left,118,51,P2_SWEEP,2,"{""hold_ms"": 89.998}"
2026-02-27_164756,5533.818484,83,178,move,0,,118,,,,{}
2026-02-27_164756,5533.835726,83,178,move,0,,118,,,,{}
2026-02-27_164756,5533.851815,83,178,move,0,,118,,,,{}
2026-02-27_164756,5533.867402,83,178,move,0,,118,,,,{}
2026-02-27_164756,5533.882556,83,178,move,0,,118,,,,{}
2026-02-27_164756,5533.898439,83,178,move,0,,118,,,,{}
2026-02-27_164756,5533.914197,83,178,move,0,,118,,,,{}
2026-02-27_164756,5533.929562,83,178,move,0,,118,,,,{}
2026-02-27_164756,5533.944825,83,178,move,0,,118,,,,{}
2026-02-27_164756,5533.959556,83,178,move,0,,118,,,,{}
2026-02-27_164756,5533.97693,84,178,move,0,,118,,,,{}
2026-02-27_164756,5533.992463,87,178,move,0,,118,,,,{}
2026-02-27_164756,5534.008419,90,178,move,0,,118,,,,{}
2026-02-27_164756,5534.023723,99,180,move,0,,118,,,,{}
2026-02-27_164756,5534.03908,116,187,move,0,,118,,,,{}
2026-02-27_164756,5534.054633,140,198,move,0,,118,,,,{}
2026-02-27_164756,5534.069947,171,210,move,0,,118,,,,{}
2026-02-27_164756,5534.085784,198,223,move,0,,118,,,,{}
2026-02-27_164756,5534.101576,241,238,move,0,,118,,,,{}
2026-02-27_164756,5534.110342,241,238,move,0,,118,,,,{}
2026-02-27_164756,5534.125159,308,260,move,0,,118,,,,{}
2026-02-27_164756,5534.133251,355,273,move,0,,118,,,,{}
2026-02-27_164756,5534.142462,355,273,move,0,,118,,,,{}
2026-02-27_164756,5534.158483,390,283,move,0,,118,,,,{}
2026-02-27_164756,5534.175997,439,294,move,0,,118,,,,{}
2026-02-27_164756,5534.192209,484,302,move,0,,118,,,,{}
2026-02-27_164756,5534.208514,537,313,move,0,,118,,,,{}
2026-02-27_164756,5534.224997,566,320,move,0,,118,,,,{}
2026-02-27_164756,5534.240471,605,331,move,0,,118,,,,{}
2026-02-27_164756,5534.255669,629,338,move,0,,118,,,,{}
2026-02-27_164756,5534.271207,640,342,move,0,,118,,,,{}
2026-02-27_164756,5534.287151,655,349,move,0,,118,,,,{}
2026-02-27_164756,5534.302918,659,352,move,0,,118,,,,{}
2026-02-27_164756,5534.318199,661,354,move,0,,118,,,,{}
2026-02-27_164756,5534.326259,661,355,move,0,,118,,,,{}
2026-02-27_164756,5534.334313,661,355,move,0,,118,,,,{}
2026-02-27_164756,5534.342643,661,355,move,0,,118,,,,{}
2026-02-27_164756,5534.36055,662,356,move,0,,118,,,,{}
2026-02-27_164756,5534.375515,662,358,move,0,,118,,,,{}
2026-02-27_164756,5534.393495,664,360,move,0,,118,,,,{}
2026-02-27_164756,5534.40959,664,362,move,0,,118,,,,{}
2026-02-27_164756,5534.425711,665,364,move,0,,118,,,,{}
2026-02-27_164756,5534.441842,665,366,move,0,,118,,,,{}
2026-02-27_164756,5534.457711,665,367,move,0,,118,,,,{}
2026-02-27_164756,5534.472974,665,369,move,0,,118,,,,{}
2026-02-27_164756,5534.488534,672,377,move,0,,118,,,,{}
2026-02-27_164756,5534.503759,682,389,move,0,,118,,,,{}
2026-02-27_164756,5534.518943,690,399,move,0,,118,,,,{}
2026-02-27_164756,5534.534339,701,411,move,0,,118,,,,{}
2026-02-27_164756,5534.544052,701,411,move,0,,118,,,,{}
2026-02-27_164756,5534.552129,709,420,move,0,,118,,,,{}
2026-02-27_164756,5534.560185,718,429,move,0,,118,,,,{}
2026-02-27_164756,5534.576073,718,429,move,0,,118,,,,{}
2026-02-27_164756,5534.59192,722,434,move,0,,118,,,,{}
2026-02-27_164756,5534.609348,724,437,move,0,,118,,,,{}
2026-02-27_164756,5534.627487,725,438,move,0,,118,,,,{}
2026-02-27_164756,5534.644588,725,438,target_spawn,1,,119,52,P2_SWEEP,2,"{""label"": ""P2_SWEEP"", ""size"": 46}"
2026-02-27_164756,5534.644611,725,438,down,1,left,119,0,BASE,0,{}
2026-02-27_164756,5534.644644,725,438,move,1,,119,52,P2_SWEEP,2,{}
2026-02-27_164756,5534.658663,725,438,move,1,,119,52,P2_SWEEP,2,{}
2026-02-27_164756,5534.67513,725,438,move,1,,119,52,P2_SWEEP,2,{}
2026-02-27_164756,5534.690646,725,438,move,1,,119,52,P2_SWEEP,2,{}
2026-02-27_164756,5534.70626,725,438,move,1,,119,52,P2_SWEEP,2,{}
2026-02-27_164756,5534.721631,725,438,move,1,,119,52,P2_SWEEP,2,{}
2026-02-27_164756,5534.737624,725,438,move,1,,119,52,P2_SWEEP,2,{}
2026-02-27_164756,5534.753169,725,438,move,1,,119,52,P2_SWEEP,2,{}
2026-02-27_164756,5534.755587,725,438,up,1,left,119,,,,"{""hold_ms"": 111.136}"
2026-02-27_164756,5534.761239,725,438,move,0,,119,52,P2_SWEEP,2,{}
2026-02-27_164756,5534.769295,725,438,move,0,,119,52,P2_SWEEP,2,{}
2026-02-27_164756,5534.784035,725,438,move,0,,119,52,P2_SWEEP,2,{}
2026-02-27_164756,5534.799372,725,438,move,0,,119,52,P2_SWEEP,2,{}
2026-02-27_164756,5534.814656,725,438,move,0,,119,52,P2_SWEEP,2,{}
2026-02-27_164756,5534.829857,725,438,move,0,,119,52,P2_SWEEP,2,{}
2026-02-27_164756,5534.84586,725,438,move,0,,119,52,P2_SWEEP,2,{}
2026-02-27_164756,5534.861526,725,438,move,0,,119,52,P2_SWEEP,2,{}
2026-02-27_164756,5534.877078,725,438,move,0,,119,52,P2_SWEEP,2,{}
2026-02-27_164756,5534.892961,725,438,move,0,,119,52,P2_SWEEP,2,{}
2026-02-27_164756,5534.908247,725,438,move,0,,119,52,P2_SWEEP,2,{}
2026-02-27_164756,5534.923602,725,437,move,0,,119,52,P2_SWEEP,2,{}
2026-02-27_164756,5534.939296,725,437,move,0,,119,52,P2_SWEEP,2,{}
2026-02-27_164756,5534.954993,725,436,move,0,,119,52,P2_SWEEP,2,{}
2026-02-27_164756,5534.971535,725,435,move,0,,119,52,P2_SWEEP,2,{}
2026-02-27_164756,5534.986028,727,432,move,0,,119,52,P2_SWEEP,2,{}
2026-02-27_164756,5534.994098,736,429,move,0,,119,52,P2_SWEEP,2,{}
2026-02-27_164756,5535.002157,736,429,move,0,,119,52,P2_SWEEP,2,{}
2026-02-27_164756,5535.010213,746,424,move,0,,119,52,P2_SWEEP,2,{}
2026-02-27_164756,5535.018368,746,424,move,0,,119,52,P2_SWEEP,2,{}
2026-02-27_164756,5535.027026,746,424,move,0,,119,52,P2_SWEEP,2,{}
2026-02-27_164756,5535.042451,789,403,move,0,,119,52,P2_SWEEP,2,{}
2026-02-27_164756,5535.050881,831,387,move,0,,119,52,P2_SWEEP,2,{}
2026-02-27_164756,5535.058946,864,373,move,0,,119,52,P2_SWEEP,2,{}
2026-02-27_164756,5535.075636,864,373,move,0,,119,52,P2_SWEEP,2,{}
2026-02-27_164756,5535.092765,937,340,move,0,,119,52,P2_SWEEP,2,{}
2026-02-27_164756,5535.108678,1036,296,move,0,,119,52,P2_SWEEP,2,{}
2026-02-27_164756,5535.125465,1088,274,move,0,,119,52,P2_SWEEP,2,{}
2026-02-27_164756,5535.141396,1147,249,move,0,,119,52,P2_SWEEP,2,{}
2026-02-27_164756,5535.156855,1182,233,move,0,,119,52,P2_SWEEP,2,{}
2026-02-27_164756,5535.172982,1216,214,move,0,,119,52,P2_SWEEP,2,{}
2026-02-27_164756,5535.189037,1232,201,move,0,,119,52,P2_SWEEP,2,{}
2026-02-27_164756,5535.204809,1241,194,move,0,,119,52,P2_SWEEP,2,{}
2026-02-27_164756,5535.2205,1248,189,move,0,,119,52,P2_SWEEP,2,{}
2026-02-27_164756,5535.235783,1258,183,move,0,,119,52,P2_SWEEP,2,{}
2026-02-27_164756,5535.251902,1262,181,move,0,,119,52,P2_SWEEP,2,{}
2026-02-27_164756,5535.267135,1268,177,move,0,,119,52,P2_SWEEP,2,{}
2026-02-27_164756,5535.275444,1268,177,move,0,,119,52,P2_SWEEP,2,{}
2026-02-27_164756,5535.283519,1271,175,move,0,,119,52,P2_SWEEP,2,{}
2026-02-27_164756,5535.291567,1275,173,move,0,,119,52,P2_SWEEP,2,{}
2026-02-27_164756,5535.299907,1275,173,move,0,,119,52,P2_SWEEP,2,{}
2026-02-27_164756,5535.308382,1275,173,move,0,,119,52,P2_SWEEP,2,{}
2026-02-27_164756,5535.326779,1278,171,move,0,,119,52,P2_SWEEP,2,{}
2026-02-27_164756,5535.341761,1283,165,move,0,,119,52,P2_SWEEP,2,{}
2026-02-27_164756,5535.358484,1289,162,move,0,,119,52,P2_SWEEP,2,{}
2026-02-27_164756,5535.376774,1304,155,move,0,,119,52,P2_SWEEP,2,{}
2026-02-27_164756,5535.393472,1320,149,move,0,,119,52,P2_SWEEP,2,{}
2026-02-27_164756,5535.409328,1346,147,move,0,,119,52,P2_SWEEP,2,{}
2026-02-27_164756,5535.424132,1357,147,move,0,,119,52,P2_SWEEP,2,{}
2026-02-27_164756,5535.439994,1365,150,move,0,,119,52,P2_SWEEP,2,{}
2026-02-27_164756,5535.455094,1370,152,move,0,,119,52,P2_SWEEP,2,{}
2026-02-27_164756,5535.471125,1375,155,move,0,,119,52,P2_SWEEP,2,{}
2026-02-27_164756,5535.486981,1377,157,move,0,,119,52,P2_SWEEP,2,{}
2026-02-27_164756,5535.502242,1379,158,move,0,,119,52,P2_SWEEP,2,{}
2026-02-27_164756,5535.510321,1381,159,move,0,,119,52,P2_SWEEP,2,{}
2026-02-27_164756,5535.518396,1381,159,move,0,,119,52,P2_SWEEP,2,{}
2026-02-27_164756,5535.521025,1381,159,down,1,left,120,52,P2_SWEEP,2,{}
2026-02-27_164756,5535.521039,1381,159,misclick,1,,120,52,P2_SWEEP,2,{}
2026-02-27_164756,5535.533139,1381,159,move,1,,120,52,P2_SWEEP,2,{}
2026-02-27_164756,5535.548579,1381,159,move,1,,120,52,P2_SWEEP,2,{}
2026-02-27_164756,5535.558842,1381,159,move,1,,120,52,P2_SWEEP,2,{}
2026-02-27_164756,5535.580625,1382,159,move,1,,120,52,P2_SWEEP,2,{}
2026-02-27_164756,5535.596082,1382,159,move,1,,120,52,P2_SWEEP,2,{}
2026-02-27_164756,5535.611613,1382,159,move,1,,120,52,P2_SWEEP,2,{}
2026-02-27_164756,5535.627139,1382,159,move,1,,120,52,P2_SWEEP,2,{}
2026-02-27_164756,5535.640795,1382,159,up,1,left,120,,,,"{""hold_ms"": 119.906}"
2026-02-27_164756,5535.64085,1382,159,move,0,,120,52,P2_SWEEP,2,{}
2026-02-27_164756,5535.658024,1382,159,move,0,,120,52,P2_SWEEP,2,{}
2026-02-27_164756,5535.673069,1382,159,move,0,,120,52,P2_SWEEP,2,{}
2026-02-27_164756,5535.689121,1382,159,move,0,,120,52,P2_SWEEP,2,{}
2026-02-27_164756,5535.705108,1382,159,move,0,,120,52,P2_SWEEP,2,{}
2026-02-27_164756,5535.72092,1382,159,move,0,,120,52,P2_SWEEP,2,{}
2026-02-27_164756,5535.735875,1382,160,move,0,,120,52,P2_SWEEP,2,{}
2026-02-27_164756,5535.751229,1382,160,move,0,,120,52,P2_SWEEP,2,{}
2026-02-27_164756,5535.76637,1382,160,move,0,,120,52,P2_SWEEP,2,{}
2026-02-27_164756,5535.775302,1382,160,move,0,,120,52,P2_SWEEP,2,{}
2026-02-27_164756,5535.794278,1380,160,move,0,,120,52,P2_SWEEP,2,{}
2026-02-27_164756,5535.808256,1379,161,move,0,,120,52,P2_SWEEP,2,{}
2026-02-27_164756,5535.825077,1377,161,move,0,,120,52,P2_SWEEP,2,{}
2026-02-27_164756,5535.84268,1375,161,move,0,,120,52,P2_SWEEP,2,{}
2026-02-27_164756,5535.858288,1375,161,move,0,,120,52,P2_SWEEP,2,{}
2026-02-27_164756,5535.874676,1373,161,move,0,,120,52,P2_SWEEP,2,{}
2026-02-27_164756,5535.89068,1373,161,move,0,,120,52,P2_SWEEP,2,{}
2026-02-27_164756,5535.906146,1371,161,move,0,,120,52,P2_SWEEP,2,{}
2026-02-27_164756,5535.921337,1368,162,move,0,,120,52,P2_SWEEP,2,{}
2026-02-27_164756,5535.937029,1367,162,move,0,,120,52,P2_SWEEP,2,{}
2026-02-27_164756,5535.952798,1366,162,move,0,,120,52,P2_SWEEP,2,{}
2026-02-27_164756,5535.967916,1366,162,move,0,,120,52,P2_SWEEP,2,{}
2026-02-27_164756,5535.970228,1366,162,down,1,left,121,52,P2_SWEEP,2,{}
2026-02-27_164756,5535.983487,1366,162,move,1,,121,52,P2_SWEEP,2,{}
2026-02-27_164756,5535.998836,1366,162,move,1,,121,52,P2_SWEEP,2,{}
2026-02-27_164756,5536.014162,1366,162,move,1,,121,52,P2_SWEEP,2,{}
2026-02-27_164756,5536.029431,1366,162,move,1,,121,52,P2_SWEEP,2,{}
2026-02-27_164756,5536.045289,1366,162,move,1,,121,52,P2_SWEEP,2,{}
2026-02-27_164756,5536.060911,1366,162,move,1,,121,52,P2_SWEEP,2,{}
2026-02-27_164756,5536.068329,1366,162,target_end,1,,121,52,P2_SWEEP,2,"{""outcome"": ""HIT""}"
2026-02-27_164756,5536.068497,1366,162,up,1,left,121,52,P2_SWEEP,2,"{""hold_ms"": 97.851}"
2026-02-27_164756,5536.068984,1366,162,move,0,,121,,,,{}
2026-02-27_164756,5536.077051,1366,162,move,0,,121,,,,{}
2026-02-27_164756,5536.092462,1366,162,move,0,,121,,,,{}
2026-02-27_164756,5536.108555,1366,162,move,0,,121,,,,{}
2026-02-27_164756,5536.12437,1366,162,move,0,,121,,,,{}
2026-02-27_164756,5536.140252,1366,162,move,0,,121,,,,{}
2026-02-27_164756,5536.155904,1366,162,move,0,,121,,,,{}
2026-02-27_164756,5536.171189,1366,162,move,0,,121,,,,{}
2026-02-27_164756,5536.185907,1366,162,move,0,,121,,,,{}
2026-02-27_164756,5536.201776,1366,162,move,0,,121,,,,{}
2026-02-27_164756,5536.217653,1366,162,move,0,,121,,,,{}
2026-02-27_164756,5536.233612,1366,162,move,0,,121,,,,{}
2026-02-27_164756,5536.248488,1366,162,move,0,,121,,,,{}
2026-02-27_164756,5536.264374,1366,162,move,0,,121,,,,{}
2026-02-27_164756,5536.28029,1366,162,move,0,,121,,,,{}
2026-02-27_164756,5536.295985,1366,162,move,0,,121,,,,{}
2026-02-27_164756,5536.312126,1366,162,move,0,,121,,,,{}
2026-02-27_164756,5536.3273,1366,162,move,0,,121,,,,{}
2026-02-27_164756,5536.342668,1366,162,move,0,,121,,,,{}
2026-02-27_164756,5536.358094,1366,162,move,0,,121,,,,{}
2026-02-27_164756,5536.373386,1366,162,move,0,,121,,,,{}
2026-02-27_164756,5536.389311,1366,162,move,0,,121,,,,{}
2026-02-27_164756,5536.404266,1366,162,move,0,,121,,,,{}
2026-02-27_164756,5536.419641,1366,162,move,0,,121,,,,{}
2026-02-27_164756,5536.435714,1366,162,move,0,,121,,,,{}
2026-02-27_164756,5536.451158,1366,162,move,0,,121,,,,{}
2026-02-27_164756,5536.466651,1366,162,move,0,,121,,,,{}
2026-02-27_164756,5536.482047,1366,162,move,0,,121,,,,{}
2026-02-27_164756,5536.497544,1366,162,move,0,,121,,,,{}
2026-02-27_164756,5536.512539,1366,162,move,0,,121,,,,{}
2026-02-27_164756,5536.527403,1366,162,move,0,,121,,,,{}
2026-02-27_164756,5536.543505,1366,162,move,0,,121,,,,{}
2026-02-27_164756,5536.558172,1366,162,move,0,,121,,,,{}
2026-02-27_164756,5536.573371,1366,161,move,0,,121,,,,{}
2026-02-27_164756,5536.588385,1366,160,move,0,,121,,,,{}
2026-02-27_164756,5536.603896,1366,159,move,0,,121,,,,{}
2026-02-27_164756,5536.619202,1366,158,move,0,,121,,,,{}
2026-02-27_164756,5536.627261,1366,157,move,0,,121,,,,{}
2026-02-27_164756,5536.635311,1366,157,move,0,,121,,,,{}
2026-02-27_164756,5536.643359,1366,156,move,0,,121,,,,{}
2026-02-27_164756,5536.660321,1366,156,move,0,,121,,,,{}
2026-02-27_164756,5536.668401,1366,154,move,0,,121,,,,{}
2026-02-27_164756,5536.68141,1366,154,move,0,,121,,,,{}
2026-02-27_164756,5536.691063,1366,154,move,0,,121,,,,{}
2026-02-27_164756,5536.712768,1366,153,move,0,,121,,,,{}
2026-02-27_164756,5536.727797,1366,153,move,0,,121,,,,{}
2026-02-27_164756,5536.743436,1366,153,move,0,,121,,,,{}
2026-02-27_164756,5536.75941,1366,153,move,0,,121,,,,{}
2026-02-27_164756,5536.774548,1366,153,move,0,,121,,,,{}
2026-02-27_164756,5536.789399,1366,153,move,0,,121,,,,{}
2026-02-27_164756,5536.805883,1366,153,move,0,,121,,,,{}
2026-02-27_164756,5536.821244,1366,153,move,0,,121,,,,{}
2026-02-27_164756,5536.835884,1366,153,move,0,,121,,,,{}
2026-02-27_164756,5536.851253,1366,153,move,0,,121,,,,{}
2026-02-27_164756,5536.866334,1366,153,move,0,,121,,,,{}
2026-02-27_164756,5536.881782,1366,153,move,0,,121,,,,{}
2026-02-27_164756,5536.897293,1366,153,move,0,,121,,,,{}
2026-02-27_164756,5536.912816,1366,153,move,0,,121,,,,{}
2026-02-27_164756,5536.927989,1366,153,move,0,,121,,,,{}
2026-02-27_164756,5536.944134,1366,153,move,0,,121,,,,{}
2026-02-27_164756,5536.960109,1366,153,move,0,,121,,,,{}
2026-02-27_164756,5536.97443,1366,153,move,0,,121,,,,{}
2026-02-27_164756,5536.990437,1366,153,move,0,,121,,,,{}
2026-02-27_164756,5537.006748,1366,153,move,0,,121,,,,{}
2026-02-27_164756,5537.021966,1366,153,move,0,,121,,,,{}
2026-02-27_164756,5537.037366,1366,153,move,0,,121,,,,{}
2026-02-27_164756,5537.053224,1366,153,move,0,,121,,,,{}
2026-02-27_164756,5537.069107,1366,153,move,0,,121,,,,{}
2026-02-27_164756,5537.084662,1366,152,move,0,,121,,,,{}
2026-02-27_164756,5537.100187,1365,151,move,0,,121,,,,{}
2026-02-27_164756,5537.108298,1365,150,move,0,,121,,,,{}
2026-02-27_164756,5537.116358,1365,150,move,0,,121,,,,{}
2026-02-27_164756,5537.125635,1365,150,move,0,,121,,,,{}
2026-02-27_164756,5537.146299,1365,149,move,0,,121,,,,{}
2026-02-27_164756,5537.161784,1365,149,move,0,,121,,,,{}
2026-02-27_164756,5537.177001,1365,149,move,0,,121,,,,{}
2026-02-27_164756,5537.192557,1365,149,move,0,,121,,,,{}
2026-02-27_164756,5537.208079,1365,149,move,0,,121,,,,{}
2026-02-27_164756,5537.224014,1365,149,move,0,,121,,,,{}
2026-02-27_164756,5537.239285,1365,149,move,0,,121,,,,{}
2026-02-27_164756,5537.254865,1365,148,move,0,,121,,,,{}
2026-02-27_164756,5537.271023,1365,148,move,0,,121,,,,{}
2026-02-27_164756,5537.286627,1365,147,move,0,,121,,,,{}
2026-02-27_164756,5537.302209,1365,147,move,0,,121,,,,{}
2026-02-27_164756,5537.317885,1365,147,move,0,,121,,,,{}
2026-02-27_164756,5537.326363,1365,147,move,0,,121,,,,{}
2026-02-27_164756,5537.334427,1365,146,move,0,,121,,,,{}
2026-02-27_164756,5537.348413,1365,146,move,0,,121,,,,{}
2026-02-27_164756,5537.363936,1365,146,move,0,,121,,,,{}
2026-02-27_164756,5537.379235,1365,146,move,0,,121,,,,{}
2026-02-27_164756,5537.394665,1365,146,move,0,,121,,,,{}
2026-02-27_164756,5537.410317,1365,146,move,0,,121,,,,{}
2026-02-27_164756,5537.425246,1364,145,move,0,,121,,,,{}
2026-02-27_164756,5537.441852,1363,145,move,0,,121,,,,{}
2026-02-27_164756,5537.457333,1361,145,move,0,,121,,,,{}
2026-02-27_164756,5537.473009,1357,143,move,0,,121,,,,{}
2026-02-27_164756,5537.488495,1348,143,move,0,,121,,,,{}
2026-02-27_164756,5537.504515,1330,143,move,0,,121,,,,{}
2026-02-27_164756,5537.520325,1320,144,move,0,,121,,,,{}
2026-02-27_164756,5537.535733,1300,149,move,0,,121,,,,{}
2026-02-27_164756,5537.551663,1263,158,move,0,,121,,,,{}
2026-02-27_164756,5537.560575,1263,158,move,0,,121,,,,{}
2026-02-27_164756,5537.574364,1219,167,move,0,,121,,,,{}
2026-02-27_164756,5537.582456,1180,176,move,0,,121,,,,{}
2026-02-27_164756,5537.591538,1180,176,move,0,,121,,,,{}
2026-02-27_164756,5537.608591,1150,181,move,0,,121,,,,{}
2026-02-27_164756,5537.624759,1124,188,move,0,,121,,,,{}
2026-02-27_164756,5537.643645,1100,195,move,0,,121,,,,{}
2026-02-27_164756,5537.65782,1064,205,move,0,,121,,,,{}
2026-02-27_164756,5537.674567,1050,212,move,0,,121,,,,{}
2026-02-27_164756,5537.68994,1044,217,move,0,,121,,,,{}
2026-02-27_164756,5537.705775,1041,220,move,0,,121,,,,{}
2026-02-27_164756,5537.721292,1040,223,move,0,,121,,,,{}
2026-02-27_164756,5537.7365,1040,226,move,0,,121,,,,{}
2026-02-27_164756,5537.752628,1040,233,move,0,,121,,,,{}
2026-02-27_164756,5537.768294,1040,240,move,0,,121,,,,{}
2026-02-27_164756,5537.783612,1040,255,move,0,,121,,,,{}
2026-02-27_164756,5537.791919,1040,255,move,0,,121,,,,{}
2026-02-27_164756,5537.800004,1040,275,move,0,,121,,,,{}
2026-02-27_164756,5537.808171,1040,287,move,0,,121,,,,{}
2026-02-27_164756,5537.824156,1040,287,move,0,,121,,,,{}
2026-02-27_164756,5537.840639,1039,294,move,0,,121,,,,{}
2026-02-27_164756,5537.858681,1035,303,move,0,,121,,,,{}
2026-02-27_164756,5537.87555,1024,315,move,0,,121,,,,{}
2026-02-27_164756,5537.891033,996,335,move,0,,121,,,,{}
2026-02-27_164756,5537.908173,978,348,move,0,,121,,,,{}
2026-02-27_164756,5537.923502,942,372,move,0,,121,,,,{}
2026-02-27_164756,5537.938801,911,390,move,0,,121,,,,{}
2026-02-27_164756,5537.954142,860,419,move,0,,121,,,,{}
2026-02-27_164756,5537.969376,823,441,move,0,,121,,,,{}
2026-02-27_164756,5537.984509,772,464,move,0,,121,,,,{}
2026-02-27_164756,5537.992681,772,464,move,0,,121,,,,{}
2026-02-27_164756,5538.000751,750,471,move,0,,121,,,,{}
2026-02-27_164756,5538.015831,717,478,move,0,,121,,,,{}
2026-02-27_164756,5538.0245,717,478,move,0,,121,,,,{}
2026-02-27_164756,5538.033311,671,484,move,0,,121,,,,{}
2026-02-27_164756,5538.041357,654,484,move,0,,121,,,,{}
2026-02-27_164756,5538.058188,654,484,move,0,,121,,,,{}
2026-02-27_164756,5538.074081,640,484,move,0,,121,,,,{}
2026-02-27_164756,5538.091779,626,484,move,0,,121,,,,{}
2026-02-27_164756,5538.109278,623,484,move,0,,121,,,,{}
2026-02-27_164756,5538.124381,621,483,move,0,,121,,,,{}
2026-02-27_164756,5538.140672,620,481,move,0,,121,,,,{}
2026-02-27_164756,5538.156757,619,479,move,0,,121,,,,{}
2026-02-27_164756,5538.171948,619,476,move,0,,121,,,,{}
2026-02-27_164756,5538.187297,619,474,move,0,,121,,,,{}
2026-02-27_164756,5538.20247,622,462,move,0,,121,,,,{}
2026-02-27_164756,5538.217673,630,455,move,0,,121,,,,{}
2026-02-27_164756,5538.233517,640,447,move,0,,121,,,,{}
2026-02-27_164756,5538.244031,640,447,move,0,,121,,,,{}
2026-02-27_164756,5538.257766,647,441,move,0,,121,,,,{}
2026-02-27_164756,5538.265822,654,439,move,0,,121,,,,{}
2026-02-27_164756,5538.273938,657,438,move,0,,121,,,,{}
2026-02-27_164756,5538.283229,657,438,move,0,,121,,,,{}
2026-02-27_164756,5538.291281,661,438,move,0,,121,,,,{}
2026-02-27_164756,5538.307186,661,438,move,0,,121,,,,{}
2026-02-27_164756,5538.324694,664,438,move,0,,121,,,,{}
2026-02-27_164756,5538.340372,666,438,move,0,,121,,,,{}
2026-02-27_164756,5538.358166,671,438,move,0,,121,,,,{}
2026-02-27_164756,5538.373597,674,438,move,0,,121,,,,{}
2026-02-27_164756,5538.390464,678,438,move,0,,121,,,,{}
2026-02-27_164756,5538.40539,682,438,move,0,,121,,,,{}
2026-02-27_164756,5538.421034,686,438,move,0,,121,,,,{}
2026-02-27_164756,5538.430258,687,437,target_spawn,1,,122,53,P2_SWEEP,2,"{""label"": ""P2_SWEEP"", ""size"": 46}"
2026-02-27_164756,5538.430281,687,437,down,1,left,122,0,BASE,0,{}
2026-02-27_164756,5538.430319,687,437,move,1,,122,53,P2_SWEEP,2,{}
2026-02-27_164756,5538.44022,687,437,move,1,,122,53,P2_SWEEP,2,{}
2026-02-27_164756,5538.451839,688,437,move,1,,122,53,P2_SWEEP,2,{}
2026-02-27_164756,5538.467319,689,437,move,1,,122,53,P2_SWEEP,2,{}
2026-02-27_164756,5538.482528,689,437,move,1,,122,53,P2_SWEEP,2,{}
2026-02-27_164756,5538.498413,689,437,move,1,,122,53,P2_SWEEP,2,{}
2026-02-27_164756,5538.514356,689,437,move,1,,122,53,P2_SWEEP,2,{}
2026-02-27_164756,5538.530344,689,437,move,1,,122,53,P2_SWEEP,2,{}
2026-02-27_164756,5538.546008,689,437,move,1,,122,53,P2_SWEEP,2,{}
2026-02-27_164756,5538.551396,689,437,up,1,left,122,,,,"{""hold_ms"": 121.272}"
2026-02-27_164756,5538.561261,689,437,move,0,,122,53,P2_SWEEP,2,{}
2026-02-27_164756,5538.576581,689,437,move,0,,122,53,P2_SWEEP,2,{}
2026-02-27_164756,5538.591886,689,437,move,0,,122,53,P2_SWEEP,2,{}
2026-02-27_164756,5538.607492,689,437,move,0,,122,53,P2_SWEEP,2,{}
2026-02-27_164756,5538.623492,689,437,move,0,,122,53,P2_SWEEP,2,{}
2026-02-27_164756,5538.639488,689,437,move,0,,122,53,P2_SWEEP,2,{}
2026-02-27_164756,5538.654763,689,437,move,0,,122,53,P2_SWEEP,2,{}
2026-02-27_164756,5538.669982,689,437,move,0,,122,53,P2_SWEEP,2,{}
2026-02-27_164756,5538.685407,689,437,move,0,,122,53,P2_SWEEP,2,{}
2026-02-27_164756,5538.700657,689,437,move,0,,122,53,P2_SWEEP,2,{}
2026-02-27_164756,5538.71653,689,437,move,0,,122,53,P2_SWEEP,2,{}
2026-02-27_164756,5538.724996,689,437,move,0,,122,53,P2_SWEEP,2,{}
2026-02-27_164756,5538.747516,685,437,move,0,,122,53,P2_SWEEP,2,{}
2026-02-27_164756,5538.76344,685,437,move,0,,122,53,P2_SWEEP,2,{}
2026-02-27_164756,5538.778791,685,437,move,0,,122,53,P2_SWEEP,2,{}
2026-02-27_164756,5538.789964,685,437,move,0,,122,53,P2_SWEEP,2,{}
2026-02-27_164756,5538.808058,665,431,move,0,,122,53,P2_SWEEP,2,{}
2026-02-27_164756,5538.823656,652,434,move,0,,122,53,P2_SWEEP,2,{}
2026-02-27_164756,5538.840887,623,450,move,0,,122,53,P2_SWEEP,2,{}
2026-02-27_164756,5538.855938,582,480,move,0,,122,53,P2_SWEEP,2,{}
2026-02-27_164756,5538.871381,502,532,move,0,,122,53,P2_SWEEP,2,{}
2026-02-27_164756,5538.887275,464,554,move,0,,122,53,P2_SWEEP,2,{}
2026-02-27_164756,5538.902608,464,554,move,0,,122,53,P2_SWEEP,2,{}
2026-02-27_164756,5538.918153,464,554,move,0,,122,53,P2_SWEEP,2,{}
2026-02-27_164756,5538.931953,464,554,move,0,,122,53,P2_SWEEP,2,{}
2026-02-27_164756,5538.94407,276,643,move,0,,122,53,P2_SWEEP,2,{}
2026-02-27_164756,5538.957506,210,663,move,0,,122,53,P2_SWEEP,2,{}
2026-02-27_164756,5538.965569,181,672,move,0,,122,53,P2_SWEEP,2,{}
2026-02-27_164756,5538.974048,181,672,move,0,,122,53,P2_SWEEP,2,{}
2026-02-27_164756,5538.991223,159,680,move,0,,122,53,P2_SWEEP,2,{}
2026-02-27_164756,5539.007938,140,687,move,0,,122,53,P2_SWEEP,2,{}
2026-02-27_164756,5539.027201,131,692,move,0,,122,53,P2_SWEEP,2,{}
2026-02-27_164756,5539.042566,131,692,move,0,,122,53,P2_SWEEP,2,{}
2026-02-27_164756,5539.057962,131,692,move,0,,122,53,P2_SWEEP,2,{}
2026-02-27_164756,5539.074522,131,692,move,0,,122,53,P2_SWEEP,2,{}
2026-02-27_164756,5539.089676,126,693,move,0,,122,53,P2_SWEEP,2,{}
2026-02-27_164756,5539.105618,123,693,move,0,,122,53,P2_SWEEP,2,{}
2026-02-27_164756,5539.12089,118,693,move,0,,122,53,P2_SWEEP,2,{}
2026-02-27_164756,5539.136323,113,692,move,0,,122,53,P2_SWEEP,2,{}
2026-02-27_164756,5539.151674,107,690,move,0,,122,53,P2_SWEEP,2,{}
2026-02-27_164756,5539.1672,106,689,move,0,,122,53,P2_SWEEP,2,{}
2026-02-27_164756,5539.182602,105,687,move,0,,122,53,P2_SWEEP,2,{}
2026-02-27_164756,5539.190715,103,683,move,0,,122,53,P2_SWEEP,2,{}
2026-02-27_164756,5539.198776,103,683,move,0,,122,53,P2_SWEEP,2,{}
2026-02-27_164756,5539.213667,103,683,move,0,,122,53,P2_SWEEP,2,{}
2026-02-27_164756,5539.229608,103,683,move,0,,122,53,P2_SWEEP,2,{}
2026-02-27_164756,5539.244468,103,683,move,0,,122,53,P2_SWEEP,2,{}
2026-02-27_164756,5539.252873,96,678,move,0,,122,53,P2_SWEEP,2,{}
2026-02-27_164756,5539.274617,90,676,move,0,,122,53,P2_SWEEP,2,{}
2026-02-27_164756,5539.290096,87,675,move,0,,122,53,P2_SWEEP,2,{}
2026-02-27_164756,5539.305622,86,675,move,0,,122,53,P2_SWEEP,2,{}
2026-02-27_164756,5539.320965,86,675,move,0,,122,53,P2_SWEEP,2,{}
2026-02-27_164756,5539.330515,86,675,down,1,left,123,53,P2_SWEEP,2,{}
2026-02-27_164756,5539.330564,86,675,move,1,,123,53,P2_SWEEP,2,{}
2026-02-27_164756,5539.351656,86,675,move,1,,123,53,P2_SWEEP,2,{}
2026-02-27_164756,5539.367523,86,675,move,1,,123,53,P2_SWEEP,2,{}
2026-02-27_164756,5539.382441,86,675,move,1,,123,53,P2_SWEEP,2,{}
2026-02-27_164756,5539.398477,86,675,move,1,,123,53,P2_SWEEP,2,{}
2026-02-27_164756,5539.407976,86,675,move,1,,123,53,P2_SWEEP,2,{}
2026-02-27_164756,5539.423952,86,674,move,1,,123,53,P2_SWEEP,2,{}
2026-02-27_164756,5539.442699,87,674,move,1,,123,53,P2_SWEEP,2,{}
2026-02-27_164756,5539.445072,88,674,target_end,1,,123,53,P2_SWEEP,2,"{""outcome"": ""HIT""}"
2026-02-27_164756,5539.445233,88,674,up,1,left,123,53,P2_SWEEP,2,"{""hold_ms"": 114.384}"
2026-02-27_164756,5539.460501,88,674,move,0,,123,,,,{}
2026-02-27_164756,5539.47613,88,674,move,0,,123,,,,{}
2026-02-27_164756,5539.491525,88,674,move,0,,123,,,,{}
2026-02-27_164756,5539.50671,88,674,move,0,,123,,,,{}
2026-02-27_164756,5539.522133,88,674,move,0,,123,,,,{}
2026-02-27_164756,5539.537175,88,674,move,0,,123,,,,{}
2026-02-27_164756,5539.548149,89,672,move,0,,123,,,,{}
2026-02-27_164756,5539.569178,96,668,move,0,,123,,,,{}
2026-02-27_164756,5539.584748,149,641,move,0,,123,,,,{}
2026-02-27_164756,5539.600355,229,615,move,0,,123,,,,{}
2026-02-27_164756,5539.608483,229,615,move,0,,123,,,,{}
2026-02-27_164756,5539.616534,369,568,move,0,,123,,,,{}
2026-02-27_164756,5539.6314,510,521,move,0,,123,,,,{}
2026-02-27_164756,5539.647126,510,521,move,0,,123,,,,{}
2026-02-27_164756,5539.663002,510,521,move,0,,123,,,,{}
2026-02-27_164756,5539.673396,804,411,move,0,,123,,,,{}
2026-02-27_164756,5539.68978,889,374,move,0,,123,,,,{}
2026-02-27_164756,5539.707418,1088,271,move,0,,123,,,,{}
2026-02-27_164756,5539.723543,1176,230,move,0,,123,,,,{}
2026-02-27_164756,5539.740432,1225,202,move,0,,123,,,,{}
2026-02-27_164756,5539.757005,1241,192,move,0,,123,,,,{}
2026-02-27_164756,5539.772541,1247,187,move,0,,123,,,,{}
2026-02-27_164756,5539.78821,1248,186,move,0,,123,,,,{}
2026-02-27_164756,5539.803191,1248,186,move,0,,123,,,,{}
2026-02-27_164756,5539.812544,1248,186,move,0,,123,,,,{}
2026-02-27_164756,5539.824033,1250,182,move,0,,123,,,,{}
2026-02-27_164756,5539.833917,1258,168,move,0,,123,,,,{}
2026-02-27_164756,5539.849678,1275,147,move,0,,123,,,,{}
2026-02-27_164756,5539.858145,1275,147,move,0,,123,,,,{}
2026-02-27_164756,5539.866207,1296,128,move,0,,123,,,,{}
2026-02-27_164756,5539.874259,1323,110,move,0,,123,,,,{}
2026-02-27_164756,5539.889678,1323,110,move,0,,123,,,,{}
2026-02-27_164756,5539.898389,1343,98,move,0,,123,,,,{}
2026-02-27_164756,5539.911371,1343,98,move,0,,123,,,,{}
2026-02-27_164756,5539.927015,1343,98,move,0,,123,,,,{}
2026-02-27_164756,5539.939076,1343,98,move,0,,123,,,,{}
2026-02-27_164756,5539.956349,1413,46,move,0,,123,,,,{}
2026-02-27_164756,5539.973804,1419,34,move,0,,123,,,,{}
2026-02-27_164756,5539.989492,1419,30,move,0,,123,,,,{}
2026-02-27_164756,5540.005329,1419,24,move,0,,123,,,,{}
2026-02-27_164756,5540.021266,1415,17,move,0,,123,,,,{}
2026-02-27_164756,5540.037342,1407,9,move,0,,123,,,,{}
2026-02-27_164756,5540.053,1407,9,move,0,,123,,,,{}
2026-02-27_164756,5540.06693,1407,9,move,0,,123,,,,{}
2026-02-27_164756,5540.075004,1396,0,move,0,,123,,,,{}
2026-02-27_164756,5540.084034,1396,0,move,0,,123,,,,{}
2026-02-27_164756,5540.092105,1396,0,move,0,,123,,,,{}
2026-02-27_164756,5540.100154,1396,0,move,0,,123,,,,{}
2026-02-27_164756,5540.115669,1396,0,move,0,,123,,,,{}
2026-02-27_164756,5540.125077,1396,0,move,0,,123,,,,{}
2026-02-27_164756,5540.142182,1396,0,move,0,,123,,,,{}
2026-02-27_164756,5540.157015,1396,0,move,0,,123,,,,{}
2026-02-27_164756,5540.178156,1396,0,move,0,,123,,,,{}
2026-02-27_164756,5540.193846,1396,0,move,0,,123,,,,{}
2026-02-27_164756,5540.204784,1396,0,move,0,,123,,,,{}
2026-02-27_164756,5540.225174,1402,0,move,0,,123,,,,{}
2026-02-27_164756,5540.2401,1402,0,move,0,,123,,,,{}
2026-02-27_164756,5540.256877,1402,0,move,0,,123,,,,{}
2026-02-27_164756,5540.27345,1403,0,move,0,,123,,,,{}
2026-02-27_164756,5540.288094,1403,0,move,0,,123,,,,{}
2026-02-27_164756,5540.30344,1403,0,move,0,,123,,,,{}
2026-02-27_164756,5540.318851,1403,0,move,0,,123,,,,{}
2026-02-27_164756,5540.335268,1403,0,move,0,,123,,,,{}
2026-02-27_164756,5540.349997,1403,0,move,0,,123,,,,{}
2026-02-27_164756,5540.358053,1403,0,move,0,,123,,,,{}
2026-02-27_164756,5540.366117,1403,0,move,0,,123,,,,{}
2026-02-27_164756,5540.374272,1403,0,move,0,,123,,,,{}
2026-02-27_164756,5540.382334,1395,0,move,0,,123,,,,{}
2026-02-27_164756,5540.390541,1395,0,move,0,,123,,,,{}
2026-02-27_164756,5540.400111,1387,0,move,0,,123,,,,{}
2026-02-27_164756,5540.408167,1378,0,move,0,,123,,,,{}
2026-02-27_164756,5540.42897,1378,0,move,0,,123,,,,{}
2026-02-27_164756,5540.444846,1378,0,move,0,,123,,,,{}
2026-02-27_164756,5540.46066,1378,0,move,0,,123,,,,{}
2026-02-27_164756,5540.475592,1347,0,move,0,,123,,,,{}
2026-02-27_164756,5540.49043,1325,0,move,0,,123,,,,{}
2026-02-27_164756,5540.505078,1325,0,move,0,,123,,,,{}
2026-02-27_164756,5540.521473,1316,0,move,0,,123,,,,{}
2026-02-27_164756,5540.537172,1315,0,move,0,,123,,,,{}
2026-02-27_164756,5540.553206,1315,0,move,0,,123,,,,{}
2026-02-27_164756,5540.569266,1315,0,move,0,,123,,,,{}
2026-02-27_164756,5540.585228,1315,0,move,0,,123,,,,{}
2026-02-27_164756,5540.600443,1315,0,move,0,,123,,,,{}
2026-02-27_164756,5540.615989,1315,0,move,0,,123,,,,{}
2026-02-27_164756,5540.624624,1315,0,move,0,,123,,,,{}
2026-02-27_164756,5540.641032,1313,0,move,0,,123,,,,{}
2026-02-27_164756,5540.662287,1311,0,move,0,,123,,,,{}
2026-02-27_164756,5540.677503,1311,0,move,0,,123,,,,{}
2026-02-27_164756,5540.69289,1311,0,move,0,,123,,,,{}
2026-02-27_164756,5540.708136,1311,0,move,0,,123,,,,{}
2026-02-27_164756,5540.723773,1311,0,move,0,,123,,,,{}
2026-02-27_164756,5540.73453,1311,0,down,1,left,124,,,,{}
2026-02-27_164756,5540.734566,1311,0,misclick,1,,124,,,,{}
2026-02-27_164756,5540.734595,1311,0,move,1,,124,,,,{}
2026-02-27_164756,5540.754369,1311,0,move,1,,124,,,,{}
2026-02-27_164756,5540.769839,1311,0,move,1,,124,,,,{}
2026-02-27_164756,5540.785992,1311,0,session_end,1,,124,,,,"{""phase"": 2, ""phase_progress"": 23}"
